archetype_id,category_code,name_ko,primary_entity_unit,estimate_status,count_low,count_base,count_high,confidence_grade,rule_hash
ARC-01-001,life_stage,전국 청년·전환기 생애주기·핵심 인구통계,person,not_estimable,,,,E,144b9f655b02161b1aeb84eb1d82bf0cdec3841e340bbc8f9847e5fd125501f2
ARC-01-002,life_stage,전국 청년·안정기 생애주기·핵심 인구통계,person,not_estimable,,,,E,c54b7e517b729c00d56e8fe69d6d64e191da526b0900121283764efacb965557
ARC-01-003,life_stage,전국 청년·1인가구 지향 생애주기·핵심 인구통계,person,not_estimable,,,,E,b38ccc3328079a99c43a9537f750d59464b46056d7109ce452699a2966ceebea
ARC-01-004,life_stage,전국 청년·돌봄 병행 생애주기·핵심 인구통계,person,not_estimable,,,,E,8c8641f110762c18ad4bfb34a608416f8b0d765694018c04cd43a936f74e2e1d
ARC-01-005,life_stage,전국 가족형성기·전환기 생애주기·핵심 인구통계,person,not_estimable,,,,E,c4e3180d320acf3d129d07e9e22d0168d991b7dbb756ec051c228792bc565925
ARC-01-006,life_stage,전국 가족형성기·안정기 생애주기·핵심 인구통계,person,not_estimable,,,,E,f5d4d726bc474a21b3561c36b69ee5451b1035266599d5060c103075c8f95ce2
ARC-01-007,life_stage,전국 가족형성기·1인가구 지향 생애주기·핵심 인구통계,person,not_estimable,,,,E,02524275c284d9c55a1bbdbbb476443157245ddebad09ab82863576b22cfd786
ARC-01-008,life_stage,전국 가족형성기·돌봄 병행 생애주기·핵심 인구통계,person,not_estimable,,,,E,7c8afe7a5679fb5fd01508c88fb47a89deee38a533d2257ef2eadaa1c95d5c8a
ARC-01-009,life_stage,전국 중년·전환기 생애주기·핵심 인구통계,person,not_estimable,,,,E,5cf1097aadc0f8c36c6a92c4ab3765fe4419589625d983f4e9651485ce5a0d58
ARC-01-010,life_stage,전국 중년·안정기 생애주기·핵심 인구통계,person,not_estimable,,,,E,cd5fda994aece275d3954846879f769236a153585de40894b1fe0e41950a01a3
ARC-01-011,life_stage,전국 중년·1인가구 지향 생애주기·핵심 인구통계,person,not_estimable,,,,E,8d09d0e3525776db1d0ff4919c6986692c824d611b653852840346854e930985
ARC-01-012,life_stage,전국 중년·돌봄 병행 생애주기·핵심 인구통계,person,not_estimable,,,,E,ca701c27bca0d198fc31fdc3d3e57e65feee72ca1a18d995e7eed6d77e00767f
ARC-01-013,life_stage,전국 시니어·전환기 생애주기·핵심 인구통계,person,not_estimable,,,,E,cb633e46f19a7c8172a1c81e44bf119c25b5d186f4dbea1341fc5170d8ece709
ARC-01-014,life_stage,전국 시니어·안정기 생애주기·핵심 인구통계,person,not_estimable,,,,E,18b2545656fe3022d4f8d53d084a85ba49f5f1802a32c3dd754afb00e347b176
ARC-01-015,life_stage,전국 시니어·1인가구 지향 생애주기·핵심 인구통계,person,not_estimable,,,,E,ba025720c94c8a215b1d3af4155245f02f2168aa4414b5eb9080bbcb1024a9cf
ARC-01-016,life_stage,전국 시니어·돌봄 병행 생애주기·핵심 인구통계,person,not_estimable,,,,E,3853d269553f7832f63682052fe81f30a856d8d3146ec40c18ec4a7edcf6a9c3
ARC-01-017,life_stage,수도권 청년·전환기 생애주기·핵심 인구통계,person,not_estimable,,,,E,656f7f3282b469cd7db2c0715d9e74e7dabd6f82b391f1b32142781439143db4
ARC-01-018,life_stage,수도권 청년·안정기 생애주기·핵심 인구통계,person,not_estimable,,,,E,7a24100eca13e5e4b9f3764710fd5a366d9e0983a078ddaeed167f68f9ce3656
ARC-01-019,life_stage,수도권 청년·1인가구 지향 생애주기·핵심 인구통계,person,not_estimable,,,,E,1163d32a1c5061c117a4ccb1de56e99b567258d8384c24f2816159e485ba858e
ARC-01-020,life_stage,수도권 청년·돌봄 병행 생애주기·핵심 인구통계,person,not_estimable,,,,E,902b4f8e3291737be41bc6989e48cdf238b7798fa02cae7a6deb28f8b687d76c
ARC-01-021,life_stage,수도권 가족형성기·전환기 생애주기·핵심 인구통계,person,not_estimable,,,,E,5908d83cf457e1b1308a35be718858ab6173ae55d50414ef1d6e0ac0b5ee5871
ARC-01-022,life_stage,수도권 가족형성기·안정기 생애주기·핵심 인구통계,person,not_estimable,,,,E,011004df7c2f5dc3d859976fffa80634a1ff2260e1144dcc858cffb1e60946d2
ARC-01-023,life_stage,수도권 가족형성기·1인가구 지향 생애주기·핵심 인구통계,person,not_estimable,,,,E,bca777437a2e8964e312ba201b281072e171b3428f6c7327c74d15f928528f1d
ARC-01-024,life_stage,수도권 가족형성기·돌봄 병행 생애주기·핵심 인구통계,person,not_estimable,,,,E,f89b71d1c65f5bb2876ec188a8928131394a81fff55ca63c08df5ac06c7406e7
ARC-01-025,life_stage,수도권 중년·전환기 생애주기·핵심 인구통계,person,not_estimable,,,,E,e6a5b7de05b06fc2b970ff1456b270de7cf06e5de4d6ac56df4f525d855b0cf7
ARC-01-026,life_stage,수도권 중년·안정기 생애주기·핵심 인구통계,person,not_estimable,,,,E,0709b4f817184795de2786fa78bb0dd2d80f2f92c8ac43c18bc33977c6cb7d3a
ARC-01-027,life_stage,수도권 중년·1인가구 지향 생애주기·핵심 인구통계,person,not_estimable,,,,E,c7d95696f9275e95e8faad754c46808d0cf87dcb1892f31011218458d6c701ff
ARC-01-028,life_stage,수도권 중년·돌봄 병행 생애주기·핵심 인구통계,person,not_estimable,,,,E,e66c93c04541ff76d6c8d0e3af176fee3f23b811e4d8c6f2cf8e273cab0ad507
ARC-01-029,life_stage,수도권 시니어·전환기 생애주기·핵심 인구통계,person,not_estimable,,,,E,17f3cc94d586864996b3c3e908c10f5282316186cb7f521927497b4441d8c275
ARC-01-030,life_stage,수도권 시니어·안정기 생애주기·핵심 인구통계,person,not_estimable,,,,E,f6c21a966ec41094d350c5e554552dc8e49731fa3aea48d02f98e68a6129a52d
ARC-01-031,life_stage,수도권 시니어·1인가구 지향 생애주기·핵심 인구통계,person,not_estimable,,,,E,78042a7c1448dadee4e139cc53d32a81dd258c3b843bab595e3e7853b1820e85
ARC-01-032,life_stage,수도권 시니어·돌봄 병행 생애주기·핵심 인구통계,person,not_estimable,,,,E,441e4083b1af95b11662d2636d2581a78d05b0d24454f3fcd67949c91f59c3ab
ARC-01-033,life_stage,충청권 청년·전환기 생애주기·핵심 인구통계,person,not_estimable,,,,E,1b2f307827c35c34938123cd45a091b016fb2aab5637d78f0d1fd7d43e1029c7
ARC-01-034,life_stage,충청권 청년·안정기 생애주기·핵심 인구통계,person,not_estimable,,,,E,eeb9ae18d5ac22e9d2dd336b9a45948d547aeecbd2bfdf1322e55c536bbab511
ARC-01-035,life_stage,충청권 청년·1인가구 지향 생애주기·핵심 인구통계,person,not_estimable,,,,E,be45dfe844efa8650bdf2f78f847aa63cf6914d214f769acb7e4d22e72d7f512
ARC-01-036,life_stage,충청권 청년·돌봄 병행 생애주기·핵심 인구통계,person,not_estimable,,,,E,a77e1b901f1769226c73d3fa82289b685e7a08cb653c66ab942bf7dcb905c9f7
ARC-01-037,life_stage,충청권 가족형성기·전환기 생애주기·핵심 인구통계,person,not_estimable,,,,E,d1908203f3c1fa674bf1b8b9cffbd4d8640bed91b0fbdf53d953805189fb353a
ARC-01-038,life_stage,충청권 가족형성기·안정기 생애주기·핵심 인구통계,person,not_estimable,,,,E,986c35a0bcaa5b9f087c8656c559e7c050c001d8d4d3a7c52303b3afa1a0aba7
ARC-01-039,life_stage,충청권 가족형성기·1인가구 지향 생애주기·핵심 인구통계,person,not_estimable,,,,E,2e1cc81af6b4027883aa023cd482a6f99ef48e6e3345c731940acffa611ec0cd
ARC-01-040,life_stage,충청권 가족형성기·돌봄 병행 생애주기·핵심 인구통계,person,not_estimable,,,,E,a2dc491337e313998fa634861e5cb72b499a356de01587431b25b5c26c7fb8aa
ARC-01-041,life_stage,충청권 중년·전환기 생애주기·핵심 인구통계,person,not_estimable,,,,E,7733f34449483327a25a856dd1920399b25d26e554a1911defde030a2ab96436
ARC-01-042,life_stage,충청권 중년·안정기 생애주기·핵심 인구통계,person,not_estimable,,,,E,3f4443472ca9e33934077774dd693db1c64815f05645f14d7f5521eb0826181f
ARC-01-043,life_stage,충청권 중년·1인가구 지향 생애주기·핵심 인구통계,person,not_estimable,,,,E,6986b33b70f98405f9470b2d77e21955bfa1da0f066934d25838356c663fcb56
ARC-01-044,life_stage,충청권 중년·돌봄 병행 생애주기·핵심 인구통계,person,not_estimable,,,,E,7f3419b845a9d66fee496f08b71710ef0350855ae4c4298906faf1363e18cdf4
ARC-01-045,life_stage,충청권 시니어·전환기 생애주기·핵심 인구통계,person,not_estimable,,,,E,27f90e2ae59dbe6b583b9b507be48adaf0161b94babf60a4dd34cb4e6f6d1dd2
ARC-01-046,life_stage,충청권 시니어·안정기 생애주기·핵심 인구통계,person,not_estimable,,,,E,305c00be465fe80864d723e87e0aeb7ce08727eafd2c1b738991023c569f840d
ARC-01-047,life_stage,충청권 시니어·1인가구 지향 생애주기·핵심 인구통계,person,not_estimable,,,,E,5dffb5153ece0b6a43b8ead2e35e9598a3e5f7c4c8700507361b16bbcf26b946
ARC-01-048,life_stage,충청권 시니어·돌봄 병행 생애주기·핵심 인구통계,person,not_estimable,,,,E,5e2e834d3a1ea45e4009603616e4f0aeab47682f39f33c5df0ba14d0ca2053b1
ARC-01-049,life_stage,호남권 청년·전환기 생애주기·핵심 인구통계,person,not_estimable,,,,E,74cc0f760331aa793af5ba75e130dddfde35e7a71a4d67eea1f9c0107099ef52
ARC-01-050,life_stage,호남권 청년·안정기 생애주기·핵심 인구통계,person,not_estimable,,,,E,5b251f1a1e509ff88619551ba41f554ebe54445d82ce62bf05903869f8bd14fb
ARC-01-051,life_stage,호남권 청년·1인가구 지향 생애주기·핵심 인구통계,person,not_estimable,,,,E,505eb9024a961196adb4be4bdb74c24d40055e1c1464a3e4a35be241661fc870
ARC-01-052,life_stage,호남권 청년·돌봄 병행 생애주기·핵심 인구통계,person,not_estimable,,,,E,5358e69561b5f5be659c636a9b9e246df780f49a60433505f70995a4e72f2f87
ARC-01-053,life_stage,호남권 가족형성기·전환기 생애주기·핵심 인구통계,person,not_estimable,,,,E,a163be2c72ae90c3012baa1e2aa77db7924125c5eaa07e9907d52b6a40189cbf
ARC-01-054,life_stage,호남권 가족형성기·안정기 생애주기·핵심 인구통계,person,not_estimable,,,,E,bc3191edf555a0acf1df5df858e5de875de90cbb17e8cce760ef6db5fed56f08
ARC-01-055,life_stage,호남권 가족형성기·1인가구 지향 생애주기·핵심 인구통계,person,not_estimable,,,,E,0bced2254ca99092f3342606d469c0e176a53cb34c21429ae9f1f3cd046666a9
ARC-01-056,life_stage,호남권 가족형성기·돌봄 병행 생애주기·핵심 인구통계,person,not_estimable,,,,E,d2becbb6721ebfce66ac0ea904566afefe568242610138b35dd7d3f50e6978f1
ARC-01-057,life_stage,호남권 중년·전환기 생애주기·핵심 인구통계,person,not_estimable,,,,E,0315e85b1a0e14c879bfe966d7fb7f170c885fc5ddf810eae1754c0993cecac7
ARC-01-058,life_stage,호남권 중년·안정기 생애주기·핵심 인구통계,person,not_estimable,,,,E,f516b2c38365e60bc22fad9e9672ac35fc45a03523d6591afb61ac23e56210fe
ARC-01-059,life_stage,호남권 중년·1인가구 지향 생애주기·핵심 인구통계,person,not_estimable,,,,E,201bc6c0f584ef50ff062a0c89a716a2574fad5bbce160f04900d9e517f24002
ARC-01-060,life_stage,호남권 중년·돌봄 병행 생애주기·핵심 인구통계,person,not_estimable,,,,E,427f582c46d05c7db99c99bd24aac0bbd64a0e266780b3b3dd85a56eb6c8bef5
ARC-01-061,life_stage,호남권 시니어·전환기 생애주기·핵심 인구통계,person,not_estimable,,,,E,653048c180fff72a72bed8f1248a168d1a76d04d88aae042517981ba08f8940b
ARC-01-062,life_stage,호남권 시니어·안정기 생애주기·핵심 인구통계,person,not_estimable,,,,E,af8f93710a8f2968e2e4a10deda4a06310ef223b1b0533da32a16cdc533dd5af
ARC-01-063,life_stage,호남권 시니어·1인가구 지향 생애주기·핵심 인구통계,person,not_estimable,,,,E,fc609cfa2b861ba76469b89dc4ab846dedafa4740981f8cbde8603117cc89175
ARC-01-064,life_stage,호남권 시니어·돌봄 병행 생애주기·핵심 인구통계,person,not_estimable,,,,E,25b8366806943b85d4d8c45935366aaae515bbf716bc3012fecf98e981971915
ARC-01-065,life_stage,영남권 청년·전환기 생애주기·핵심 인구통계,person,not_estimable,,,,E,a64617e16b826694180535217f0cf8d9982d3769aff616841ed9779328150eb6
ARC-01-066,life_stage,영남권 청년·안정기 생애주기·핵심 인구통계,person,not_estimable,,,,E,be598dc562eda2d7713194e8bcdcfc74c4d98d89ad1bc76c04d911ff010e4f51
ARC-01-067,life_stage,영남권 청년·1인가구 지향 생애주기·핵심 인구통계,person,not_estimable,,,,E,d14e77ad2c6f7dc0cff875c143f107210bb80cef9c5349104fe5155d4833a591
ARC-01-068,life_stage,영남권 청년·돌봄 병행 생애주기·핵심 인구통계,person,not_estimable,,,,E,aee3905febcb4191787b423258bfc7dfac518f1949642a1eae185437249b7384
ARC-01-069,life_stage,영남권 가족형성기·전환기 생애주기·핵심 인구통계,person,not_estimable,,,,E,90b8744d25283d9178a9e61603c4c1add41a5dbd418bd1c343af120815604687
ARC-01-070,life_stage,영남권 가족형성기·안정기 생애주기·핵심 인구통계,person,not_estimable,,,,E,6141339eb0bee17eeeec4ad0391204cc2b53ff056e86fe2263d03d20dbb2f7c8
ARC-01-071,life_stage,영남권 가족형성기·1인가구 지향 생애주기·핵심 인구통계,person,not_estimable,,,,E,f23f94d577f37797a46dd6ab13053a2ad585e501509b3d9e532792670a18f7d9
ARC-01-072,life_stage,영남권 가족형성기·돌봄 병행 생애주기·핵심 인구통계,person,not_estimable,,,,E,55f4a25906c7cd3ed3ccb39917444407d3869f7182f5582ff1c84a8967727307
ARC-01-073,life_stage,영남권 중년·전환기 생애주기·핵심 인구통계,person,not_estimable,,,,E,751b25bdf1d1616e7af3d3dd14a3414d033e33510a5394503819c0b7d623c85c
ARC-01-074,life_stage,영남권 중년·안정기 생애주기·핵심 인구통계,person,not_estimable,,,,E,4951b33c3a46e98653cc34b82bbd8f63eab8eb5d620cffed49d769cc716ec3e1
ARC-01-075,life_stage,영남권 중년·1인가구 지향 생애주기·핵심 인구통계,person,not_estimable,,,,E,eb1017626a2a1fa30deac0166f6ea504947396433733424d34c2ba695fefdfaf
ARC-01-076,life_stage,영남권 중년·돌봄 병행 생애주기·핵심 인구통계,person,not_estimable,,,,E,930694c31b0ed848c62e2913ec1cc16f478608fa8b166e94e70dbd0e1e5d13d6
ARC-01-077,life_stage,영남권 시니어·전환기 생애주기·핵심 인구통계,person,not_estimable,,,,E,7de9650912179a6bf5828d56cc88d2ba1cf29dfd228cca3036bcb6a56ec36aae
ARC-01-078,life_stage,영남권 시니어·안정기 생애주기·핵심 인구통계,person,not_estimable,,,,E,49c1ce82cd9dbe6f8e1452fa9a5e8b4f807296827a4571b6f0d5ee515d4e355c
ARC-01-079,life_stage,영남권 시니어·1인가구 지향 생애주기·핵심 인구통계,person,not_estimable,,,,E,f8c4925847cd8b8724e77ef89181dee592a2ebd8d7867f67856ee135bd8aa77c
ARC-01-080,life_stage,영남권 시니어·돌봄 병행 생애주기·핵심 인구통계,person,not_estimable,,,,E,7f80ca0bdae1940f1a091932b833b30f41b0cdfcdb357d04210113a9c6057e70
ARC-02-001,household_family,전국 1인가구·신규형성 가구구성·가족관계,household,not_estimable,,,,E,039193d66bdc4f6ff24b755bf1a170e9ad4c454c2c17b00678cb251654b0b068
ARC-02-002,household_family,전국 1인가구·안정형 가구구성·가족관계,household,not_estimable,,,,E,3e5eb6a83d9a43b02e38b9539f805f7d7d593e2fb96131d7137b9833bdc11fc3
ARC-02-003,household_family,전국 1인가구·돌봄형 가구구성·가족관계,household,not_estimable,,,,E,9c748457887e5d6b5fe6a13f7d33a86c34eef47d82c1879f59d51d40fd346bfb
ARC-02-004,household_family,전국 1인가구·구성변화형 가구구성·가족관계,household,not_estimable,,,,E,503df8cea9a5ea549e8d73aef6c178decc6979ab4fae70d03b5fa6d10bcdcde1
ARC-02-005,household_family,전국 부부가구·신규형성 가구구성·가족관계,household,not_estimable,,,,E,891f50419fd7f6a54de2b408902c6679ce0805017a0c430f5d54dcd8e308e801
ARC-02-006,household_family,전국 부부가구·안정형 가구구성·가족관계,household,not_estimable,,,,E,db234d052cd451e3cfa5d513117c917b03d5b386bc7745426d560c9d53229bf5
ARC-02-007,household_family,전국 부부가구·돌봄형 가구구성·가족관계,household,not_estimable,,,,E,914477a2d5b83857fa4f7b4d6d4b263222caad255286699cf8ff3b6f005b4768
ARC-02-008,household_family,전국 부부가구·구성변화형 가구구성·가족관계,household,not_estimable,,,,E,bf7d444d0d0c2c21a0a808dafac87ebe87bbe734989ecb69726728b8e8ed59f5
ARC-02-009,household_family,전국 자녀동거가구·신규형성 가구구성·가족관계,household,not_estimable,,,,E,437bf0360a1fd65f4549cc5c32ca2f360708da651df8be32798a739d057017f8
ARC-02-010,household_family,전국 자녀동거가구·안정형 가구구성·가족관계,household,not_estimable,,,,E,0b10399244a8b4d0ef88cb64d669508ac518bb663881c31cc3e933f6782fa0b7
ARC-02-011,household_family,전국 자녀동거가구·돌봄형 가구구성·가족관계,household,not_estimable,,,,E,22f448d2b4612bb9d76876ef926ded5b8ce11c2496700e66732b54f20c6bafd6
ARC-02-012,household_family,전국 자녀동거가구·구성변화형 가구구성·가족관계,household,not_estimable,,,,E,d75bd8ba7c49ebef9cb8b0c2d7ed50f007b170bfda7af863993521c2265c8954
ARC-02-013,household_family,전국 다세대가구·신규형성 가구구성·가족관계,household,not_estimable,,,,E,b2d3fe094af96288b97b5269d814ba6c94c9daa858c145563f2e478b938dcf2f
ARC-02-014,household_family,전국 다세대가구·안정형 가구구성·가족관계,household,not_estimable,,,,E,80522e2d7f80f1d5550fe86482274abf085cc2e1df8f9e4332ecdfd0e85b54d4
ARC-02-015,household_family,전국 다세대가구·돌봄형 가구구성·가족관계,household,not_estimable,,,,E,ec92512aade450d1817757826be908fe2c9c32dcd00e371931344ec5ec825e97
ARC-02-016,household_family,전국 다세대가구·구성변화형 가구구성·가족관계,household,not_estimable,,,,E,fa5ae9dd845277ed2ff30587e94ec4368721aa5c228621c14b8929cfc6ec56d8
ARC-02-017,household_family,수도권 1인가구·신규형성 가구구성·가족관계,household,not_estimable,,,,E,e87a8c3af53952591a10c83827b1b843a4fe56d44ba29119787bbda7bdacadba
ARC-02-018,household_family,수도권 1인가구·안정형 가구구성·가족관계,household,not_estimable,,,,E,5b4f7706d400e3f9f86e6142219841192d912c00a1de7e0c88ba1df24fc77375
ARC-02-019,household_family,수도권 1인가구·돌봄형 가구구성·가족관계,household,not_estimable,,,,E,e5f3e8bef73e47b705c15e1ecd9c59668e0c4c73cb482ce83c2e5f4fe4e1bbef
ARC-02-020,household_family,수도권 1인가구·구성변화형 가구구성·가족관계,household,not_estimable,,,,E,b323b0aef3f5de0f930ab5851cf815715495d6708a8304bf4ed66664e124f64e
ARC-02-021,household_family,수도권 부부가구·신규형성 가구구성·가족관계,household,not_estimable,,,,E,0c2f225c6406d462e3aefa4e0a31864def36550d4cc5a79bf482c3b3c3b63f71
ARC-02-022,household_family,수도권 부부가구·안정형 가구구성·가족관계,household,not_estimable,,,,E,1a87ffec739e00420b8d0913d8b5ac62d5f994f0c0fbad96e7645ab6073ad10a
ARC-02-023,household_family,수도권 부부가구·돌봄형 가구구성·가족관계,household,not_estimable,,,,E,f41ff84e84aaaee43a92b7c52fae6485d2fcf1b9cb37e517c24c2f2d5f33cc72
ARC-02-024,household_family,수도권 부부가구·구성변화형 가구구성·가족관계,household,not_estimable,,,,E,7937d701a72ec7b618c1ba8911e91bcbbe5a3c988b919b0c1775f51b6b1c6f96
ARC-02-025,household_family,수도권 자녀동거가구·신규형성 가구구성·가족관계,household,not_estimable,,,,E,fe1c861ab6ffe394f6e63d92259f368190e8463071298a8b6c9575609ed65d35
ARC-02-026,household_family,수도권 자녀동거가구·안정형 가구구성·가족관계,household,not_estimable,,,,E,2086ab8cefddfb05c7ce3e57f06d9db0701d068ae251cc86119eed0306a5535a
ARC-02-027,household_family,수도권 자녀동거가구·돌봄형 가구구성·가족관계,household,not_estimable,,,,E,f1d199a2e61dc15ffb8639eee8f952e3fac6481afaf470dda8764444132bbca8
ARC-02-028,household_family,수도권 자녀동거가구·구성변화형 가구구성·가족관계,household,not_estimable,,,,E,42a807ede7a1e639b5d53044bc39e19d039752fedb5e87619190454a913c5abd
ARC-02-029,household_family,수도권 다세대가구·신규형성 가구구성·가족관계,household,not_estimable,,,,E,612940695a242dd94c90c7202a228f944af42a12a73b0aa0822245cb34029652
ARC-02-030,household_family,수도권 다세대가구·안정형 가구구성·가족관계,household,not_estimable,,,,E,c92459a64d1ff981e978364eadbdeb52b42a412ae4b70c626fd0fed901ce4890
ARC-02-031,household_family,수도권 다세대가구·돌봄형 가구구성·가족관계,household,not_estimable,,,,E,4719f136029331af84fa2e0b12c7db3ce68892ef3a0c431de2fe3c9a3950326d
ARC-02-032,household_family,수도권 다세대가구·구성변화형 가구구성·가족관계,household,not_estimable,,,,E,6949cd59d1b7dd69561a067bdccba768b083a21c74ab72d1825825310ddfce89
ARC-02-033,household_family,충청권 1인가구·신규형성 가구구성·가족관계,household,not_estimable,,,,E,07edbaa3dd7d4f75b71b37cc284380d7dd1e33b6f581a7180192acebddbe341f
ARC-02-034,household_family,충청권 1인가구·안정형 가구구성·가족관계,household,not_estimable,,,,E,9a70ff7ff5cb576b38784e5c3ae245a9fe97a306e345d32e6322431f9e79fedb
ARC-02-035,household_family,충청권 1인가구·돌봄형 가구구성·가족관계,household,not_estimable,,,,E,ea701e829f9ad3e266fe1d0215d93ee00b784d49abff218352bfd0e4098c2958
ARC-02-036,household_family,충청권 1인가구·구성변화형 가구구성·가족관계,household,not_estimable,,,,E,4d9d16f9b84f29011965593d49cb472e0a18d686d6ed05e4bee144438a68776b
ARC-02-037,household_family,충청권 부부가구·신규형성 가구구성·가족관계,household,not_estimable,,,,E,4a0344d6b3ff7a61ac86fbe8876d6a9be447f5513a1f8450bf94bb614ec863d3
ARC-02-038,household_family,충청권 부부가구·안정형 가구구성·가족관계,household,not_estimable,,,,E,4916066bf987c5bda1ce1e79e13ea7724b925e32bdf8b5367cfbb3380feb2bf1
ARC-02-039,household_family,충청권 부부가구·돌봄형 가구구성·가족관계,household,not_estimable,,,,E,0c01ca9d914eea88e0ee45b1a3705d62091a6c5676c421fbe484d20d7a70f217
ARC-02-040,household_family,충청권 부부가구·구성변화형 가구구성·가족관계,household,not_estimable,,,,E,9a07721eb62a62ad058b4992304aca6ea3ac4778497e6b96bb64298d57b11dfa
ARC-02-041,household_family,충청권 자녀동거가구·신규형성 가구구성·가족관계,household,not_estimable,,,,E,c3c269f54317013f3a2c73da30fcb726f0172df124fdd2dcee007a191d7c4ed9
ARC-02-042,household_family,충청권 자녀동거가구·안정형 가구구성·가족관계,household,not_estimable,,,,E,bc10fb9a7dc00fa9171a44b5c7270b74f3e7aea5929c8dd447d0fb4023fd3069
ARC-02-043,household_family,충청권 자녀동거가구·돌봄형 가구구성·가족관계,household,not_estimable,,,,E,9c78a40ea6750076e51cd5ebf3cb0614a039a0dcf271a92ce39167a8a6e96f1e
ARC-02-044,household_family,충청권 자녀동거가구·구성변화형 가구구성·가족관계,household,not_estimable,,,,E,3319f88af434ae738d7f4d53002df028cf3d90250ec80614126d73fc2accc513
ARC-02-045,household_family,충청권 다세대가구·신규형성 가구구성·가족관계,household,not_estimable,,,,E,eed4b265877501dadf160ff14533535355001e60876e81058db4b35a85b2e2cc
ARC-02-046,household_family,충청권 다세대가구·안정형 가구구성·가족관계,household,not_estimable,,,,E,dff4ca3b212065988ac31e025a442588bd3fda88db0c9acd839ad22dca5e7325
ARC-02-047,household_family,충청권 다세대가구·돌봄형 가구구성·가족관계,household,not_estimable,,,,E,2f2a8cf2959e29803bb3569b6d93994f193f4f118ef5149d6d57f0b4df0447ff
ARC-02-048,household_family,충청권 다세대가구·구성변화형 가구구성·가족관계,household,not_estimable,,,,E,b127abcad5efc35c1a273967fff7c7c46fbe147c51a1f2a8ee58d2a18e944261
ARC-02-049,household_family,호남권 1인가구·신규형성 가구구성·가족관계,household,not_estimable,,,,E,bef389e7beb44a45cdce85bd623bb72fb116c29f28ff3b0c716d9f2b7c02f795
ARC-02-050,household_family,호남권 1인가구·안정형 가구구성·가족관계,household,not_estimable,,,,E,cb9b1b03381bc433096f386c372f1585a97de6175ee1e9c24c97c158879eb806
ARC-02-051,household_family,호남권 1인가구·돌봄형 가구구성·가족관계,household,not_estimable,,,,E,9ad6327d84e8c5ec7acc4df4aa010e8e100ca643aa5a65c3fff28011a5b72340
ARC-02-052,household_family,호남권 1인가구·구성변화형 가구구성·가족관계,household,not_estimable,,,,E,b0637cc0cf86f75ea9d3df4f314f748f357241595e35c55d57a277b582d706a9
ARC-02-053,household_family,호남권 부부가구·신규형성 가구구성·가족관계,household,not_estimable,,,,E,d6daee07ec8778af189c243a926a970da1bd77ef64ced42951141e04843d5604
ARC-02-054,household_family,호남권 부부가구·안정형 가구구성·가족관계,household,not_estimable,,,,E,10c0b9ca223d1ebad25f341a6ff89aefb5f508bc4e5c053bf217fe1ebb32ba25
ARC-02-055,household_family,호남권 부부가구·돌봄형 가구구성·가족관계,household,not_estimable,,,,E,74e6c14351dc0a42231e079698fd3ab35b71cf16017e2dda733188cf94006713
ARC-02-056,household_family,호남권 부부가구·구성변화형 가구구성·가족관계,household,not_estimable,,,,E,ad2f96a0a15e699c423970155825d5b5affdec5b3667b917698c03794c32b5aa
ARC-02-057,household_family,호남권 자녀동거가구·신규형성 가구구성·가족관계,household,not_estimable,,,,E,c5b43d9ce7ad05a2e6659455bfd27b87854026b04def998b655cdcc58d0dbf23
ARC-02-058,household_family,호남권 자녀동거가구·안정형 가구구성·가족관계,household,not_estimable,,,,E,37d3fa1479029fed645fd5d348eb19beb17913a98b0b419881bbc6535de89b23
ARC-02-059,household_family,호남권 자녀동거가구·돌봄형 가구구성·가족관계,household,not_estimable,,,,E,ea9f10b0875009a1f4456b6d9557427beb6d42888f2c8afd7f275b36b4ecc051
ARC-02-060,household_family,호남권 자녀동거가구·구성변화형 가구구성·가족관계,household,not_estimable,,,,E,0a6cb5316b5680c73fb48f5bcd0be76cab85d4e27edf1e007c160403cc11cc08
ARC-02-061,household_family,호남권 다세대가구·신규형성 가구구성·가족관계,household,not_estimable,,,,E,b4113de047e5364851a0c1bd7492c7a280eaefc84ccdbae51f2e9a4c7d3a65d3
ARC-02-062,household_family,호남권 다세대가구·안정형 가구구성·가족관계,household,not_estimable,,,,E,f1e956009b75aa57092929b53b038860855b2b6074ae47761d61ae2ee14edbe3
ARC-02-063,household_family,호남권 다세대가구·돌봄형 가구구성·가족관계,household,not_estimable,,,,E,93238f6ef9b56200fc27e4b4707951c1374086e3042be36d6b11bb4b7faed9be
ARC-02-064,household_family,호남권 다세대가구·구성변화형 가구구성·가족관계,household,not_estimable,,,,E,deee8ddc11413bfda96d0f6ac664ab0743dd8f98f3fb76a87fa7d1b0bef8967f
ARC-02-065,household_family,영남권 1인가구·신규형성 가구구성·가족관계,household,not_estimable,,,,E,0d85d3cacd5a28f0a279ea338c23dc729629558505b376a1826d200c78dcdf20
ARC-02-066,household_family,영남권 1인가구·안정형 가구구성·가족관계,household,not_estimable,,,,E,302187efce3fafef9e46a300da79af1dd026e801cdd00c23ee884086149eb0aa
ARC-02-067,household_family,영남권 1인가구·돌봄형 가구구성·가족관계,household,not_estimable,,,,E,772f552c6ab8d8ceed79ca0ec03fc7b95ec6b152157a02ef03691715efc5a577
ARC-02-068,household_family,영남권 1인가구·구성변화형 가구구성·가족관계,household,not_estimable,,,,E,e2927f37ae683e477d51357b2a387b81ad8992ed8acbc09e52d2f40b28be087e
ARC-02-069,household_family,영남권 부부가구·신규형성 가구구성·가족관계,household,not_estimable,,,,E,0eb787227b4f03190aab8714e790fc71071aa34b0b0e3f2fe2d327cc33192da9
ARC-02-070,household_family,영남권 부부가구·안정형 가구구성·가족관계,household,not_estimable,,,,E,ebb0c046fb506ee284d3e6c58189b81c59b59bd5cb9d425075d15324745eaeb5
ARC-02-071,household_family,영남권 부부가구·돌봄형 가구구성·가족관계,household,not_estimable,,,,E,865ef3b7c50a22cd71b8e02745d1e514ca7dabb95ea28942bbaae4e8b060cc28
ARC-02-072,household_family,영남권 부부가구·구성변화형 가구구성·가족관계,household,not_estimable,,,,E,589868a9dab53118ff15390b739e536c73a87603ce658f40387f67e1f9385d71
ARC-02-073,household_family,영남권 자녀동거가구·신규형성 가구구성·가족관계,household,not_estimable,,,,E,32398e10d622e7ff9d24384d3253a6b096d5438017adc2253e2ad8c25a91e08c
ARC-02-074,household_family,영남권 자녀동거가구·안정형 가구구성·가족관계,household,not_estimable,,,,E,2496784b7c70b5860efdec7aef14ce35e1a11e87c884130ba58351608896a4ee
ARC-02-075,household_family,영남권 자녀동거가구·돌봄형 가구구성·가족관계,household,not_estimable,,,,E,2850bf826ffe88d359fce72764d0d4f63e2dceedeccceaf45828345f2104dcc1
ARC-02-076,household_family,영남권 자녀동거가구·구성변화형 가구구성·가족관계,household,not_estimable,,,,E,a53488973a231ffe6e09d7063638b0f2ba4091880d598f10f7da92607981cf3f
ARC-02-077,household_family,영남권 다세대가구·신규형성 가구구성·가족관계,household,not_estimable,,,,E,d3fc95698d767e5ec0eb00514b71d059072ca6afdace3bf05046752a524231c5
ARC-02-078,household_family,영남권 다세대가구·안정형 가구구성·가족관계,household,not_estimable,,,,E,e7301a16e1e95096a41e5391bc05406f0ea3fc639d62a51b37190a71333deb4e
ARC-02-079,household_family,영남권 다세대가구·돌봄형 가구구성·가족관계,household,not_estimable,,,,E,8cc96807dc9efd2a62e6f0e5e930beb15c30b6e1c5ea7ff315d505478da1f592
ARC-02-080,household_family,영남권 다세대가구·구성변화형 가구구성·가족관계,household,not_estimable,,,,E,ef68d7f98a31c300229c66f5f6bf1faa390bf73c56c0558589b0c4b6edc5891c
ARC-03-001,children_education,전국 미취학·공교육 중심 아동·청소년·교육,child_person,not_estimable,,,,E,1805c72e19a5076457ec5784996b0d2710d03442e364e0d5009bfe9c1a7b45d1
ARC-03-002,children_education,전국 미취학·사교육 병행 아동·청소년·교육,child_person,not_estimable,,,,E,e0427d2ff7592c3c97abd11aa589cd238bfa19e5d6ce68bf03771afa8dd01f46
ARC-03-003,children_education,전국 미취학·돌봄 필요 아동·청소년·교육,child_person,not_estimable,,,,E,bef201bd29367574adb621e41e5cbd44497a5c01d96d9888b6aeadb426277802
ARC-03-004,children_education,전국 미취학·디지털 학습 아동·청소년·교육,child_person,not_estimable,,,,E,f5b6b6833799041d7932b2c268f1c6e74b1daee6b1daf9777f07c74267bc76dd
ARC-03-005,children_education,전국 초등·공교육 중심 아동·청소년·교육,child_person,not_estimable,,,,E,292da7a04fbea0e4b6c29d770dd8aa6f24b4da2d5050e795777722553ad5c068
ARC-03-006,children_education,전국 초등·사교육 병행 아동·청소년·교육,child_person,not_estimable,,,,E,71aa7729b6ded7626874d527034d586d15e7c370feb395054a10fc20fa3d851e
ARC-03-007,children_education,전국 초등·돌봄 필요 아동·청소년·교육,child_person,not_estimable,,,,E,2a24f4a7fc1cee6ade36d981e135d2bd1ce76ba785db38a19cccaa8cafdd9d51
ARC-03-008,children_education,전국 초등·디지털 학습 아동·청소년·교육,child_person,not_estimable,,,,E,fe3cb52aba2ff9747de346163e099e5c37f7b53d286c4036c9f3af3ff0785d03
ARC-03-009,children_education,전국 중등·공교육 중심 아동·청소년·교육,child_person,not_estimable,,,,E,ae3e3af0bac0ada3f69e320641e3a094e3b398a8a923fb344136e90f4a34b3ee
ARC-03-010,children_education,전국 중등·사교육 병행 아동·청소년·교육,child_person,not_estimable,,,,E,4aefd07df776e5613de2792155172475752f8381aec5daa30918679b7c7c1ba2
ARC-03-011,children_education,전국 중등·돌봄 필요 아동·청소년·교육,child_person,not_estimable,,,,E,227b90c2b0513a9f8be550a33a4bf435b17adfdea49ffd1fb4b992559d40da6c
ARC-03-012,children_education,전국 중등·디지털 학습 아동·청소년·교육,child_person,not_estimable,,,,E,122fcbca9a0ec297c2138701e5ec009ea9c0412b9daddef720cb1249744b3738
ARC-03-013,children_education,전국 고등·공교육 중심 아동·청소년·교육,child_person,not_estimable,,,,E,85651b61ed1cdb944bb99062fee27541a68dbed88a518b9a3e45e68137c70655
ARC-03-014,children_education,전국 고등·사교육 병행 아동·청소년·교육,child_person,not_estimable,,,,E,892b428af35cc6bd428801a8a8c6815a935d0b437312873d1160688ed3bd0405
ARC-03-015,children_education,전국 고등·돌봄 필요 아동·청소년·교육,child_person,not_estimable,,,,E,105b59d4105a3debffadf32ea350d2ebf8ba2156b88f5fcc1f616bc66e209b94
ARC-03-016,children_education,전국 고등·디지털 학습 아동·청소년·교육,child_person,not_estimable,,,,E,448388786f25852b04d8d1333d92c59f0aaa7ba8cbdf6fd873156ae7311c4f4a
ARC-03-017,children_education,수도권 미취학·공교육 중심 아동·청소년·교육,child_person,not_estimable,,,,E,69303ab93862b82cf51ba0834b1ea82cb0c2e06c29b29bafb348979f02dc5737
ARC-03-018,children_education,수도권 미취학·사교육 병행 아동·청소년·교육,child_person,not_estimable,,,,E,1f0771d98afae36e648bbf6ffcc6a2c633552ca013292248c98759b927ae7fc7
ARC-03-019,children_education,수도권 미취학·돌봄 필요 아동·청소년·교육,child_person,not_estimable,,,,E,44e6b3a861fd6496260ace8d1a7bdca40c57bcb74b642bbb22c1dac5b825eb9f
ARC-03-020,children_education,수도권 미취학·디지털 학습 아동·청소년·교육,child_person,not_estimable,,,,E,868494e2b9f252e5d7e4dff55d4bac48e29d3101ad8d0a0c51ec4a1bbc236b18
ARC-03-021,children_education,수도권 초등·공교육 중심 아동·청소년·교육,child_person,not_estimable,,,,E,ff1eb73908147945643b359e148307979bc2ffac63591db5db1e594122287451
ARC-03-022,children_education,수도권 초등·사교육 병행 아동·청소년·교육,child_person,not_estimable,,,,E,8de99b92fcf2b16a3b58acf1ab512bc71dfce2c4b642c726be5ebcaee3313904
ARC-03-023,children_education,수도권 초등·돌봄 필요 아동·청소년·교육,child_person,not_estimable,,,,E,97245f7b98cfe4d86a1ae503c74a11b66da06873c504c2738e0300c9d12b7169
ARC-03-024,children_education,수도권 초등·디지털 학습 아동·청소년·교육,child_person,not_estimable,,,,E,498891376ef259d115d7bc0274b460d49171ca669edb6f78b5b0a7d87eb3fd6b
ARC-03-025,children_education,수도권 중등·공교육 중심 아동·청소년·교육,child_person,not_estimable,,,,E,8e17124b84db20f278bfbe98800fb2ef2506bf70c71a29f5411242a12b9e41a5
ARC-03-026,children_education,수도권 중등·사교육 병행 아동·청소년·교육,child_person,not_estimable,,,,E,b83538e01386298a176fb32c3c5b9a6fd3fc6a33a754244ae74b9a51c1b71bc5
ARC-03-027,children_education,수도권 중등·돌봄 필요 아동·청소년·교육,child_person,not_estimable,,,,E,294a7c80f3b42ba8b6e94099e025c14a44940c1728e21a62cff24c4df2a24e1b
ARC-03-028,children_education,수도권 중등·디지털 학습 아동·청소년·교육,child_person,not_estimable,,,,E,5215c08181ed7016fdb43df1a2d06f7b443caaada27deb2935e7a8d785662b75
ARC-03-029,children_education,수도권 고등·공교육 중심 아동·청소년·교육,child_person,not_estimable,,,,E,ab3acac799f4c783cdfb13d5a4e7f0a58e1b48c9b446afbeceb6e99e9d3474e3
ARC-03-030,children_education,수도권 고등·사교육 병행 아동·청소년·교육,child_person,not_estimable,,,,E,519f46f25c1bb975d938298ba977c52f20610203a84737b6f0423b557ff6b8e8
ARC-03-031,children_education,수도권 고등·돌봄 필요 아동·청소년·교육,child_person,not_estimable,,,,E,583099fb0c6bff874e711c953ce1edcb496c1d6d1adfe9a018f1bc179cb155a6
ARC-03-032,children_education,수도권 고등·디지털 학습 아동·청소년·교육,child_person,not_estimable,,,,E,01d9df23081c0dad3134e87673dcfe07ad9b2471adf771d9993f100334b2d4a1
ARC-03-033,children_education,충청권 미취학·공교육 중심 아동·청소년·교육,child_person,not_estimable,,,,E,df96424ec025e61b99eb70eb1806ab08281f305dc815401730c742a307f9dbcb
ARC-03-034,children_education,충청권 미취학·사교육 병행 아동·청소년·교육,child_person,not_estimable,,,,E,a2daed5d3e0d36b0281c00d20914bf8eb0aa42384b607d072eb5983c3f44c954
ARC-03-035,children_education,충청권 미취학·돌봄 필요 아동·청소년·교육,child_person,not_estimable,,,,E,2754f5d4380d478c54bb0876aba5e46cd7132098344ec54fce1467fd02c21f1f
ARC-03-036,children_education,충청권 미취학·디지털 학습 아동·청소년·교육,child_person,not_estimable,,,,E,28df4d1e03fc668553953e7bde72a453a2131a68547259f279679c0b0be4a302
ARC-03-037,children_education,충청권 초등·공교육 중심 아동·청소년·교육,child_person,not_estimable,,,,E,0d67064ee86a4a0025ca9bea5bda30114f80fd9688bef08debce84b7880b330a
ARC-03-038,children_education,충청권 초등·사교육 병행 아동·청소년·교육,child_person,not_estimable,,,,E,8045b035d58cd99e8a489e71cac2f9af8cba88982656854090d6a777023e5494
ARC-03-039,children_education,충청권 초등·돌봄 필요 아동·청소년·교육,child_person,not_estimable,,,,E,2f142190ff672a7d159edd770869ef48ba1d27fba8530d9ebcb960225a143782
ARC-03-040,children_education,충청권 초등·디지털 학습 아동·청소년·교육,child_person,not_estimable,,,,E,f2713be81512186593bc0cf153656aa60ddf8bea0ccf485b4245676554387c42
ARC-03-041,children_education,충청권 중등·공교육 중심 아동·청소년·교육,child_person,not_estimable,,,,E,2ef3dea5fd478c97aa11784ae26d8293df5e8650f4f8ede6840117757a3654bb
ARC-03-042,children_education,충청권 중등·사교육 병행 아동·청소년·교육,child_person,not_estimable,,,,E,f257f504c6b00930e0bfab94fc8ba4f593d3f93141c1c5819fe46770b442119b
ARC-03-043,children_education,충청권 중등·돌봄 필요 아동·청소년·교육,child_person,not_estimable,,,,E,63cae77895f6911adc38a479c8058af9f62ae9d432335ae68beab664c1669621
ARC-03-044,children_education,충청권 중등·디지털 학습 아동·청소년·교육,child_person,not_estimable,,,,E,57a6af91d3685385f33846b449b3c2b3b60cdc26a0d190b07243514e7f12e7fe
ARC-03-045,children_education,충청권 고등·공교육 중심 아동·청소년·교육,child_person,not_estimable,,,,E,0e2b27f970af05c62176cd5920b3c70cd3b51972828f5d8286508090df9fa9dc
ARC-03-046,children_education,충청권 고등·사교육 병행 아동·청소년·교육,child_person,not_estimable,,,,E,012f69937151770562aa87b005c9acd7f0080221217385877d9fc998b54879fb
ARC-03-047,children_education,충청권 고등·돌봄 필요 아동·청소년·교육,child_person,not_estimable,,,,E,a8123cb144256331c413c5b97d773f1da7049f6b44ba29add46bafb2947c315a
ARC-03-048,children_education,충청권 고등·디지털 학습 아동·청소년·교육,child_person,not_estimable,,,,E,96cf8771257ab84ae63613607159e726297d3a00bb066d2957b8706deb1132dc
ARC-03-049,children_education,호남권 미취학·공교육 중심 아동·청소년·교육,child_person,not_estimable,,,,E,bead38465c635a8f5d17884ca47ec792bc4c5325021621142e312350f2e0f375
ARC-03-050,children_education,호남권 미취학·사교육 병행 아동·청소년·교육,child_person,not_estimable,,,,E,9bc5e27581ffd6af4ea0a003b2187bb56ae260aaf58485430ee3d6b4eb44bda5
ARC-03-051,children_education,호남권 미취학·돌봄 필요 아동·청소년·교육,child_person,not_estimable,,,,E,f6a1f92c456eb0e5d770ebb4d43e8d83ac5cf04e8d808be4d9dc22a01ea8f96c
ARC-03-052,children_education,호남권 미취학·디지털 학습 아동·청소년·교육,child_person,not_estimable,,,,E,a61164c34cf43b617ca1c8fc7f4a27c210933d7b491436cacfbf98a56dbcf0ab
ARC-03-053,children_education,호남권 초등·공교육 중심 아동·청소년·교육,child_person,not_estimable,,,,E,0f17dfe5b3208162382792b182dcec5764cf5da07e43f32343479f679dc59e0e
ARC-03-054,children_education,호남권 초등·사교육 병행 아동·청소년·교육,child_person,not_estimable,,,,E,4224a5dc8fdf2aceac2983f13eebfc21cc3de0b1cebafd71778cfe812cb31c78
ARC-03-055,children_education,호남권 초등·돌봄 필요 아동·청소년·교육,child_person,not_estimable,,,,E,0f78d0d73770d3c05161ba13ec8465d3406b5fa6e803ffa4e0e028a7cd8da926
ARC-03-056,children_education,호남권 초등·디지털 학습 아동·청소년·교육,child_person,not_estimable,,,,E,f4eb79b789a104bbef75cb23e9659a87fc002a2bf9c56f9b9ef463e39a360a39
ARC-03-057,children_education,호남권 중등·공교육 중심 아동·청소년·교육,child_person,not_estimable,,,,E,7a0b3d5206203d11f700a3af13781399d247b155b451331080fb24064b6fd416
ARC-03-058,children_education,호남권 중등·사교육 병행 아동·청소년·교육,child_person,not_estimable,,,,E,f30b7e13d559c29ed6dcdcb27ec6b33e69d257de773875ba89772ec25d380806
ARC-03-059,children_education,호남권 중등·돌봄 필요 아동·청소년·교육,child_person,not_estimable,,,,E,a9c132c89a8d3b51bb3937b9a9729b5a4f06aa44c3805f8b697979ce70cb1642
ARC-03-060,children_education,호남권 중등·디지털 학습 아동·청소년·교육,child_person,not_estimable,,,,E,25e5cc0dc793b67606f2f14920de9619f33bf22509cc737b326e380bb99e50ba
ARC-03-061,children_education,호남권 고등·공교육 중심 아동·청소년·교육,child_person,not_estimable,,,,E,6410d4a5396b6cf9ddc59f5f0a3540cbf47018f7cf0258719612d06f7bdc01e4
ARC-03-062,children_education,호남권 고등·사교육 병행 아동·청소년·교육,child_person,not_estimable,,,,E,84dc38a3b20a31743dab5dac64c000935572c31e82c438d0366d1188dfac2bae
ARC-03-063,children_education,호남권 고등·돌봄 필요 아동·청소년·교육,child_person,not_estimable,,,,E,9cff45053e17b8cdac5980c33b8fee09db4713bb52db2e999663dce4aba20dca
ARC-03-064,children_education,호남권 고등·디지털 학습 아동·청소년·교육,child_person,not_estimable,,,,E,b9e3642d0e9e7629077ddfaef93fdb06be72bf5c8affc3b3f94aab1e95f4d938
ARC-03-065,children_education,영남권 미취학·공교육 중심 아동·청소년·교육,child_person,not_estimable,,,,E,f7d2141c964de7643cc0dd463fb2f31c7258ea6c3f8f2c74728f6094cf61eb80
ARC-03-066,children_education,영남권 미취학·사교육 병행 아동·청소년·교육,child_person,not_estimable,,,,E,811a789cb39c10747ea2b60bba18967470a75b1d3f0fb5c4ad8354ff48e01f09
ARC-03-067,children_education,영남권 미취학·돌봄 필요 아동·청소년·교육,child_person,not_estimable,,,,E,8b8720d99725a69b209d635d657e95de03d8ba2f2ac223af446fbe21444b0874
ARC-03-068,children_education,영남권 미취학·디지털 학습 아동·청소년·교육,child_person,not_estimable,,,,E,62548c80f044dd2ce0f0d9d7486f348d8cf9320491890b3875065d35f3da42f8
ARC-03-069,children_education,영남권 초등·공교육 중심 아동·청소년·교육,child_person,not_estimable,,,,E,7dc99c19d0a26c82fc2f616def9a9a62d55f56e5113320ff555dd8ab5fc292d9
ARC-03-070,children_education,영남권 초등·사교육 병행 아동·청소년·교육,child_person,not_estimable,,,,E,d1dbbc009cbf1f97451585dabe468b19f334a9d57385a849c88bfb20c570ae47
ARC-03-071,children_education,영남권 초등·돌봄 필요 아동·청소년·교육,child_person,not_estimable,,,,E,3e6f7b503e9bdd4033a478608c4303b5ef8dbfd8ec1b9cc46c3a50393cf02871
ARC-03-072,children_education,영남권 초등·디지털 학습 아동·청소년·교육,child_person,not_estimable,,,,E,1b57e71be2044c11f186fad7ce03b807a0581d99caaa6875b91dcd0b198d9ff7
ARC-03-073,children_education,영남권 중등·공교육 중심 아동·청소년·교육,child_person,not_estimable,,,,E,62f90ce2950e22ed36dbe47a636a4a4888e959588124eb36a96745f6aa7e1180
ARC-03-074,children_education,영남권 중등·사교육 병행 아동·청소년·교육,child_person,not_estimable,,,,E,ce1d81f7197f365ae648029e8792d59900777182d58f51b57bbc1ec29c6526ba
ARC-03-075,children_education,영남권 중등·돌봄 필요 아동·청소년·교육,child_person,not_estimable,,,,E,1569a157120697aef2c04d5dbc6d1b65e072a6cec0c6f947b1e17c41da215b08
ARC-03-076,children_education,영남권 중등·디지털 학습 아동·청소년·교육,child_person,not_estimable,,,,E,9a86ad55d933b02c970916a2aa294d1450e28d9eec5a7db9541076497016548e
ARC-03-077,children_education,영남권 고등·공교육 중심 아동·청소년·교육,child_person,not_estimable,,,,E,95e79f0fdd114771b14c13f7d184792b58122bc2b1d05cb59153a5b5d5cdf915
ARC-03-078,children_education,영남권 고등·사교육 병행 아동·청소년·교육,child_person,not_estimable,,,,E,36efe9ea1ec0f945b440415cb523ddf2a787b38b5ae437fe787a582eb543e567
ARC-03-079,children_education,영남권 고등·돌봄 필요 아동·청소년·교육,child_person,not_estimable,,,,E,0a27c64bf288df3bf273a43fbcba280becac7b4318649312aeebb5d32639f1f2
ARC-03-080,children_education,영남권 고등·디지털 학습 아동·청소년·교육,child_person,not_estimable,,,,E,807a9b7c17c4be4d2c3ccd0ef5bb7a01bff1f3b6c2dc73a78334c76b7747d386
ARC-04-001,geography_housing,전국 아파트·장기거주 지역·주거지·생활권,household,not_estimable,,,,E,fed512f8fc6163b6426236d59152c7ab14eafa70dfd2ca0ad68ec3836dae67aa
ARC-04-002,geography_housing,전국 아파트·이사예정 지역·주거지·생활권,household,not_estimable,,,,E,7e4d8b84087fee287eb817ae79922f99f8bf8bda1c650a783f712cdf0a9f69af
ARC-04-003,geography_housing,전국 아파트·주거개선 지역·주거지·생활권,household,not_estimable,,,,E,7927002600cdaa048262164f877fe483eaf22c7d6c6ea2c6ad043848f41087c1
ARC-04-004,geography_housing,전국 아파트·주거축소 지역·주거지·생활권,household,not_estimable,,,,E,fa9d982c04abffefabbb264a1c55504addf6c33f6fcc18db6a144729f43a0808
ARC-04-005,geography_housing,전국 단독주택·장기거주 지역·주거지·생활권,household,not_estimable,,,,E,38b0c7ac7c7ca0c096b5841cad71d0785a490b9bd12de78824a8a272253f5265
ARC-04-006,geography_housing,전국 단독주택·이사예정 지역·주거지·생활권,household,not_estimable,,,,E,41b83d47e8522c3c9df0905903f8cdb3d07facdfe1509534abeca52414e5660d
ARC-04-007,geography_housing,전국 단독주택·주거개선 지역·주거지·생활권,household,not_estimable,,,,E,491dcd44d529335c84157c70ba9139cfccd70ed35a31afa3a4dff1bfde755b55
ARC-04-008,geography_housing,전국 단독주택·주거축소 지역·주거지·생활권,household,not_estimable,,,,E,31f4acf0f6831974b25515f612b0b64444dc42c26e07ed9e994c0446bc38514d
ARC-04-009,geography_housing,전국 연립·다세대·장기거주 지역·주거지·생활권,household,not_estimable,,,,E,92d7360d3edacdb7d1983c4980dc2d5d06404da190849c1bd66dc1c09ad9104b
ARC-04-010,geography_housing,전국 연립·다세대·이사예정 지역·주거지·생활권,household,not_estimable,,,,E,286f6f1e284d6e68e50cffff750b59db452fd43069116f49f6a539c8af65959e
ARC-04-011,geography_housing,전국 연립·다세대·주거개선 지역·주거지·생활권,household,not_estimable,,,,E,0b3ae5b88e62566d0f6c73d3a115b341888deab7ee0d6303979855232b4d1579
ARC-04-012,geography_housing,전국 연립·다세대·주거축소 지역·주거지·생활권,household,not_estimable,,,,E,c4eeb52be5752864d6caa65e5cf8392ca774a78e0e2930092cf3397e156e7fda
ARC-04-013,geography_housing,전국 임차주거·장기거주 지역·주거지·생활권,household,not_estimable,,,,E,2b39e83e18175ee9b39a163bb45c93151a3c4f57a4c8d8272640765e0dc3a142
ARC-04-014,geography_housing,전국 임차주거·이사예정 지역·주거지·생활권,household,not_estimable,,,,E,35372b8c662100effc248f7f96814d8f2269431fd8f1251d5cae61a641d6e632
ARC-04-015,geography_housing,전국 임차주거·주거개선 지역·주거지·생활권,household,not_estimable,,,,E,8dc0965ebb43eacce0750e5f2d52312ffa4f73c1729cd46ed9f2b5b2ba03d17b
ARC-04-016,geography_housing,전국 임차주거·주거축소 지역·주거지·생활권,household,not_estimable,,,,E,1c405e2b9b7f31ef112311bda271c7c4fab2a959791b304e4180f292e6d7a2b3
ARC-04-017,geography_housing,수도권 아파트·장기거주 지역·주거지·생활권,household,not_estimable,,,,E,bccdb2673f027d21c6385ca77d3db4c280fcaa43869d549d1fe1737c1a465bbf
ARC-04-018,geography_housing,수도권 아파트·이사예정 지역·주거지·생활권,household,not_estimable,,,,E,dc015bc08f03b3a72131298e0d562010d7cf3bef66a09a32e8d1622a8318d48e
ARC-04-019,geography_housing,수도권 아파트·주거개선 지역·주거지·생활권,household,not_estimable,,,,E,cafe438522ffc73660c97a7b9a0d6e287acc9d0378d21a4c823a991b88646740
ARC-04-020,geography_housing,수도권 아파트·주거축소 지역·주거지·생활권,household,not_estimable,,,,E,0fc2287ec1ad23866c241fce40962a81d8a1274d7888ceafc3cf206fce3c7c32
ARC-04-021,geography_housing,수도권 단독주택·장기거주 지역·주거지·생활권,household,not_estimable,,,,E,e5b42edcfa02179b4316c1b3b79aee5e7ec1df1ef126178c9f20f0a19637c64f
ARC-04-022,geography_housing,수도권 단독주택·이사예정 지역·주거지·생활권,household,not_estimable,,,,E,233f34bf46b188eda3af94f24cd01b76aadf4bc68547558c2e9e62c6aa8c9540
ARC-04-023,geography_housing,수도권 단독주택·주거개선 지역·주거지·생활권,household,not_estimable,,,,E,e2d0851b70345f91d39f2c4d03ffe3d378ed0ecef0c0fb11c3fea2beb40714a2
ARC-04-024,geography_housing,수도권 단독주택·주거축소 지역·주거지·생활권,household,not_estimable,,,,E,96d4f920ec4ac1934fab69ed7b654e19fdca1df290ff9b77e312461bc1392673
ARC-04-025,geography_housing,수도권 연립·다세대·장기거주 지역·주거지·생활권,household,not_estimable,,,,E,b54730670c741ca3c86f6c2d35488b4fc6b844a076ce74e2be3210d2549fb022
ARC-04-026,geography_housing,수도권 연립·다세대·이사예정 지역·주거지·생활권,household,not_estimable,,,,E,42eaf5995f392e2c45e18afbf76cd168581dd5bab5d0175fd28232876e1a6a6e
ARC-04-027,geography_housing,수도권 연립·다세대·주거개선 지역·주거지·생활권,household,not_estimable,,,,E,d41aa8f71d3de8df395fa0dc48223608f5fa0907efaa46c6371bda8219363d21
ARC-04-028,geography_housing,수도권 연립·다세대·주거축소 지역·주거지·생활권,household,not_estimable,,,,E,dc808461a8aa80cbabf8c679ef7acbce3eed3288386727fb6b6f44cfeae21c62
ARC-04-029,geography_housing,수도권 임차주거·장기거주 지역·주거지·생활권,household,not_estimable,,,,E,85e3481df72e5fd2b6af8483ba4961d4e26475fc463a81e48780ee04bd121088
ARC-04-030,geography_housing,수도권 임차주거·이사예정 지역·주거지·생활권,household,not_estimable,,,,E,0dfde6fdab9d32c54557343934477bb07b5d8cc019e59929c5726af4a9a2fe28
ARC-04-031,geography_housing,수도권 임차주거·주거개선 지역·주거지·생활권,household,not_estimable,,,,E,2f8f4917c062c65ea29142b48292eee8fa1e6e1e3d41a0ba1b85e317bd1bf80c
ARC-04-032,geography_housing,수도권 임차주거·주거축소 지역·주거지·생활권,household,not_estimable,,,,E,72ed9eed99b42746e192664b393e0370e5e0db569c9c4c4e6d7c40830250315a
ARC-04-033,geography_housing,충청권 아파트·장기거주 지역·주거지·생활권,household,not_estimable,,,,E,1fa71f7d94bbf0f567d0d52c295bc9283b0d656fb3957e266fa84cd1c01a9047
ARC-04-034,geography_housing,충청권 아파트·이사예정 지역·주거지·생활권,household,not_estimable,,,,E,cf6e592b1b1036fa6b0ad2b7af7a7b16e0a9ba6186d4e2f282928bbd97cd7ae7
ARC-04-035,geography_housing,충청권 아파트·주거개선 지역·주거지·생활권,household,not_estimable,,,,E,9314c2d8bf6676100c713ea3bb1d1c4f2bd4ac4b926addf4c4735ec0cc8accd8
ARC-04-036,geography_housing,충청권 아파트·주거축소 지역·주거지·생활권,household,not_estimable,,,,E,b3d5adca06eb3d43def66fd7f4b9ca059b4656aa5e75251d52d77d8bb61d3842
ARC-04-037,geography_housing,충청권 단독주택·장기거주 지역·주거지·생활권,household,not_estimable,,,,E,7256ca6720b4f10c9e16a412b58b44b662e8f69c64ca1d8a7d569b8c5f7a1607
ARC-04-038,geography_housing,충청권 단독주택·이사예정 지역·주거지·생활권,household,not_estimable,,,,E,80f0d2738b5b4dbc74d61f971704d9ad5e4194e6a02bbfae64956b94d66fd500
ARC-04-039,geography_housing,충청권 단독주택·주거개선 지역·주거지·생활권,household,not_estimable,,,,E,75793380e960e1890d82db86cfee199cc1cf030490374f64d40c36f0c3ede43d
ARC-04-040,geography_housing,충청권 단독주택·주거축소 지역·주거지·생활권,household,not_estimable,,,,E,6bfd03e977f62f0019da3418fd4d604a579d229a8cbb46c1a7f387156e924340
ARC-04-041,geography_housing,충청권 연립·다세대·장기거주 지역·주거지·생활권,household,not_estimable,,,,E,06b5e3b2c1af21461854979da33c795a65a22c9238aaade1bc9613bf8654bc97
ARC-04-042,geography_housing,충청권 연립·다세대·이사예정 지역·주거지·생활권,household,not_estimable,,,,E,8d736a13fe13f5b30cbcd2d1caa2f3bcd29e6da8ed453385330334c3e4b00118
ARC-04-043,geography_housing,충청권 연립·다세대·주거개선 지역·주거지·생활권,household,not_estimable,,,,E,e98e28ebf33a78ea676ed326d87a10ae2acca472720647d798b06aa5ec0083dd
ARC-04-044,geography_housing,충청권 연립·다세대·주거축소 지역·주거지·생활권,household,not_estimable,,,,E,b0bd6a59e742109fd123fbabb4ca421da3a4bfe1ec9783a05c965f046150083d
ARC-04-045,geography_housing,충청권 임차주거·장기거주 지역·주거지·생활권,household,not_estimable,,,,E,c65aaf36cd252b039cf4e472ab076156965f13ed32171277536de26eeb33b6d6
ARC-04-046,geography_housing,충청권 임차주거·이사예정 지역·주거지·생활권,household,not_estimable,,,,E,66c3dbd36585aada6d1dc2eaa1860f2db3417bf3f9d39ee23c332d0fc5b23bf9
ARC-04-047,geography_housing,충청권 임차주거·주거개선 지역·주거지·생활권,household,not_estimable,,,,E,ae2a6204f6ed65557230526c5dc14e7939aa9779ac1e84b1f0a6b0473a5b3f2c
ARC-04-048,geography_housing,충청권 임차주거·주거축소 지역·주거지·생활권,household,not_estimable,,,,E,341e430c3ee55b905f0c6929fe79222a1479111eba4121d4dd23cb4613421cbf
ARC-04-049,geography_housing,호남권 아파트·장기거주 지역·주거지·생활권,household,not_estimable,,,,E,923925afd2bfa6741fe2925266239864abb8c83b66d94879fd8664aa2f596c04
ARC-04-050,geography_housing,호남권 아파트·이사예정 지역·주거지·생활권,household,not_estimable,,,,E,b90201c86431144ac17acd010e577f2b77269bee5a09022e6ec45cd2156ca1dc
ARC-04-051,geography_housing,호남권 아파트·주거개선 지역·주거지·생활권,household,not_estimable,,,,E,d3f442707160ed7a8d00a164412dca4594a071a88cf536d4db8c0bb09c9c3a44
ARC-04-052,geography_housing,호남권 아파트·주거축소 지역·주거지·생활권,household,not_estimable,,,,E,a2bc1636382d07cee7102abab99fb63dfac2dac1549b60b1fc539cd800946496
ARC-04-053,geography_housing,호남권 단독주택·장기거주 지역·주거지·생활권,household,not_estimable,,,,E,7c9d9373989af988d6e38fbd8ff6088c57e3034b151dc92d4774b7f25beb7a01
ARC-04-054,geography_housing,호남권 단독주택·이사예정 지역·주거지·생활권,household,not_estimable,,,,E,abf15ea1d595d905585237bcbb56373465d2522557393aec0086dcf6f95f8b4c
ARC-04-055,geography_housing,호남권 단독주택·주거개선 지역·주거지·생활권,household,not_estimable,,,,E,1206ffadaed69bd5d4c402b283e8c70731dc6ffac24bd4d7bd3dd4b6df0ea867
ARC-04-056,geography_housing,호남권 단독주택·주거축소 지역·주거지·생활권,household,not_estimable,,,,E,ed895e3ceae688ecd4ed6cf7449b9336d03f0e50abc094ffc65da0769289586d
ARC-04-057,geography_housing,호남권 연립·다세대·장기거주 지역·주거지·생활권,household,not_estimable,,,,E,b1c6013125ffc99311c50eefb980496650be44e2d8663e6d8bf3cdcac29c8a19
ARC-04-058,geography_housing,호남권 연립·다세대·이사예정 지역·주거지·생활권,household,not_estimable,,,,E,f19b74d2360e8f68c447584a5f2034e6a76d426d90ca2b5c7149e2fe748e498b
ARC-04-059,geography_housing,호남권 연립·다세대·주거개선 지역·주거지·생활권,household,not_estimable,,,,E,d3a26ee8f28dc7764dafb5c1b8fbf8598ec8a7ef9c15fb59b8faf23833c93f2c
ARC-04-060,geography_housing,호남권 연립·다세대·주거축소 지역·주거지·생활권,household,not_estimable,,,,E,1120263a9d203b06691c9ad37a01aadafe20dc800a4f06fa71251314cc65c514
ARC-04-061,geography_housing,호남권 임차주거·장기거주 지역·주거지·생활권,household,not_estimable,,,,E,32e8c33acbe976bc95000869d8febdf1b8195bb35f6474c2d60f06a33c336eeb
ARC-04-062,geography_housing,호남권 임차주거·이사예정 지역·주거지·생활권,household,not_estimable,,,,E,e366683e83351699ca774aa5d630ff6b2eb90bf35b1ada36576ed4303b9f3829
ARC-04-063,geography_housing,호남권 임차주거·주거개선 지역·주거지·생활권,household,not_estimable,,,,E,8207179a6b3d5c15c1501c83cd3a9d4e3ea5caa8cf725e14b38e3669ce2691cd
ARC-04-064,geography_housing,호남권 임차주거·주거축소 지역·주거지·생활권,household,not_estimable,,,,E,d0573da6eab383c7a5ea952bc83b13a757228b33b84ac0a4bcc2c4b800f1b6cf
ARC-04-065,geography_housing,영남권 아파트·장기거주 지역·주거지·생활권,household,not_estimable,,,,E,52619af1b7940442589724aa8fa3a303775145d35a1bcc20d4d7563e6d7a1aa4
ARC-04-066,geography_housing,영남권 아파트·이사예정 지역·주거지·생활권,household,not_estimable,,,,E,09432e7cb144f958e934bad67a1c175ad7fe0b2cd8e00fc55ec8d3669a36106f
ARC-04-067,geography_housing,영남권 아파트·주거개선 지역·주거지·생활권,household,not_estimable,,,,E,d95b4b40b9352b3e64a5e77138df1ed40b9fea5346908b393013363b18e9bdcd
ARC-04-068,geography_housing,영남권 아파트·주거축소 지역·주거지·생활권,household,not_estimable,,,,E,196580dfd2b3929af46a75b737a0ea4016467fa4b17fcc551b2d2c3d57883a00
ARC-04-069,geography_housing,영남권 단독주택·장기거주 지역·주거지·생활권,household,not_estimable,,,,E,16071c82bd6dfaf31439db9488f405a4d3785959611009b68610ceb35f44899f
ARC-04-070,geography_housing,영남권 단독주택·이사예정 지역·주거지·생활권,household,not_estimable,,,,E,68f605fb06ff2392d3a49085c6ff472468c31fd68869df7eded67c47abde36fc
ARC-04-071,geography_housing,영남권 단독주택·주거개선 지역·주거지·생활권,household,not_estimable,,,,E,c9f8515455dcff4f0a42947e81b84ed99d4880614bbfb691668338bba342265a
ARC-04-072,geography_housing,영남권 단독주택·주거축소 지역·주거지·생활권,household,not_estimable,,,,E,c9f42acd5f5bc845a876c19c53fc7db8318f212b5eb531b450b8a555442bb35b
ARC-04-073,geography_housing,영남권 연립·다세대·장기거주 지역·주거지·생활권,household,not_estimable,,,,E,893b0a2822e4fef6ad94b698742863a1b0ef89ca002f2cf9c454f2bde751a4c7
ARC-04-074,geography_housing,영남권 연립·다세대·이사예정 지역·주거지·생활권,household,not_estimable,,,,E,429d524c9b57a8ef95fca53cb5c114ff2bca4396568cd5f7ddf36d7c9c3baf3f
ARC-04-075,geography_housing,영남권 연립·다세대·주거개선 지역·주거지·생활권,household,not_estimable,,,,E,4008b205623c4a17ecb8131b61c94f3fd019bf61ddcb17d54188f4a8bede591f
ARC-04-076,geography_housing,영남권 연립·다세대·주거축소 지역·주거지·생활권,household,not_estimable,,,,E,f417e12383664ad7459b788bd22fa8a5547b2c9f44c7b7cf65e21b6dd185a4ed
ARC-04-077,geography_housing,영남권 임차주거·장기거주 지역·주거지·생활권,household,not_estimable,,,,E,e4d720e93aeea3909578ec680885daca1fa08d0c2477cdd7430e4da6b0e4c666
ARC-04-078,geography_housing,영남권 임차주거·이사예정 지역·주거지·생활권,household,not_estimable,,,,E,ed37aa468962d90adb07be5a5082947921791226b1c55b12bfd3c29d24394dbb
ARC-04-079,geography_housing,영남권 임차주거·주거개선 지역·주거지·생활권,household,not_estimable,,,,E,c66fb5eb43cfc21559c2fb64766e1af08eaf0991ee7d13eb1255a2a5acde7d9c
ARC-04-080,geography_housing,영남권 임차주거·주거축소 지역·주거지·생활권,household,not_estimable,,,,E,d4a8d6dbb6c17bc3add04aa529f8ed77d072dbd6fb2ebbc88b194a6c13c86c12
ARC-05-001,work_career,전국 취업초기·성장지향 직업·고용·경력,person,not_estimable,,,,E,546f178e73a5f44f128d3a6da1edfaf1940f0e1b3f0c8d40e2889d1573529bcc
ARC-05-002,work_career,전국 취업초기·안정지향 직업·고용·경력,person,not_estimable,,,,E,2cea443c4fa778db61bae8ed34de0b7fedb3fa621f2b9a46b1586e2c8eaa5e09
ARC-05-003,work_career,전국 취업초기·유연근무 직업·고용·경력,person,not_estimable,,,,E,d31499b7dde16ccdd370a0272549759755bce4dc87421db10b64a0c916098177
ARC-05-004,work_career,전국 취업초기·재교육 직업·고용·경력,person,not_estimable,,,,E,d15e382434bafac33fc1232544a5cbcd97fbd9f2f934d6ccf5c60bd6223c6f48
ARC-05-005,work_career,전국 경력직·성장지향 직업·고용·경력,person,not_estimable,,,,E,16779aab6677674f5343107ae851ab8be922f44c46441286ce5baf712b68c166
ARC-05-006,work_career,전국 경력직·안정지향 직업·고용·경력,person,not_estimable,,,,E,61b8875c74457f97428575a0be2f10605b74de5a5454cf98ed3b53c74e42a0fc
ARC-05-007,work_career,전국 경력직·유연근무 직업·고용·경력,person,not_estimable,,,,E,8fbd9385587809ac3cab4405e73ef7372b2c45c4d70691abe2223ca07f1c409a
ARC-05-008,work_career,전국 경력직·재교육 직업·고용·경력,person,not_estimable,,,,E,76087dcd9ad9beccc7b42907e5f9a4976f8cc0d73e339e1e5bfa99a94c04f2ef
ARC-05-009,work_career,전국 전직기·성장지향 직업·고용·경력,person,not_estimable,,,,E,fb50d48a9cb469078bcfbca2d04219cc6b45fd3b56c5906c50d6444292cb5ed7
ARC-05-010,work_career,전국 전직기·안정지향 직업·고용·경력,person,not_estimable,,,,E,85797e3f81705cc814bf356e116daa96012f9332be4352cbf919704f090fda69
ARC-05-011,work_career,전국 전직기·유연근무 직업·고용·경력,person,not_estimable,,,,E,0dfc3e0ed729bf8c3de88ac66640eda0b6a83470454f00fc3d567c3f0af2dcb6
ARC-05-012,work_career,전국 전직기·재교육 직업·고용·경력,person,not_estimable,,,,E,d2402263d4955ca264624549e52ee3740758208eeac1a8bb1b86804c12b8d88d
ARC-05-013,work_career,전국 은퇴전후·성장지향 직업·고용·경력,person,not_estimable,,,,E,a2d17c915a0c356f488d133bff7783b5dd94af330129b8a66ed7c502bffa6ac7
ARC-05-014,work_career,전국 은퇴전후·안정지향 직업·고용·경력,person,not_estimable,,,,E,389a83b1a4cf8489e6467e128eb1f5edb2271e502c8ffc156bb9bd7308d8d6b3
ARC-05-015,work_career,전국 은퇴전후·유연근무 직업·고용·경력,person,not_estimable,,,,E,daf56a2f33646159af35e058ff4095fa1995497c9dc52c40531a0eed1ebca1b3
ARC-05-016,work_career,전국 은퇴전후·재교육 직업·고용·경력,person,not_estimable,,,,E,c3bff1f86e660eccea28918df7e41b0cbe745c01b430c685cb613aeb42af3eea
ARC-05-017,work_career,수도권 취업초기·성장지향 직업·고용·경력,person,not_estimable,,,,E,7cab0be749ef188871d7dbac3c5661abb78e87cb5a9439d12903d6f51f2ecd53
ARC-05-018,work_career,수도권 취업초기·안정지향 직업·고용·경력,person,not_estimable,,,,E,7fb3073f70f683044bdfa0bfede8c1db2e0d0bfa3120534c08fad8d97128fcfb
ARC-05-019,work_career,수도권 취업초기·유연근무 직업·고용·경력,person,not_estimable,,,,E,ffc70f0d11a038e839b1274f5f576f64190002c6d81004539f9cac3d6b8696fc
ARC-05-020,work_career,수도권 취업초기·재교육 직업·고용·경력,person,not_estimable,,,,E,6da40d378bc46ede5e153dbff71ade6ecbdf3084edd89ff3cb9fdc2cb5ce8b0c
ARC-05-021,work_career,수도권 경력직·성장지향 직업·고용·경력,person,not_estimable,,,,E,d77f5f96025d27d5ff9c20b58e5de147cba89ef2df1a7406c37709c409d24769
ARC-05-022,work_career,수도권 경력직·안정지향 직업·고용·경력,person,not_estimable,,,,E,d60e21dea60cc43096f59b2bb7686354a65ace769f2d245ac529c1ed46e42139
ARC-05-023,work_career,수도권 경력직·유연근무 직업·고용·경력,person,not_estimable,,,,E,578e0dd61442f67352108e0c87c0c6d175be7eb9fdecdb7726da6182d8273d33
ARC-05-024,work_career,수도권 경력직·재교육 직업·고용·경력,person,not_estimable,,,,E,e0a4d967de874165f78f62d6db08f98eb0e20ac14e2246e3514889de7ab51641
ARC-05-025,work_career,수도권 전직기·성장지향 직업·고용·경력,person,not_estimable,,,,E,e7c9fc16e8959cc48a0293b20dc5255434adc3e88898fe44e1e26490690bb226
ARC-05-026,work_career,수도권 전직기·안정지향 직업·고용·경력,person,not_estimable,,,,E,e21ff6eb5782e460b5dc2c7e56f4f73d34d03bf286db28d905c0f611353514c1
ARC-05-027,work_career,수도권 전직기·유연근무 직업·고용·경력,person,not_estimable,,,,E,f3d5847df740dd2f87fbdc2018d3dcab7a3b3cd0ac61465dffaf4a6ba5c8d953
ARC-05-028,work_career,수도권 전직기·재교육 직업·고용·경력,person,not_estimable,,,,E,ae8ea12ab2a502cf75ba6bc5fa291767375209bd2ee49f638a86aebbab5a6cfb
ARC-05-029,work_career,수도권 은퇴전후·성장지향 직업·고용·경력,person,not_estimable,,,,E,25bc992e45b20d93df4da8bbfe231c580f3e64adabcc2da6e218c01a68214ac0
ARC-05-030,work_career,수도권 은퇴전후·안정지향 직업·고용·경력,person,not_estimable,,,,E,cbfa3e0bd8084d721bf040af3ad18fccc579740aad20eb32e7df8b6ff86e9eef
ARC-05-031,work_career,수도권 은퇴전후·유연근무 직업·고용·경력,person,not_estimable,,,,E,0c2c0f89deb2dc4d4664a9287be4309b2be2cad9e6bffb9793fe83eeebf96c70
ARC-05-032,work_career,수도권 은퇴전후·재교육 직업·고용·경력,person,not_estimable,,,,E,4a18fe1150b272d88f35370ad3b74fd68cb1e8823567d28db882bc9b5bac378f
ARC-05-033,work_career,충청권 취업초기·성장지향 직업·고용·경력,person,not_estimable,,,,E,2df6afad418fa68bd6b5c012c92582ba29608f558b8a24a342f2c0e3a124aafa
ARC-05-034,work_career,충청권 취업초기·안정지향 직업·고용·경력,person,not_estimable,,,,E,310d56215d5092ab8a8f9e41cd72337700c30f59eff36236595c2cf51865c591
ARC-05-035,work_career,충청권 취업초기·유연근무 직업·고용·경력,person,not_estimable,,,,E,faf7e539f6a2b0bdc0d340a0e82f299b8ea96431c74b87f2114b4023292b7557
ARC-05-036,work_career,충청권 취업초기·재교육 직업·고용·경력,person,not_estimable,,,,E,6409dd9f7080281afce8e9cb98ffd24cfeb0a6fc44f309fee6e8cf2df773466d
ARC-05-037,work_career,충청권 경력직·성장지향 직업·고용·경력,person,not_estimable,,,,E,bd68f77d98283d9ce459f13d5877c6703f97a03adac70ab5759c787debce74f8
ARC-05-038,work_career,충청권 경력직·안정지향 직업·고용·경력,person,not_estimable,,,,E,972b0cae22db33dd07ec6fac31a832decdba170d6b8e369d6ff077d7ee08610b
ARC-05-039,work_career,충청권 경력직·유연근무 직업·고용·경력,person,not_estimable,,,,E,b87d592c77ebbfd4ce43405b642cdf83a7cb68e9c277ed4b9ef3b3a2a556334c
ARC-05-040,work_career,충청권 경력직·재교육 직업·고용·경력,person,not_estimable,,,,E,42cd08e7ca67f0df99c87f8caa6f319f101ab17dad3a96918d7c6e6cf5ba3150
ARC-05-041,work_career,충청권 전직기·성장지향 직업·고용·경력,person,not_estimable,,,,E,bb53fce5ad3122f5baff4a8908fe7340266dcd97ccae945c56a885c8e327520c
ARC-05-042,work_career,충청권 전직기·안정지향 직업·고용·경력,person,not_estimable,,,,E,b4b22a76849bad54fb8e37aca411f82c90553bd1bbd8ccd90a8f14898382961b
ARC-05-043,work_career,충청권 전직기·유연근무 직업·고용·경력,person,not_estimable,,,,E,0a5057f836953d293ebe1b58c37b5e0f74f3cc746bdd7fe5e5224fc62309f477
ARC-05-044,work_career,충청권 전직기·재교육 직업·고용·경력,person,not_estimable,,,,E,b0991a858790689cba2f23bd3335e4aaf17282cbfb846d91a6294917c7c4d3f7
ARC-05-045,work_career,충청권 은퇴전후·성장지향 직업·고용·경력,person,not_estimable,,,,E,6e472dacec9e42327414c96832622d73eb8445ece6938ec5ef6588b78c392872
ARC-05-046,work_career,충청권 은퇴전후·안정지향 직업·고용·경력,person,not_estimable,,,,E,e97aa9c7997f75bb4c1ba616ecd1b06bc5aedbd7c60d36cea209f4d19f8e2a20
ARC-05-047,work_career,충청권 은퇴전후·유연근무 직업·고용·경력,person,not_estimable,,,,E,abd9da134eb9d9582f7042ce482b4c9b01167c40f30a53d30679c6de2ff24859
ARC-05-048,work_career,충청권 은퇴전후·재교육 직업·고용·경력,person,not_estimable,,,,E,259f6748c41a947fac225b7d92f3c21441473e2416b672484e987283c51e4ce7
ARC-05-049,work_career,호남권 취업초기·성장지향 직업·고용·경력,person,not_estimable,,,,E,9267cf5863752606c75186210f6c2ffc7268022c67f0bf1dc1324f634821f2e9
ARC-05-050,work_career,호남권 취업초기·안정지향 직업·고용·경력,person,not_estimable,,,,E,f02cbefad54c644cee55f83fa011d96fd79d43434f6cb2d4beebd3ce900ea34c
ARC-05-051,work_career,호남권 취업초기·유연근무 직업·고용·경력,person,not_estimable,,,,E,84d1630bd3d476ddb4955b725f2ea922a191c0ca1db504a8efb5aa5fff964a2c
ARC-05-052,work_career,호남권 취업초기·재교육 직업·고용·경력,person,not_estimable,,,,E,5485c9181bc47738a51d1f6adba727a83e78fed3cdf684814a6ec0948a70e93b
ARC-05-053,work_career,호남권 경력직·성장지향 직업·고용·경력,person,not_estimable,,,,E,76e6d02cf9dcf1e9f960c730a9773f861e79e62c3b65ce3dc65cb3cbaf03322f
ARC-05-054,work_career,호남권 경력직·안정지향 직업·고용·경력,person,not_estimable,,,,E,fbb366b7ddc9560ced9d55aed83fb5199df88dda6dc72e2343debfdbe8ed48d7
ARC-05-055,work_career,호남권 경력직·유연근무 직업·고용·경력,person,not_estimable,,,,E,62b68db21a7bda47af5ea396460f978398195d367a540bcbdc8db239d8d17e59
ARC-05-056,work_career,호남권 경력직·재교육 직업·고용·경력,person,not_estimable,,,,E,2ac20cf3747acf8d410491e522860380ce4d49eb092dd01cbf4791a4bc45b28d
ARC-05-057,work_career,호남권 전직기·성장지향 직업·고용·경력,person,not_estimable,,,,E,a2d344f56262b2b3e38c15828aa49c1e8d036563b5e6506469cada1e942a38ce
ARC-05-058,work_career,호남권 전직기·안정지향 직업·고용·경력,person,not_estimable,,,,E,ce4abc84e2d9e631d40a05b453907dd6e0a880d75ac5cbae9cbc30d3e977cece
ARC-05-059,work_career,호남권 전직기·유연근무 직업·고용·경력,person,not_estimable,,,,E,41895a65ded88ab21c8ed33d91e469fb75298d17d9cccdc60e58ded3b85758f9
ARC-05-060,work_career,호남권 전직기·재교육 직업·고용·경력,person,not_estimable,,,,E,5c91e445f8fc7a060fdf8aa7cfe3cba89c17defe229c78f10fe16de077f010a8
ARC-05-061,work_career,호남권 은퇴전후·성장지향 직업·고용·경력,person,not_estimable,,,,E,a8d74f1a2c30df9b6627a7026a3c5259368c9c60c2f3c8b9d09d9875be3d4561
ARC-05-062,work_career,호남권 은퇴전후·안정지향 직업·고용·경력,person,not_estimable,,,,E,076ca0e203826607e60f37ca12d8fb7b5d7bd502b02b805dd3a660220d8f6bb5
ARC-05-063,work_career,호남권 은퇴전후·유연근무 직업·고용·경력,person,not_estimable,,,,E,f8e7de2082e2ae673ef607784677fc396db57f6d376e71968c6c72e79ca471fa
ARC-05-064,work_career,호남권 은퇴전후·재교육 직업·고용·경력,person,not_estimable,,,,E,15fc95f9886aa2fcaa2fa4e5a3602848087b742a08a4e2b7ac6d21cc6ff30f99
ARC-05-065,work_career,영남권 취업초기·성장지향 직업·고용·경력,person,not_estimable,,,,E,88cd00c411808a4b66a415f16a0f7ce19ee3b2d03c69108fb0a3ffcc33c5427a
ARC-05-066,work_career,영남권 취업초기·안정지향 직업·고용·경력,person,not_estimable,,,,E,6a732c2880056961214214d303f16decc3e870fe215a1b69fa5ffcc6eb9866fc
ARC-05-067,work_career,영남권 취업초기·유연근무 직업·고용·경력,person,not_estimable,,,,E,90f75a7afc54ccc56a2cf83121b1959827a6b882aaef955066cbd849db58ca7b
ARC-05-068,work_career,영남권 취업초기·재교육 직업·고용·경력,person,not_estimable,,,,E,a67ab28febf8d529dbde699c70786588d8ff3c128f892202cd3f5ab790ef1a24
ARC-05-069,work_career,영남권 경력직·성장지향 직업·고용·경력,person,not_estimable,,,,E,27fbe458bb419b1dcbba0b2c9d87901c5c0a8e11bb0a9fdbea02fa7a76fe53f8
ARC-05-070,work_career,영남권 경력직·안정지향 직업·고용·경력,person,not_estimable,,,,E,32a5d1a6dd7fdf7f62da5d1cd8ac61299b28d231b5cb7f7486834e5e86590181
ARC-05-071,work_career,영남권 경력직·유연근무 직업·고용·경력,person,not_estimable,,,,E,80ff153f2e468182b23b49cf267430dd637b682eba457067764ac828e04c552f
ARC-05-072,work_career,영남권 경력직·재교육 직업·고용·경력,person,not_estimable,,,,E,641eb518d589ca819d9b76f4db62f950cad9a5e9a0e3dc1e85ae88bcc1046b3a
ARC-05-073,work_career,영남권 전직기·성장지향 직업·고용·경력,person,not_estimable,,,,E,7501ffe0209e2af302cc36a58229644a220eb486011d73f9d3fe2daf275b4df8
ARC-05-074,work_career,영남권 전직기·안정지향 직업·고용·경력,person,not_estimable,,,,E,ffe2ffe64716abe83ecba833017f09e1c2852a1a363bfef58500dfbbba4ab531
ARC-05-075,work_career,영남권 전직기·유연근무 직업·고용·경력,person,not_estimable,,,,E,49818d642a89ac034d9c16bcb1bff6290c6dd1d778645fbbcc20a1c36b8528bd
ARC-05-076,work_career,영남권 전직기·재교육 직업·고용·경력,person,not_estimable,,,,E,2503837f0ee7b59e7943139048a5b50282fbae86dca0d3d35bf4a2696854dcd9
ARC-05-077,work_career,영남권 은퇴전후·성장지향 직업·고용·경력,person,not_estimable,,,,E,1f8d653dd2e11764bb8e946bad2b7c16fb0e38235a7b734d5ea7e8dbbedb30a8
ARC-05-078,work_career,영남권 은퇴전후·안정지향 직업·고용·경력,person,not_estimable,,,,E,44ac50630bcf610a775b3055d2788fcbfffa779776a0c3b4e77eccda034c710e
ARC-05-079,work_career,영남권 은퇴전후·유연근무 직업·고용·경력,person,not_estimable,,,,E,8bc94cd4143b5d092ec630ec67c4b9f259b8565fbc9e884ab9a43a074bea5cec
ARC-05-080,work_career,영남권 은퇴전후·재교육 직업·고용·경력,person,not_estimable,,,,E,de974a7066355f989193def243b0bd5510d4c5b3ef3cf67bde25474ab4adaf2b
ARC-06-001,small_business,대한민국 홈페이지 미보유 60대 음식점 사업자,enterprise,estimated,130000,170000,210000,D,22fd8c1588b6f59ddd12b8c1e0877933b596c99ee3a8c164687a03b6b3a724cf
ARC-06-002,small_business,전국 창업초기·홈페이지 미보유 자영업·소상공인·사업 운영,enterprise,not_estimable,,,,E,fb883af790f627c0ceff1fbed821cbcd30a1cab53bb448f5fceb740b2731dd0b
ARC-06-003,small_business,전국 창업초기·온라인판매 자영업·소상공인·사업 운영,enterprise,not_estimable,,,,E,d4e0d6345dd9d0c2b0e5deff97d60e6a3bf2d0b365d3a0446da81bda5177a089
ARC-06-004,small_business,전국 창업초기·운영자동화 자영업·소상공인·사업 운영,enterprise,not_estimable,,,,E,23b4be13e866aa96303c37aecb4ea0142e036ebda466011bf0013b0fb29214ad
ARC-06-005,small_business,전국 성장기·오프라인 중심 자영업·소상공인·사업 운영,enterprise,not_estimable,,,,E,37bafd532c732b3556918c98b0747a9e7675a3dca980520df3464fc2544deba0
ARC-06-006,small_business,전국 성장기·홈페이지 미보유 자영업·소상공인·사업 운영,enterprise,not_estimable,,,,E,2f2620a15c2dbb444559231e012bf03cda3a21ac846fd96de61e01e55a66a599
ARC-06-007,small_business,전국 성장기·온라인판매 자영업·소상공인·사업 운영,enterprise,not_estimable,,,,E,007b582a5f8aaee0efd8083d214119c18c7f255722b3075e0ea89a5410e01049
ARC-06-008,small_business,전국 성장기·운영자동화 자영업·소상공인·사업 운영,enterprise,not_estimable,,,,E,ae292b5f4a37d62f89cd33c1d6f1a3616adf74b23685e857ada63dc98f4b0fd8
ARC-06-009,small_business,전국 안정운영·오프라인 중심 자영업·소상공인·사업 운영,enterprise,not_estimable,,,,E,de3141cd4d7e4700f769962e08da59b7b5016a5397f375fc40822957a3d277d8
ARC-06-010,small_business,전국 안정운영·홈페이지 미보유 자영업·소상공인·사업 운영,enterprise,not_estimable,,,,E,2def95757ba4e70fc6c9c46b164aba13a8a27fa58472ed2728601228cb89ffe9
ARC-06-011,small_business,전국 안정운영·온라인판매 자영업·소상공인·사업 운영,enterprise,not_estimable,,,,E,813dc77c8833818a8e8ca0a7db07db2b4caf674887c033fa5ca8172d8af35f6a
ARC-06-012,small_business,전국 안정운영·운영자동화 자영업·소상공인·사업 운영,enterprise,not_estimable,,,,E,426085c3e0c7132831d007b1c647ec82cea000605702fedabb16dc56d61f2521
ARC-06-013,small_business,전국 승계·폐업전환·오프라인 중심 자영업·소상공인·사업 운영,enterprise,not_estimable,,,,E,5ebd50fca92f0c95b89b4dd097957ef95a85306dc4cdb2620dd46540d0bc5d8a
ARC-06-014,small_business,전국 승계·폐업전환·홈페이지 미보유 자영업·소상공인·사업 운영,enterprise,not_estimable,,,,E,fcdb4ecfe8dcb3311e3ec91774cef73bb3721fc822f8446a4f960eadf5d7d962
ARC-06-015,small_business,전국 승계·폐업전환·온라인판매 자영업·소상공인·사업 운영,enterprise,not_estimable,,,,E,7fba6ed660110e838c199ef1751f1dbedb06a734a299edc14d881af80d1faa42
ARC-06-016,small_business,전국 승계·폐업전환·운영자동화 자영업·소상공인·사업 운영,enterprise,not_estimable,,,,E,7bfe0838724dba5f7bf4aeddbe853def519a8e41604c1b238ec2edd9f360e03f
ARC-06-017,small_business,수도권 창업초기·오프라인 중심 자영업·소상공인·사업 운영,enterprise,not_estimable,,,,E,fd5d50af73cfb8f282c8645b491ac331ee0f601fde8b5517744c280eb43b48d7
ARC-06-018,small_business,수도권 창업초기·홈페이지 미보유 자영업·소상공인·사업 운영,enterprise,not_estimable,,,,E,30942d1e860d579e6f48d3f64fbf76d5e0dc4ec3f289c95cf27c970227636031
ARC-06-019,small_business,수도권 창업초기·온라인판매 자영업·소상공인·사업 운영,enterprise,not_estimable,,,,E,44bbaf3b694d22454a23554132a7738949492967b7cc03c9813e005d675028e4
ARC-06-020,small_business,수도권 창업초기·운영자동화 자영업·소상공인·사업 운영,enterprise,not_estimable,,,,E,d342009ac6a613ab980ab65eadb6e23744b345e7a9d490420a05b6edd67bfe08
ARC-06-021,small_business,수도권 성장기·오프라인 중심 자영업·소상공인·사업 운영,enterprise,not_estimable,,,,E,d8f42bc710c7134017aa2c3fb4395fa38aecafc774effa352bcc0fca66121944
ARC-06-022,small_business,수도권 성장기·홈페이지 미보유 자영업·소상공인·사업 운영,enterprise,not_estimable,,,,E,5c59d4772607c32d12b9aec4c943e4359c67f816cce66901966b843990acba15
ARC-06-023,small_business,수도권 성장기·온라인판매 자영업·소상공인·사업 운영,enterprise,not_estimable,,,,E,be3f50871365a4cd638fb5d3eba71344d2d62e8dfcd4edcd2a40514c324d47b0
ARC-06-024,small_business,수도권 성장기·운영자동화 자영업·소상공인·사업 운영,enterprise,not_estimable,,,,E,cd72073f0b8ca1385d2a1df5073abeebccb22bc180234b9ce5406f6858942e00
ARC-06-025,small_business,수도권 안정운영·오프라인 중심 자영업·소상공인·사업 운영,enterprise,not_estimable,,,,E,58ff6a96dc6886ac39edd361d070d36b6a02683864c6d9df0aecffaa28e30b54
ARC-06-026,small_business,수도권 안정운영·홈페이지 미보유 자영업·소상공인·사업 운영,enterprise,not_estimable,,,,E,b1211414677a801cb604e8a39d312bf0635f166768dbad6052598d9f34ececa2
ARC-06-027,small_business,수도권 안정운영·온라인판매 자영업·소상공인·사업 운영,enterprise,not_estimable,,,,E,a613444a08329d067de49b598e43f43accdb7fd4efce940768a1d71aff360ef0
ARC-06-028,small_business,수도권 안정운영·운영자동화 자영업·소상공인·사업 운영,enterprise,not_estimable,,,,E,69ac4db9747ba43a98b2f9d027329137bb978d7c8695e79570518aa76faad3cf
ARC-06-029,small_business,수도권 승계·폐업전환·오프라인 중심 자영업·소상공인·사업 운영,enterprise,not_estimable,,,,E,47fac4ce524246b4bc3d819da2ccd903d4ba82b707f589a8f93b1ff119f92819
ARC-06-030,small_business,수도권 승계·폐업전환·홈페이지 미보유 자영업·소상공인·사업 운영,enterprise,not_estimable,,,,E,cdb14d64513ae2694358b959fab75dd8fdf72683d71dc547bd19a9251578b15c
ARC-06-031,small_business,수도권 승계·폐업전환·온라인판매 자영업·소상공인·사업 운영,enterprise,not_estimable,,,,E,5662127fc9ac6c2ff4fbd1c0c78f7731b7aed5a1b5e75ade643124c9fdfcfd66
ARC-06-032,small_business,수도권 승계·폐업전환·운영자동화 자영업·소상공인·사업 운영,enterprise,not_estimable,,,,E,32c5a1561492df1f2f0673637e771e115eba6e8171da26f168403f111a41591e
ARC-06-033,small_business,충청권 창업초기·오프라인 중심 자영업·소상공인·사업 운영,enterprise,not_estimable,,,,E,24d46e1d178603d5ced8640b8f13074b3a02087fe01304dbc5384d9c360585e1
ARC-06-034,small_business,충청권 창업초기·홈페이지 미보유 자영업·소상공인·사업 운영,enterprise,not_estimable,,,,E,88cb1bff3f999e84d16d4e904167f39fc7705c80c0ce36fd5ea48ce10e721140
ARC-06-035,small_business,충청권 창업초기·온라인판매 자영업·소상공인·사업 운영,enterprise,not_estimable,,,,E,4a79b4576744b21f9dfc35bef7df211e96711b632663fb671240f13de27df163
ARC-06-036,small_business,충청권 창업초기·운영자동화 자영업·소상공인·사업 운영,enterprise,not_estimable,,,,E,db5f7ceb2ff1a49bdfa70e0ebf014cbd11d4db5831a74c56c9ff9d0c661a7779
ARC-06-037,small_business,충청권 성장기·오프라인 중심 자영업·소상공인·사업 운영,enterprise,not_estimable,,,,E,6156fa6308428677399d262b5752eee9833b169d3706e574cc065adeed96c399
ARC-06-038,small_business,충청권 성장기·홈페이지 미보유 자영업·소상공인·사업 운영,enterprise,not_estimable,,,,E,f37c4ba791fe76279ead7b9f886ba48a20f5ec60aeb8a17d19b4da4d592ccbeb
ARC-06-039,small_business,충청권 성장기·온라인판매 자영업·소상공인·사업 운영,enterprise,not_estimable,,,,E,baa511553fe3c505d69968506f144ce9e486761f109ffc115c965f54f653386f
ARC-06-040,small_business,충청권 성장기·운영자동화 자영업·소상공인·사업 운영,enterprise,not_estimable,,,,E,c7e362de293f8f878c1dcf04f1ff56766617423c9521de8a32eff616ea6df56d
ARC-06-041,small_business,충청권 안정운영·오프라인 중심 자영업·소상공인·사업 운영,enterprise,not_estimable,,,,E,28752f801be0993ac498845585ca750a9062c3f11e2a3ad6227d2c541ad10fc1
ARC-06-042,small_business,충청권 안정운영·홈페이지 미보유 자영업·소상공인·사업 운영,enterprise,not_estimable,,,,E,6f3254952e0fd5f9bf57948cf296c8c26776126c8c9e2b95b753d6fb257e4068
ARC-06-043,small_business,충청권 안정운영·온라인판매 자영업·소상공인·사업 운영,enterprise,not_estimable,,,,E,18af362e9e57a98a9b4aec2afadd9b12dcfe9fb63bf5eb285c82196df95ab7a7
ARC-06-044,small_business,충청권 안정운영·운영자동화 자영업·소상공인·사업 운영,enterprise,not_estimable,,,,E,1061e868904df858ab29f7ecbce74be6a71cbfca346b68cfa8ac17ba8129f708
ARC-06-045,small_business,충청권 승계·폐업전환·오프라인 중심 자영업·소상공인·사업 운영,enterprise,not_estimable,,,,E,7c40f51c24a9eae0ee6f5933f39da170eaa28121b37f656cb1597ff1b3c385b4
ARC-06-046,small_business,충청권 승계·폐업전환·홈페이지 미보유 자영업·소상공인·사업 운영,enterprise,not_estimable,,,,E,aefd024338b9a6eb6dc5876f380096c0651cd0d7a3aed238554316f6f46b4472
ARC-06-047,small_business,충청권 승계·폐업전환·온라인판매 자영업·소상공인·사업 운영,enterprise,not_estimable,,,,E,a012d0b397d00b55a9a259b31bb808f11ae497aa7d58ac299e05ba201f96c666
ARC-06-048,small_business,충청권 승계·폐업전환·운영자동화 자영업·소상공인·사업 운영,enterprise,not_estimable,,,,E,dbfb870a782ae78db54a2c607fe8195f003b31f92150d3b95a48af3d3cb7d2d3
ARC-06-049,small_business,호남권 창업초기·오프라인 중심 자영업·소상공인·사업 운영,enterprise,not_estimable,,,,E,fb3aaace8edfbc5e3e1afa023f165626d4ba0d2d741d568b33feb5639e7a9e4d
ARC-06-050,small_business,호남권 창업초기·홈페이지 미보유 자영업·소상공인·사업 운영,enterprise,not_estimable,,,,E,f626205369e2445e4c91c9621cccf49ea56a5ac0e4dbe5af655ad9259d419309
ARC-06-051,small_business,호남권 창업초기·온라인판매 자영업·소상공인·사업 운영,enterprise,not_estimable,,,,E,de36bb22c67325611343912e180eb2a8d480decae34bb85ab2342f136c35405c
ARC-06-052,small_business,호남권 창업초기·운영자동화 자영업·소상공인·사업 운영,enterprise,not_estimable,,,,E,28358529afeb7a1ea3e683f14ae2002209af2add570ef21051836bac2c157730
ARC-06-053,small_business,호남권 성장기·오프라인 중심 자영업·소상공인·사업 운영,enterprise,not_estimable,,,,E,4ea0411c67974de56f12b15155457df90d74624af6e5f06ea06b1ff037d55365
ARC-06-054,small_business,호남권 성장기·홈페이지 미보유 자영업·소상공인·사업 운영,enterprise,not_estimable,,,,E,eb4d4be45a1ac57286fa0f737bdc0d198060787a4266ee786e02ea79e53454e1
ARC-06-055,small_business,호남권 성장기·온라인판매 자영업·소상공인·사업 운영,enterprise,not_estimable,,,,E,cbf5266c452428d1d8c33be18853226fcfc95d21d63b9206741cc969922777ce
ARC-06-056,small_business,호남권 성장기·운영자동화 자영업·소상공인·사업 운영,enterprise,not_estimable,,,,E,80f5e138ab50ec0febaec293a2aae78da2ef9647dbfcf199c597266623a4f2e6
ARC-06-057,small_business,호남권 안정운영·오프라인 중심 자영업·소상공인·사업 운영,enterprise,not_estimable,,,,E,98e14e9a4352280765c45d56703b4184321ae8ce53504a371313d28284960148
ARC-06-058,small_business,호남권 안정운영·홈페이지 미보유 자영업·소상공인·사업 운영,enterprise,not_estimable,,,,E,ffc2d09114c766e48adcc96ece9d45d4b7fec0de85666dcd99c1f8097c45c998
ARC-06-059,small_business,호남권 안정운영·온라인판매 자영업·소상공인·사업 운영,enterprise,not_estimable,,,,E,69d4415d23c88dc14df7bde451cd087056831650c72a618c9f4624f45ae75252
ARC-06-060,small_business,호남권 안정운영·운영자동화 자영업·소상공인·사업 운영,enterprise,not_estimable,,,,E,e5f8206e01dc73332c7adee29acf2bc5bfa1ad67a484b769e5c267c07c832bac
ARC-06-061,small_business,호남권 승계·폐업전환·오프라인 중심 자영업·소상공인·사업 운영,enterprise,not_estimable,,,,E,a28af0ebb54c6898bb7b9e81d52c78770425fced8472262abaeecee3d7c52a84
ARC-06-062,small_business,호남권 승계·폐업전환·홈페이지 미보유 자영업·소상공인·사업 운영,enterprise,not_estimable,,,,E,95f79ddaa0a782db56e45411cbe864fde7f8b4f237c735f634b89c4d827b0e83
ARC-06-063,small_business,호남권 승계·폐업전환·온라인판매 자영업·소상공인·사업 운영,enterprise,not_estimable,,,,E,073894f21a8d65a3c288b2048063717b55141c54bc616981eeb090cb68171a65
ARC-06-064,small_business,호남권 승계·폐업전환·운영자동화 자영업·소상공인·사업 운영,enterprise,not_estimable,,,,E,21b20f09e5bb7a6004d979a57d2a912a24023fa46624bd776da4bd1377867344
ARC-06-065,small_business,영남권 창업초기·오프라인 중심 자영업·소상공인·사업 운영,enterprise,not_estimable,,,,E,bbe74b9b45cae4abc408b9fae1754e2efb31dd9a0af4ad5df102c50791edebda
ARC-06-066,small_business,영남권 창업초기·홈페이지 미보유 자영업·소상공인·사업 운영,enterprise,not_estimable,,,,E,89532a19a78f1d904dcfb8b5ab730ba25a1484dc02f31da01bdf87cb4626ff00
ARC-06-067,small_business,영남권 창업초기·온라인판매 자영업·소상공인·사업 운영,enterprise,not_estimable,,,,E,e356c186f7963746030b8045826660c6c011d516b26c1dee86ffb6c4aba25ce0
ARC-06-068,small_business,영남권 창업초기·운영자동화 자영업·소상공인·사업 운영,enterprise,not_estimable,,,,E,228ec923cf2027c95c2129bb7dae31ebb29e26e294d37a1d4e79b9ff5e8995d8
ARC-06-069,small_business,영남권 성장기·오프라인 중심 자영업·소상공인·사업 운영,enterprise,not_estimable,,,,E,7c3f94571791d5ea3d9e6b44e39259256dec3ed90c22a84182e8c98bafcfb1c3
ARC-06-070,small_business,영남권 성장기·홈페이지 미보유 자영업·소상공인·사업 운영,enterprise,not_estimable,,,,E,b9fdcb3d8cd11497ba8e1e5db7af266ca2243cb605b240fb5e6ced201a708616
ARC-06-071,small_business,영남권 성장기·온라인판매 자영업·소상공인·사업 운영,enterprise,not_estimable,,,,E,3ea496524356bfa1a857b772a1c71f46a97c2a6b58f3d84de61873123365cbb2
ARC-06-072,small_business,영남권 성장기·운영자동화 자영업·소상공인·사업 운영,enterprise,not_estimable,,,,E,0f02e0d9854f2e309df29d07276e53a9dfad8109f5bf926ed5ae6376c4f29860
ARC-06-073,small_business,영남권 안정운영·오프라인 중심 자영업·소상공인·사업 운영,enterprise,not_estimable,,,,E,d05cd619549d20e2c0f7401901f3284d53348f336ac4bc903781b8af3f47474a
ARC-06-074,small_business,영남권 안정운영·홈페이지 미보유 자영업·소상공인·사업 운영,enterprise,not_estimable,,,,E,dcfcce0aa81f408781b860e843205e6d7fd3667d3426a34cfc00f686d0006890
ARC-06-075,small_business,영남권 안정운영·온라인판매 자영업·소상공인·사업 운영,enterprise,not_estimable,,,,E,c43b32d03e9ab4ce52d8c094a299ee1d0ea34229be6f013d3034c6d65f985526
ARC-06-076,small_business,영남권 안정운영·운영자동화 자영업·소상공인·사업 운영,enterprise,not_estimable,,,,E,b94798bb018819ef370257adb75a8e246cff883060968422e5800bad50c0d4e7
ARC-06-077,small_business,영남권 승계·폐업전환·오프라인 중심 자영업·소상공인·사업 운영,enterprise,not_estimable,,,,E,2bb8f30ae6c9bb8424b50ff72d14d8e951bde58416598563ff9d8fe2205d0ee4
ARC-06-078,small_business,영남권 승계·폐업전환·홈페이지 미보유 자영업·소상공인·사업 운영,enterprise,not_estimable,,,,E,e34304c727c436e623907e964b136acb1a7118c21a0c798d16fddbf30576ebe6
ARC-06-079,small_business,영남권 승계·폐업전환·온라인판매 자영업·소상공인·사업 운영,enterprise,not_estimable,,,,E,617ac8e36a36a370473343a32de525a8ce7a148897733d5318b493f8caf75a16
ARC-06-080,small_business,영남권 승계·폐업전환·운영자동화 자영업·소상공인·사업 운영,enterprise,not_estimable,,,,E,05ff75728f93aa4ebdd7bf6e43005907803dabc3dd0b549f7a34b3814787975f
ARC-07-001,financial_capacity,전국 저소득·저축중심 소득·자산·부채·소비여력,household,not_estimable,,,,E,3b7eb69f30c48f6c960df09eff43e0e59efd6084125449d6f14cd95c7df4af3b
ARC-07-002,financial_capacity,전국 저소득·부채상환 소득·자산·부채·소비여력,household,not_estimable,,,,E,c5a3c4730e002e83a6feb31e423d76cc31a91e9212beb244c5137afe1d3ca939
ARC-07-003,financial_capacity,전국 저소득·투자지향 소득·자산·부채·소비여력,household,not_estimable,,,,E,cf425b008bd93c23aae7aac97cb2531aeb9d0aed5ab7d2c058bf0c45c29df7c8
ARC-07-004,financial_capacity,전국 저소득·위험관리 소득·자산·부채·소비여력,household,not_estimable,,,,E,55497ec7e2fc523788e801f7fafb2f351c3a9768a8604b3ba73f395147836145
ARC-07-005,financial_capacity,전국 중간소득·저축중심 소득·자산·부채·소비여력,household,not_estimable,,,,E,3f4e38624a2b832d7e85e4919a04affecea35c49c9f895c52693fa720ca66587
ARC-07-006,financial_capacity,전국 중간소득·부채상환 소득·자산·부채·소비여력,household,not_estimable,,,,E,b57158d62bcca69d48dc477027afe9508e0d41409343bdf949feecdc86e3bfc1
ARC-07-007,financial_capacity,전국 중간소득·투자지향 소득·자산·부채·소비여력,household,not_estimable,,,,E,93a31542aff18e3fed20d00fe095b26dd532bf1247e6ec0dba761995e1f168f3
ARC-07-008,financial_capacity,전국 중간소득·위험관리 소득·자산·부채·소비여력,household,not_estimable,,,,E,d469f1b7f0d4cec0439f1efafc3743ae3ee4c753b95ff85426657bbb9fcd70c0
ARC-07-009,financial_capacity,전국 상위소득·저축중심 소득·자산·부채·소비여력,household,not_estimable,,,,E,4a92be0a384ee77606c7f396adec125ee2f35b4d79601076ef803984ebcbab96
ARC-07-010,financial_capacity,전국 상위소득·부채상환 소득·자산·부채·소비여력,household,not_estimable,,,,E,52636863f8ae8436860ff4f33f33b63dc2758b3fb59323b8fecff0b43d9d3591
ARC-07-011,financial_capacity,전국 상위소득·투자지향 소득·자산·부채·소비여력,household,not_estimable,,,,E,598991bef1e0aa76f51cf53635a39e6ceef14777bc6f9eb54e6ced59b6fd9801
ARC-07-012,financial_capacity,전국 상위소득·위험관리 소득·자산·부채·소비여력,household,not_estimable,,,,E,83f7c67308871e49033ff6b86f255853754abf499b133ee116740df63840d434
ARC-07-013,financial_capacity,전국 은퇴소득·저축중심 소득·자산·부채·소비여력,household,not_estimable,,,,E,1e32c86032fdf19955065dde1262da04fe9b3001d15ebcfb41611cb6d477ddaa
ARC-07-014,financial_capacity,전국 은퇴소득·부채상환 소득·자산·부채·소비여력,household,not_estimable,,,,E,a97387e64776c984564e7b0a3f6fb21804c09e605f7fc1250c54ebcfa93a0360
ARC-07-015,financial_capacity,전국 은퇴소득·투자지향 소득·자산·부채·소비여력,household,not_estimable,,,,E,1ec6f2d76eef4bed5141ae5b87dbfb5b028261fa8a31ab1f332543ae33f53414
ARC-07-016,financial_capacity,전국 은퇴소득·위험관리 소득·자산·부채·소비여력,household,not_estimable,,,,E,b271d95cb3a8888d4153b4b6961024074d31378d5febd6c30628c38e810726b9
ARC-07-017,financial_capacity,수도권 저소득·저축중심 소득·자산·부채·소비여력,household,not_estimable,,,,E,4695a8932c773214d9455ebd46d8b35df8ca6e8bc341bdcc64604b164ae5e9e7
ARC-07-018,financial_capacity,수도권 저소득·부채상환 소득·자산·부채·소비여력,household,not_estimable,,,,E,61ce47a44fff2bf1c4c671c7c0cf61a90ecec917eba9e63316aa3da5bde773fd
ARC-07-019,financial_capacity,수도권 저소득·투자지향 소득·자산·부채·소비여력,household,not_estimable,,,,E,1c220617139c8f9707d3cbb4b9e9d067e06a1e443c8ccc6d30262c13cad30d34
ARC-07-020,financial_capacity,수도권 저소득·위험관리 소득·자산·부채·소비여력,household,not_estimable,,,,E,52ac62c01e245d6af9227ac0ea97278d03fe02f01497d46991385f84ad24282e
ARC-07-021,financial_capacity,수도권 중간소득·저축중심 소득·자산·부채·소비여력,household,not_estimable,,,,E,ddc039f8b07206411389988d70fd1983cbea9cd454d529465d04d89b94c27741
ARC-07-022,financial_capacity,수도권 중간소득·부채상환 소득·자산·부채·소비여력,household,not_estimable,,,,E,e301fe71f5e382c71058028c41c8c4cded895174c75c3a38fe1b99ea5d57d341
ARC-07-023,financial_capacity,수도권 중간소득·투자지향 소득·자산·부채·소비여력,household,not_estimable,,,,E,580eb890cc1c62e560eb1ec408abcfbe320230bd04be01d4e93b494a1c394c17
ARC-07-024,financial_capacity,수도권 중간소득·위험관리 소득·자산·부채·소비여력,household,not_estimable,,,,E,ef1a17772971eb539f73907bda6a9365f07302af1e44217bb96e9814516778f0
ARC-07-025,financial_capacity,수도권 상위소득·저축중심 소득·자산·부채·소비여력,household,not_estimable,,,,E,05de09aaf74a12d806bc4d250de3936d184a2d4abfeafc3f55985bf2572c8bb6
ARC-07-026,financial_capacity,수도권 상위소득·부채상환 소득·자산·부채·소비여력,household,not_estimable,,,,E,41ad7216d638960f9f4567b72aab54323c9eb20c24f8dc943a9c012d98e46977
ARC-07-027,financial_capacity,수도권 상위소득·투자지향 소득·자산·부채·소비여력,household,not_estimable,,,,E,068316064d6611de785c390c68633fce6edc343572e40fe1777a4394a677528a
ARC-07-028,financial_capacity,수도권 상위소득·위험관리 소득·자산·부채·소비여력,household,not_estimable,,,,E,98a9f6b03be94232254db83ec07191983bd1e184e27ff49d4e931135cb98acf1
ARC-07-029,financial_capacity,수도권 은퇴소득·저축중심 소득·자산·부채·소비여력,household,not_estimable,,,,E,4aeaf095fc39f5ed6e2a4173c05fa4049355c7787df71adca9b50ed23c6dbbe6
ARC-07-030,financial_capacity,수도권 은퇴소득·부채상환 소득·자산·부채·소비여력,household,not_estimable,,,,E,421f35fa2a14f8c0de3ca0c11a4b3387a8fb92524a65f9ec87d3bc3f09f96600
ARC-07-031,financial_capacity,수도권 은퇴소득·투자지향 소득·자산·부채·소비여력,household,not_estimable,,,,E,f69d94457dfbfd3449d28a1cea41662a1f8ba88ea276c9a72ee967118722bfa1
ARC-07-032,financial_capacity,수도권 은퇴소득·위험관리 소득·자산·부채·소비여력,household,not_estimable,,,,E,79e69b5812f1a2373aba7d07fbd8e917627051834f9b99ae5b6095d4110bf7da
ARC-07-033,financial_capacity,충청권 저소득·저축중심 소득·자산·부채·소비여력,household,not_estimable,,,,E,29886583aedd3f160a68aa9d53c782389d8e5eee0db014c4d7c413ce5cf32dd6
ARC-07-034,financial_capacity,충청권 저소득·부채상환 소득·자산·부채·소비여력,household,not_estimable,,,,E,c3b9ecc2fb4c513e2a53d95ac140490e2fa1d6c0c7c1e3ec685139588e9f9795
ARC-07-035,financial_capacity,충청권 저소득·투자지향 소득·자산·부채·소비여력,household,not_estimable,,,,E,7c0e453b21806bd0c1ffb95cd334f053451d11f81836969a52708a9ce334f037
ARC-07-036,financial_capacity,충청권 저소득·위험관리 소득·자산·부채·소비여력,household,not_estimable,,,,E,53a54fcd42f30a40b40e5e5429299f4682701e01117272c396758184256a5991
ARC-07-037,financial_capacity,충청권 중간소득·저축중심 소득·자산·부채·소비여력,household,not_estimable,,,,E,6227c3159789de40fc6b9dba7db6a29c8c3d235b2e7c3482a8284b400f93ef24
ARC-07-038,financial_capacity,충청권 중간소득·부채상환 소득·자산·부채·소비여력,household,not_estimable,,,,E,84a926e93a6864e2bf7e21f02519a74ac3f1f6bf40469616450827aedb78322b
ARC-07-039,financial_capacity,충청권 중간소득·투자지향 소득·자산·부채·소비여력,household,not_estimable,,,,E,6595db8e24471813458f64df777fee7e5945d9c215acaf8376ec06423f53ed6b
ARC-07-040,financial_capacity,충청권 중간소득·위험관리 소득·자산·부채·소비여력,household,not_estimable,,,,E,2f06fbe1837cac073ce8a1f52d5282260ebd2cb666481442ba8a86ec20848ee0
ARC-07-041,financial_capacity,충청권 상위소득·저축중심 소득·자산·부채·소비여력,household,not_estimable,,,,E,77d0c5c3b35e662a0b6d29c40e861b2817f2cc46594922aa2f2b5ff2c9e7a688
ARC-07-042,financial_capacity,충청권 상위소득·부채상환 소득·자산·부채·소비여력,household,not_estimable,,,,E,132581c4f26b1c020344f0c51b73a6c2b5965ce4734e0bb9a0c4d5a9bd740b10
ARC-07-043,financial_capacity,충청권 상위소득·투자지향 소득·자산·부채·소비여력,household,not_estimable,,,,E,36681308f8227e9a6e40f489c59b133a6bcf34071812696718601554a5c47634
ARC-07-044,financial_capacity,충청권 상위소득·위험관리 소득·자산·부채·소비여력,household,not_estimable,,,,E,6ae9de3349af22615f2bc13b5f2979ee8afdf65286e062b113887b9646214730
ARC-07-045,financial_capacity,충청권 은퇴소득·저축중심 소득·자산·부채·소비여력,household,not_estimable,,,,E,a25299306f95eac3b179d26f13bbd464b070230179e41e36d388af1899d97af5
ARC-07-046,financial_capacity,충청권 은퇴소득·부채상환 소득·자산·부채·소비여력,household,not_estimable,,,,E,1285a2f1da011ae349098d58617017a219619cda9807f519fc422a3ae63a7df9
ARC-07-047,financial_capacity,충청권 은퇴소득·투자지향 소득·자산·부채·소비여력,household,not_estimable,,,,E,e97409c01eaed2eccd64222826efe221f776f0f8ef8e682fa5f4363e910abc91
ARC-07-048,financial_capacity,충청권 은퇴소득·위험관리 소득·자산·부채·소비여력,household,not_estimable,,,,E,9479bb110213cce32de62b2ab4300835f82e36eb46ecb57ff41f4b53bd6abd3a
ARC-07-049,financial_capacity,호남권 저소득·저축중심 소득·자산·부채·소비여력,household,not_estimable,,,,E,aba401ed1ae7cf1afe804752508ae29a84878cfd9b495308fc6562219418add4
ARC-07-050,financial_capacity,호남권 저소득·부채상환 소득·자산·부채·소비여력,household,not_estimable,,,,E,e01ba8d0a624d150ee2de183ff2e76496d87731cf458fc878a7c94f81341bbe2
ARC-07-051,financial_capacity,호남권 저소득·투자지향 소득·자산·부채·소비여력,household,not_estimable,,,,E,90135ae841e06401baf58478d2c84b72f858b1d330c7c5c1d8f074a1ea81cfe6
ARC-07-052,financial_capacity,호남권 저소득·위험관리 소득·자산·부채·소비여력,household,not_estimable,,,,E,1c9f1c0da5196066b28ad2f858f9571d7162c316f777d2685f90bb6e075da883
ARC-07-053,financial_capacity,호남권 중간소득·저축중심 소득·자산·부채·소비여력,household,not_estimable,,,,E,6e39870c6fbf84da114a28ed32b2cacd2348e540731f54c6326b85f166684efc
ARC-07-054,financial_capacity,호남권 중간소득·부채상환 소득·자산·부채·소비여력,household,not_estimable,,,,E,5f022aa97c1e749a3e534492728e845fec3788e67540f780c888ad736c0445cc
ARC-07-055,financial_capacity,호남권 중간소득·투자지향 소득·자산·부채·소비여력,household,not_estimable,,,,E,38f40eceb63f74352f41f95652bd89ebb76a98698e8a2158b752ba261d25cec3
ARC-07-056,financial_capacity,호남권 중간소득·위험관리 소득·자산·부채·소비여력,household,not_estimable,,,,E,4c0358bae93df6cc6a32fb9815c8c7f405da61f751f1ff87701d74738bf27573
ARC-07-057,financial_capacity,호남권 상위소득·저축중심 소득·자산·부채·소비여력,household,not_estimable,,,,E,2573e4811db23283451433af99017b8be2c795f5d74b2210475a17e3602ea447
ARC-07-058,financial_capacity,호남권 상위소득·부채상환 소득·자산·부채·소비여력,household,not_estimable,,,,E,16f7b98fffd96b203bdd7a9a610c3e348bcf545cf45ad5ac54734bcf08f250af
ARC-07-059,financial_capacity,호남권 상위소득·투자지향 소득·자산·부채·소비여력,household,not_estimable,,,,E,b5c5b0299a723ee96ce96e6b7c4817f4f91f3be5247cc80f69d5db826c9abf31
ARC-07-060,financial_capacity,호남권 상위소득·위험관리 소득·자산·부채·소비여력,household,not_estimable,,,,E,121ce2357023f41ed8807dd6b91b41bc307df1f2ad9fd9a5558fd790b25b34df
ARC-07-061,financial_capacity,호남권 은퇴소득·저축중심 소득·자산·부채·소비여력,household,not_estimable,,,,E,24aa5ef17a66325a7dae5e36b894752d7926bb97b72cf0f73b4f12c5614fc92e
ARC-07-062,financial_capacity,호남권 은퇴소득·부채상환 소득·자산·부채·소비여력,household,not_estimable,,,,E,7340e8e944a035c37a035526f5222e9c25155b5dd149974d8bd46c7283707b0a
ARC-07-063,financial_capacity,호남권 은퇴소득·투자지향 소득·자산·부채·소비여력,household,not_estimable,,,,E,fb4bfff18a341b1253a1ef47801c94964840f9111e369da6bf7ab6b99114c5a6
ARC-07-064,financial_capacity,호남권 은퇴소득·위험관리 소득·자산·부채·소비여력,household,not_estimable,,,,E,b863899fd855ca2017856ed855c3d69931ea97668dd0e172923b65f457ecce82
ARC-07-065,financial_capacity,영남권 저소득·저축중심 소득·자산·부채·소비여력,household,not_estimable,,,,E,65179f7589e763404f9e3c6a64797fce32c2b0c552f42f9aec2180bc81066163
ARC-07-066,financial_capacity,영남권 저소득·부채상환 소득·자산·부채·소비여력,household,not_estimable,,,,E,e8f4e9851100fab832b588cf9f1ade412ba64f9a3f1f73205ce2fd4f1be7a525
ARC-07-067,financial_capacity,영남권 저소득·투자지향 소득·자산·부채·소비여력,household,not_estimable,,,,E,794794c047eaaf36fd2755a6cf3f7a7175700e7b0b00f9f138cd4c0a9161498b
ARC-07-068,financial_capacity,영남권 저소득·위험관리 소득·자산·부채·소비여력,household,not_estimable,,,,E,5db95e7ef804038ee432b5d729ce23edc2440336deea4cb66b2d886339887f88
ARC-07-069,financial_capacity,영남권 중간소득·저축중심 소득·자산·부채·소비여력,household,not_estimable,,,,E,2b3db147174273f04183958842b7d4b8dccb58679515151aa1659abc58cbdd90
ARC-07-070,financial_capacity,영남권 중간소득·부채상환 소득·자산·부채·소비여력,household,not_estimable,,,,E,606bc954ddcc79e743d1cb53fa522bb133044bdb956e410b39a3772362ac2dcb
ARC-07-071,financial_capacity,영남권 중간소득·투자지향 소득·자산·부채·소비여력,household,not_estimable,,,,E,97e963a17c1be54e0dfeaf5ccb7ce526670bf1950bf819177bc2ff7be9610760
ARC-07-072,financial_capacity,영남권 중간소득·위험관리 소득·자산·부채·소비여력,household,not_estimable,,,,E,8adee899a9d2cdbc77f62793cf10e9939b104947e2a84cf8bf0744fc16e9006f
ARC-07-073,financial_capacity,영남권 상위소득·저축중심 소득·자산·부채·소비여력,household,not_estimable,,,,E,1654923d567ad2ca0643d5769efc71b0f9644806afd77f9e9c207a3d6c0d35ea
ARC-07-074,financial_capacity,영남권 상위소득·부채상환 소득·자산·부채·소비여력,household,not_estimable,,,,E,41aee31ef973c4527132ea0c5f2d8d65778f6b219d1e2f467e9cae7e2ca73f08
ARC-07-075,financial_capacity,영남권 상위소득·투자지향 소득·자산·부채·소비여력,household,not_estimable,,,,E,eb1db5d0942b6111181a0c3565fb168f04eb29dce238fa366ab6abcd799f25ca
ARC-07-076,financial_capacity,영남권 상위소득·위험관리 소득·자산·부채·소비여력,household,not_estimable,,,,E,36b5ac45e208257eb42d1f7fd88915392063babf1dc9703297326786f01a27a7
ARC-07-077,financial_capacity,영남권 은퇴소득·저축중심 소득·자산·부채·소비여력,household,not_estimable,,,,E,f253bf1725febe3fb82b02d9cd8f0cc9d90f11e53105eb368c9ad037235cc08b
ARC-07-078,financial_capacity,영남권 은퇴소득·부채상환 소득·자산·부채·소비여력,household,not_estimable,,,,E,400b38766b02e360b8d48f4c4413142f35e7273a9618b66a4b9bdc2b7f0fe022
ARC-07-079,financial_capacity,영남권 은퇴소득·투자지향 소득·자산·부채·소비여력,household,not_estimable,,,,E,6ab7fbb3e25d53424dba4fa8e0991e8616590258b401c09824409d14b29eb1b1
ARC-07-080,financial_capacity,영남권 은퇴소득·위험관리 소득·자산·부채·소비여력,household,not_estimable,,,,E,e3bd54440f01fea86dce79c7f8e5f37274980f715a88274b6706a0a7d252b715
ARC-08-001,home_services,전국 신규입주·청소 주택·이사·홈서비스,household,not_estimable,,,,E,570215f01bc29394a82f8108fd66534ca661a6020a27b5e50501d1d03952daba
ARC-08-002,home_services,전국 신규입주·수리 주택·이사·홈서비스,household,not_estimable,,,,E,36c2201c654acfa573fac305053a6d7eb63c50db16e548579b1c7c773c859df0
ARC-08-003,home_services,전국 신규입주·인테리어 주택·이사·홈서비스,household,not_estimable,,,,E,9b14161cd3a16b50478c2092bbb54a31df78875a946fbd02e9a76b01a3fb3462
ARC-08-004,home_services,전국 신규입주·주거안전 주택·이사·홈서비스,household,not_estimable,,,,E,d5bc869b783b7962e3cdf58cb2e57260411b65bb2e7076efac87bd9ec47d3ef7
ARC-08-005,home_services,전국 장기거주·청소 주택·이사·홈서비스,household,not_estimable,,,,E,2fdec27facb9fe9657d648f075fff1697e8db9a53c5a57777f5ae7a4481df962
ARC-08-006,home_services,전국 장기거주·수리 주택·이사·홈서비스,household,not_estimable,,,,E,d61b2d3185471f4091051867b1187bd53b0c47a6e6d2af8e771468ed844596f2
ARC-08-007,home_services,전국 장기거주·인테리어 주택·이사·홈서비스,household,not_estimable,,,,E,a86315a435fd67f6331eca4ee8594d7b0ead207c4582344c3ffe4e9091163727
ARC-08-008,home_services,전국 장기거주·주거안전 주택·이사·홈서비스,household,not_estimable,,,,E,c86c950ffc24cd69123b6b54ef078702763b5803c331773157a8f7ed4b28815a
ARC-08-009,home_services,전국 이사준비·청소 주택·이사·홈서비스,household,not_estimable,,,,E,7fa7caaa459fe391ce8150aa25f996ada4a18358fda5761de8ffe2b96871eb80
ARC-08-010,home_services,전국 이사준비·수리 주택·이사·홈서비스,household,not_estimable,,,,E,000831e1e07463595d6778496bcf089f2b629cdbcd97f205c9d464e797a3341a
ARC-08-011,home_services,전국 이사준비·인테리어 주택·이사·홈서비스,household,not_estimable,,,,E,9e471bf40aa5947f3a61c83d64d46d92050849b84c69652f905ffa25ce1fb9dc
ARC-08-012,home_services,전국 이사준비·주거안전 주택·이사·홈서비스,household,not_estimable,,,,E,d93b411b7ee56224b1ce39930dc020d442a19a813f60c70395def1f5b9188ade
ARC-08-013,home_services,전국 고령가구·청소 주택·이사·홈서비스,household,not_estimable,,,,E,ab31a14870aa0bfcfa25e88bcdee6a068c8520e24c20a498147d31df44da42ec
ARC-08-014,home_services,전국 고령가구·수리 주택·이사·홈서비스,household,not_estimable,,,,E,5779374a210dbda9efca1261a4e6d92ee6b9548bd0c985a8f7804462983b58db
ARC-08-015,home_services,전국 고령가구·인테리어 주택·이사·홈서비스,household,not_estimable,,,,E,215f106f5ca00700ac99a5ee55f5b1d1761a6c950cf73395b745af9411ae89ea
ARC-08-016,home_services,전국 고령가구·주거안전 주택·이사·홈서비스,household,not_estimable,,,,E,cf63af5d07ff2099917366672b7fe6e4c20a08fa996b9f82e961669e2acc8deb
ARC-08-017,home_services,수도권 신규입주·청소 주택·이사·홈서비스,household,not_estimable,,,,E,99d24aefd4d30e52683eb85e85b22e250a5eb8d0e45e024d5ca19a93b5b22fd9
ARC-08-018,home_services,수도권 신규입주·수리 주택·이사·홈서비스,household,not_estimable,,,,E,0f8336ae7e735a9a2debf2142d7858d496788a8fc2e3cbd590f2462972536dfa
ARC-08-019,home_services,수도권 신규입주·인테리어 주택·이사·홈서비스,household,not_estimable,,,,E,d6fb2b400b453adab43bfc6401e7e5c2e31922ee790aefc9bd9ffe39f14e0fbb
ARC-08-020,home_services,수도권 신규입주·주거안전 주택·이사·홈서비스,household,not_estimable,,,,E,708098182e1294c21da4dfeda52cab44f0f5ff5ca6f3a833d0db26f80e5e2b59
ARC-08-021,home_services,수도권 장기거주·청소 주택·이사·홈서비스,household,not_estimable,,,,E,6d7df21f4594b3c6a339a1ba4e6b0c80f1a0f385c91330677cb9ef8c7408ba10
ARC-08-022,home_services,수도권 장기거주·수리 주택·이사·홈서비스,household,not_estimable,,,,E,9c6038e0e9c700bd570fcdeffee55f77b6c1d5ea7d74f6889d1e9389eb895a91
ARC-08-023,home_services,수도권 장기거주·인테리어 주택·이사·홈서비스,household,not_estimable,,,,E,ca507f3a836a748c25eb7ab2dd56b5d5cb903e26468baac268b8b03a8f2c4dc7
ARC-08-024,home_services,수도권 장기거주·주거안전 주택·이사·홈서비스,household,not_estimable,,,,E,0177fbea071da77336a277076b77aba9dbebe5d36a42cb67e92a245d349db47d
ARC-08-025,home_services,수도권 이사준비·청소 주택·이사·홈서비스,household,not_estimable,,,,E,0fc3c03544ab4191a10dfbd2844d15c9605086a609860f9c9549e796a671e00c
ARC-08-026,home_services,수도권 이사준비·수리 주택·이사·홈서비스,household,not_estimable,,,,E,c6bc5eda9133416c9310fb96f8e4ed87a0ca30c0572ea6344a443a994fba79ea
ARC-08-027,home_services,수도권 이사준비·인테리어 주택·이사·홈서비스,household,not_estimable,,,,E,f50275c89cc0da028eed5464e6825d760ae5d6a2745492426811805e50ad45a2
ARC-08-028,home_services,수도권 이사준비·주거안전 주택·이사·홈서비스,household,not_estimable,,,,E,7de476b8d7cb4517a5dc151190c191d870591f715344ffc9bb28a577e73f58a6
ARC-08-029,home_services,수도권 고령가구·청소 주택·이사·홈서비스,household,not_estimable,,,,E,74df81faa7a9ce07fe2fa144211eed68102d8cc75f7ca027c9d6f5f2987df818
ARC-08-030,home_services,수도권 고령가구·수리 주택·이사·홈서비스,household,not_estimable,,,,E,b3e351133f2054cdf3e9e6c5e7fc5382fd9a9c8e59a650c316c79c4aede05d9a
ARC-08-031,home_services,수도권 고령가구·인테리어 주택·이사·홈서비스,household,not_estimable,,,,E,7f021c027421aae06681cda3b8d9d8e83bcc4ac577cf45e969969e912517c326
ARC-08-032,home_services,수도권 고령가구·주거안전 주택·이사·홈서비스,household,not_estimable,,,,E,69df0369a9be3fad90bc63570a79f39feafd3d67ee8760250e73e39f1c241415
ARC-08-033,home_services,충청권 신규입주·청소 주택·이사·홈서비스,household,not_estimable,,,,E,5ec4b94ed7cc96932f6d32567e74c99354bf6f990506cb970468641f813f7dd2
ARC-08-034,home_services,충청권 신규입주·수리 주택·이사·홈서비스,household,not_estimable,,,,E,2d9ccba000e13a3be99228b45f22ffdeb8932f47617c729f6096fff6b720b977
ARC-08-035,home_services,충청권 신규입주·인테리어 주택·이사·홈서비스,household,not_estimable,,,,E,420cf95c60860b3bf7a35dec35febded1a635bdd4f8718eaed2488bc42927d6e
ARC-08-036,home_services,충청권 신규입주·주거안전 주택·이사·홈서비스,household,not_estimable,,,,E,baa8bd3fd5e31be6049f227dce50d4ca228a8cd8426ce0832b337cd6ed62dc80
ARC-08-037,home_services,충청권 장기거주·청소 주택·이사·홈서비스,household,not_estimable,,,,E,71f92362a0d75d9b4729258027e764601487024007032d10a6e92474a534278e
ARC-08-038,home_services,충청권 장기거주·수리 주택·이사·홈서비스,household,not_estimable,,,,E,17d3f853dc151eb1dbfbf2c34b3c648bf8944ca23af4ffb7cbf23405b9860319
ARC-08-039,home_services,충청권 장기거주·인테리어 주택·이사·홈서비스,household,not_estimable,,,,E,a0e8c2be8711e6334688786c560e96e99351f1bee5f0691bdaf722798dadf60c
ARC-08-040,home_services,충청권 장기거주·주거안전 주택·이사·홈서비스,household,not_estimable,,,,E,2435df3d73e6ab0ae398b5b5e43971f6d3e1a19bad95352f54da620b442de13e
ARC-08-041,home_services,충청권 이사준비·청소 주택·이사·홈서비스,household,not_estimable,,,,E,527cf98d3278cf3363dfd59a577cdf34a3b16dfd240ebe5aed2fa7e580d8b26f
ARC-08-042,home_services,충청권 이사준비·수리 주택·이사·홈서비스,household,not_estimable,,,,E,c17e75b770692b71dd0e354d483cd1b1c17d64d1351ef8ceedcd048345339b64
ARC-08-043,home_services,충청권 이사준비·인테리어 주택·이사·홈서비스,household,not_estimable,,,,E,9cdcbbcf27d4561bf01ccb4bdab1df168d064467b192c3233d416e67378d0812
ARC-08-044,home_services,충청권 이사준비·주거안전 주택·이사·홈서비스,household,not_estimable,,,,E,bc01fd5731dd068c2d178ba7be8397ce7e82fa78c383f52fc2d8c462d90f4725
ARC-08-045,home_services,충청권 고령가구·청소 주택·이사·홈서비스,household,not_estimable,,,,E,df5bfa0f3ca148102092b85cd7f0e6a41617e3b5a3493ee776d9c3c57c9d62fb
ARC-08-046,home_services,충청권 고령가구·수리 주택·이사·홈서비스,household,not_estimable,,,,E,1bab562919e465aed9d7df7cbae46cb3bc3aef2c7e23bab45a673a087ec647e9
ARC-08-047,home_services,충청권 고령가구·인테리어 주택·이사·홈서비스,household,not_estimable,,,,E,2b5d68dfc2fa776843d5061458fc5564880d2b8ade416063d6a88009cdbc19fd
ARC-08-048,home_services,충청권 고령가구·주거안전 주택·이사·홈서비스,household,not_estimable,,,,E,a46bb44c261970f9e1af0e29bfa0a1a060ae812c1ef1af98bea5a28ffac6cc13
ARC-08-049,home_services,호남권 신규입주·청소 주택·이사·홈서비스,household,not_estimable,,,,E,3227226a1347b01b840220615f1a662ba7cf30ba67b87d9b940682b9e12e36e9
ARC-08-050,home_services,호남권 신규입주·수리 주택·이사·홈서비스,household,not_estimable,,,,E,98336e877db87259d16b444ee59ca5d1d779f2634f083f3ffa2cda3f2d87a594
ARC-08-051,home_services,호남권 신규입주·인테리어 주택·이사·홈서비스,household,not_estimable,,,,E,1ce1c3e856cb2eada6f471b8448d5fba0e89eed5e707641dd1e1ee0f7d9b0a4d
ARC-08-052,home_services,호남권 신규입주·주거안전 주택·이사·홈서비스,household,not_estimable,,,,E,0f16154f26c25de1198ba9c06a1f40b54ac96db0b7ec539b49fad064fa6767c3
ARC-08-053,home_services,호남권 장기거주·청소 주택·이사·홈서비스,household,not_estimable,,,,E,88fc012baa3bc73cf814906eb2f327e674dd1504a675908c74aa312513ced987
ARC-08-054,home_services,호남권 장기거주·수리 주택·이사·홈서비스,household,not_estimable,,,,E,bda59e48854d63fbac90e168498b893285b0a7193046d4f7dc83f94ea2c0b240
ARC-08-055,home_services,호남권 장기거주·인테리어 주택·이사·홈서비스,household,not_estimable,,,,E,c539500b2c0f9f36e046178342a22c9b850f175fbb2c09f8b5a267f2719fec14
ARC-08-056,home_services,호남권 장기거주·주거안전 주택·이사·홈서비스,household,not_estimable,,,,E,4f08e97550b326fe7675aa590a79816f37e4303df080ac44205ab0ccd805f927
ARC-08-057,home_services,호남권 이사준비·청소 주택·이사·홈서비스,household,not_estimable,,,,E,89194c99f0096e555fbbd618fdc3557f4e18cd73d8c8cf57775a2e3c5cdcfff8
ARC-08-058,home_services,호남권 이사준비·수리 주택·이사·홈서비스,household,not_estimable,,,,E,eb35629606ffc39bcde3f898de4f2f1de037dbdc82aff7d842f9f29fd7b0c7bc
ARC-08-059,home_services,호남권 이사준비·인테리어 주택·이사·홈서비스,household,not_estimable,,,,E,be41632acbc63f1cb594994437584c8d6a17321223189cb7525265c4b38b5dff
ARC-08-060,home_services,호남권 이사준비·주거안전 주택·이사·홈서비스,household,not_estimable,,,,E,eb35c227baf35bb82f1efb3505e8ee1c69a8ad933bc01af19c66f2c59b5619d3
ARC-08-061,home_services,호남권 고령가구·청소 주택·이사·홈서비스,household,not_estimable,,,,E,a8a7e1b6e112001cb99c187014d3851c823969b667cc89da5fd9b317d8eea7c2
ARC-08-062,home_services,호남권 고령가구·수리 주택·이사·홈서비스,household,not_estimable,,,,E,a7ad9eec8ef53a3617dcbcc43c857d3fa44a001743cf214e281aec4cebc85f32
ARC-08-063,home_services,호남권 고령가구·인테리어 주택·이사·홈서비스,household,not_estimable,,,,E,b1c32b277a6f09a1896444e261737d7b8c05f1084c2378b557f18cf83b0abbd2
ARC-08-064,home_services,호남권 고령가구·주거안전 주택·이사·홈서비스,household,not_estimable,,,,E,16c5d0865fbd25a5fd39f5013cbe1cf23509050a20b9d185b6c406d680c5bc35
ARC-08-065,home_services,영남권 신규입주·청소 주택·이사·홈서비스,household,not_estimable,,,,E,1fe5e954268a7da1e4176a9d6c24bf6951b92dfed28697c583a8a5324fc95e80
ARC-08-066,home_services,영남권 신규입주·수리 주택·이사·홈서비스,household,not_estimable,,,,E,a86fdff88ba73fd32509c35d576d8ab486337ac8e3388fafe8ab49199a95ce26
ARC-08-067,home_services,영남권 신규입주·인테리어 주택·이사·홈서비스,household,not_estimable,,,,E,954c7e09aaf0a184f8cc8601abd269bef21ae26236ebb836437b8130d412560c
ARC-08-068,home_services,영남권 신규입주·주거안전 주택·이사·홈서비스,household,not_estimable,,,,E,e8d10ed2169415c9610846b5ac1df0cebe78a36a42b99e7c6faff65fbfa790a8
ARC-08-069,home_services,영남권 장기거주·청소 주택·이사·홈서비스,household,not_estimable,,,,E,fde69e2205a11f3c01ded884b88fbcdab76f484cb23055f677649022903091b6
ARC-08-070,home_services,영남권 장기거주·수리 주택·이사·홈서비스,household,not_estimable,,,,E,a0199b7e60f6f910de8b5d66d2bdd6e32b355b009f3bff4ea7a6315a875ffbb1
ARC-08-071,home_services,영남권 장기거주·인테리어 주택·이사·홈서비스,household,not_estimable,,,,E,c5cf21da9bd10a5e4d65cc0e9bbeddccb4b75934999d6b4ba892dc28b6d29ee0
ARC-08-072,home_services,영남권 장기거주·주거안전 주택·이사·홈서비스,household,not_estimable,,,,E,fec103f4f0cd339be07c72e4f89fbcb4045734fe1461de038e2e6e78e89083ef
ARC-08-073,home_services,영남권 이사준비·청소 주택·이사·홈서비스,household,not_estimable,,,,E,da6de8f93aeee920f0a2d5134b9031d44ad0f076547d5a1e2ba5a3a184b53c56
ARC-08-074,home_services,영남권 이사준비·수리 주택·이사·홈서비스,household,not_estimable,,,,E,5878a5b48b33c26ced8228b7c3e7808f2b4c3c1abfe971535d00de01dad7f157
ARC-08-075,home_services,영남권 이사준비·인테리어 주택·이사·홈서비스,household,not_estimable,,,,E,e841ce89218b0adbdbfe1f756b83e00bce3b407c75effca24d72549ab037e39f
ARC-08-076,home_services,영남권 이사준비·주거안전 주택·이사·홈서비스,household,not_estimable,,,,E,be59859248676ef3170b281b4e5d554cf3acf7db216be4a995c3468e18d4399c
ARC-08-077,home_services,영남권 고령가구·청소 주택·이사·홈서비스,household,not_estimable,,,,E,ed558681fb262081da8f49f0c7d6790d9a2089ec39b140cf6cb1ee2c16ecff83
ARC-08-078,home_services,영남권 고령가구·수리 주택·이사·홈서비스,household,not_estimable,,,,E,e5d9a96fe8bf25700632419f1c8e8ca79261ea26a052a811d03ee4f8b4c89e10
ARC-08-079,home_services,영남권 고령가구·인테리어 주택·이사·홈서비스,household,not_estimable,,,,E,47b046f6b291364fed16e4e619799eff235bcd144eb6dc498cf5ea82ecf00798
ARC-08-080,home_services,영남권 고령가구·주거안전 주택·이사·홈서비스,household,not_estimable,,,,E,7e3e56828d77e929af434c66598ef823d138a96195edd3cc7bf091f866d7a5ab
ARC-09-001,mobility,전국 통근자·비용민감 이동·교통·차량,person,not_estimable,,,,E,05e23903615dffd66f01e221b8aba4f5647a8acc44d0188e80281a6b7d9fcb77
ARC-09-002,mobility,전국 통근자·시간민감 이동·교통·차량,person,not_estimable,,,,E,3dbdfde0007258813d3971119278492d8c7acd69167c153b5297b79f46fc8cfb
ARC-09-003,mobility,전국 통근자·친환경 이동·교통·차량,person,not_estimable,,,,E,e4fce25bd79d3ba12512ea879673a2c845247548499080932eb92f059b4177f0
ARC-09-004,mobility,전국 통근자·접근성중시 이동·교통·차량,person,not_estimable,,,,E,8ab980d36009146f326ac13dc6aab15b0b1c05a4abe1f85dffa8e241cd15e070
ARC-09-005,mobility,전국 자가운전자·비용민감 이동·교통·차량,person,not_estimable,,,,E,7d02401c9cee38b1a529bd24180cb414247a66e78ed0c483f1c548d4845660dc
ARC-09-006,mobility,전국 자가운전자·시간민감 이동·교통·차량,person,not_estimable,,,,E,ff67c41c5242d4f51d94e5d5e24fb9ae42c5f878d930f4e3d571e66e6fc3be83
ARC-09-007,mobility,전국 자가운전자·친환경 이동·교통·차량,person,not_estimable,,,,E,4ff770d594437c9033383cd0bf67597a3d7a93ab74349f1e8a8cbb6dd558aca4
ARC-09-008,mobility,전국 자가운전자·접근성중시 이동·교통·차량,person,not_estimable,,,,E,ddd5bdf62dca3c08042fb53cac16c3d27ca171c610348ce6363b0dd3af54d402
ARC-09-009,mobility,전국 대중교통 이용자·비용민감 이동·교통·차량,person,not_estimable,,,,E,0f3b582ceb7d9cfbefcc82bc13d11c9b9d2d9b0ac93d404392c046eb70768312
ARC-09-010,mobility,전국 대중교통 이용자·시간민감 이동·교통·차량,person,not_estimable,,,,E,9bc8de94e8e4b748c3df3bd35fcced5c41da6a812abe7cebc97c3147d02dde88
ARC-09-011,mobility,전국 대중교통 이용자·친환경 이동·교통·차량,person,not_estimable,,,,E,4229c2cb7ff9add593d7650c9c7e81a152cda62703cbae4ac036aebe53e42cc8
ARC-09-012,mobility,전국 대중교통 이용자·접근성중시 이동·교통·차량,person,not_estimable,,,,E,82b2b184d82ddaa93b7d2062818848ffb1aa65439337728d642980c2e311d2d4
ARC-09-013,mobility,전국 이동제약자·비용민감 이동·교통·차량,person,not_estimable,,,,E,f872aa186af86deedac60e2ea119ce6e2522b9292b4714a30bc40e66863be623
ARC-09-014,mobility,전국 이동제약자·시간민감 이동·교통·차량,person,not_estimable,,,,E,a4c187a9b4c9be3ffb5cf878be5e0a05729a9353190a97456c44f46534a5ce0f
ARC-09-015,mobility,전국 이동제약자·친환경 이동·교통·차량,person,not_estimable,,,,E,8c955a4fbf0a8f4a4bab946cd77b708ceaf0f39472e79f496dceb2a5039acd84
ARC-09-016,mobility,전국 이동제약자·접근성중시 이동·교통·차량,person,not_estimable,,,,E,d411db4afdb462eecf990012f62c1dfb33986909376f9b90c5d7235e16f9df9b
ARC-09-017,mobility,수도권 통근자·비용민감 이동·교통·차량,person,not_estimable,,,,E,64657ccdbeb70c9ac0ed0c22eb65d43fc95fb82c729092511f02197ee322e148
ARC-09-018,mobility,수도권 통근자·시간민감 이동·교통·차량,person,not_estimable,,,,E,12163c1e18e819dc94ae1310cd472c1f940f5ff809c8345bd627d5ab01fb2784
ARC-09-019,mobility,수도권 통근자·친환경 이동·교통·차량,person,not_estimable,,,,E,8bd81a846b0cedcc92a914b6fa712d308763f2e51f1417317098e840c0b0505d
ARC-09-020,mobility,수도권 통근자·접근성중시 이동·교통·차량,person,not_estimable,,,,E,1cce85adac28d50899ac4f74a4c6621492cd12b404d6617eabcb7f3b26801dea
ARC-09-021,mobility,수도권 자가운전자·비용민감 이동·교통·차량,person,not_estimable,,,,E,102216a9276a7ee694405ce1c21e5e4bb98a9c838cae164b50460a2cbfc91c3d
ARC-09-022,mobility,수도권 자가운전자·시간민감 이동·교통·차량,person,not_estimable,,,,E,c671015d9c9847856580a591c58108f451eaa1454fb8139268939364621ee9b1
ARC-09-023,mobility,수도권 자가운전자·친환경 이동·교통·차량,person,not_estimable,,,,E,52b0b521ae1322d9a9a4c8905031c73eda6d68e1aecc714e173581df20ddc50b
ARC-09-024,mobility,수도권 자가운전자·접근성중시 이동·교통·차량,person,not_estimable,,,,E,baf199687877be38fb8d2311c102ba22e0a7e411363e7447ad5e5644788a3600
ARC-09-025,mobility,수도권 대중교통 이용자·비용민감 이동·교통·차량,person,not_estimable,,,,E,3a23d8b7bca0c13d9152026ab44c455d94a473709f65c841137345a3ce929a7d
ARC-09-026,mobility,수도권 대중교통 이용자·시간민감 이동·교통·차량,person,not_estimable,,,,E,0d0c18b17f9694ec71054e8e58d34e516f6de6473b048809ee3770ead0d8c5f2
ARC-09-027,mobility,수도권 대중교통 이용자·친환경 이동·교통·차량,person,not_estimable,,,,E,b159f6b2e206c5a860933a3c2ac4e3052f827b905c6786ca058feb5410b55fca
ARC-09-028,mobility,수도권 대중교통 이용자·접근성중시 이동·교통·차량,person,not_estimable,,,,E,c9f8b310812db6e504c3905a91c22d7f3955cdc44839b095b9dbdef6b347bc32
ARC-09-029,mobility,수도권 이동제약자·비용민감 이동·교통·차량,person,not_estimable,,,,E,905dbde53409277a8d51a9f0c0a4fde4a832f811e50f73633672f66319194eac
ARC-09-030,mobility,수도권 이동제약자·시간민감 이동·교통·차량,person,not_estimable,,,,E,88858f95c187ec3dda9a444bcdf4d05481f5844902f52018586461f2213555de
ARC-09-031,mobility,수도권 이동제약자·친환경 이동·교통·차량,person,not_estimable,,,,E,8f7cde660d8aabb74b58b6fd34667797829750cb135406d1f3e6da8caf433fac
ARC-09-032,mobility,수도권 이동제약자·접근성중시 이동·교통·차량,person,not_estimable,,,,E,8dacb7c5fa3a979f5ba03969b27c4cf33f4d87b6fe42778a97cd112f77e5269c
ARC-09-033,mobility,충청권 통근자·비용민감 이동·교통·차량,person,not_estimable,,,,E,d53c1197432125b7dcd15fc219cf0c0d3ddee7b6d6eea33dba6f58974c8bec1e
ARC-09-034,mobility,충청권 통근자·시간민감 이동·교통·차량,person,not_estimable,,,,E,7bf579958a89201f4c8bd5cede2c7652eaa80172cd291814f2d07287cecbac74
ARC-09-035,mobility,충청권 통근자·친환경 이동·교통·차량,person,not_estimable,,,,E,cf2c57a10e1d7230f12821af552997ad66bcd7b29c287fc8bf07b5de989a339b
ARC-09-036,mobility,충청권 통근자·접근성중시 이동·교통·차량,person,not_estimable,,,,E,fd30cc2c45c8999c29e826ebd05c217ddbc34c2dbe61fea1f9102ea6ce55552e
ARC-09-037,mobility,충청권 자가운전자·비용민감 이동·교통·차량,person,not_estimable,,,,E,128d6c43a743b063186c0ca2e8c070df20af0b9ac8dfd7c57717414750c5ecdf
ARC-09-038,mobility,충청권 자가운전자·시간민감 이동·교통·차량,person,not_estimable,,,,E,5d4886732b1dbe1deaaccc0c39c280552e1113da63862dc7857cb53950784df3
ARC-09-039,mobility,충청권 자가운전자·친환경 이동·교통·차량,person,not_estimable,,,,E,5d9eefde526c49c2a29d6fc343c29a489e3dc8b77ef6b3fbf09cc68ac92df8f1
ARC-09-040,mobility,충청권 자가운전자·접근성중시 이동·교통·차량,person,not_estimable,,,,E,3d63d843eb4c9c4e48934d84701f51282d2f3fcf6c95042a669a3a36276af994
ARC-09-041,mobility,충청권 대중교통 이용자·비용민감 이동·교통·차량,person,not_estimable,,,,E,bf3b7dafbc65866189c780b577a7f6470eed0e642bcc5530bb05d33706e76088
ARC-09-042,mobility,충청권 대중교통 이용자·시간민감 이동·교통·차량,person,not_estimable,,,,E,f4d48c876024740c44dede73f89cf50553469eed2ce04c4858e8bdadeb4a2ab1
ARC-09-043,mobility,충청권 대중교통 이용자·친환경 이동·교통·차량,person,not_estimable,,,,E,ece120d4b62b2d32c5f2535836db6cf83a5910706778d71f863d9558cdbfcb30
ARC-09-044,mobility,충청권 대중교통 이용자·접근성중시 이동·교통·차량,person,not_estimable,,,,E,cf9fbbeef456d7f5a98c7bb3f71810bf95c1bf1946bfa16127971dc13797415c
ARC-09-045,mobility,충청권 이동제약자·비용민감 이동·교통·차량,person,not_estimable,,,,E,f9f441f84f6710b160e6f88e9ca1a92726daa9409780e14ea1eb6733f1dae63b
ARC-09-046,mobility,충청권 이동제약자·시간민감 이동·교통·차량,person,not_estimable,,,,E,931463d1d3c50739287007c2d24c812d07aee71de679a62d7ffe24fb522088bd
ARC-09-047,mobility,충청권 이동제약자·친환경 이동·교통·차량,person,not_estimable,,,,E,aa479a5e22b80cfa08196349cbc8ec58179bfaea6eec542456119c17f40b3411
ARC-09-048,mobility,충청권 이동제약자·접근성중시 이동·교통·차량,person,not_estimable,,,,E,9de60c1a5cadab07399008ddd70f975e609fd5ac63c24dbb4790b035664365ad
ARC-09-049,mobility,호남권 통근자·비용민감 이동·교통·차량,person,not_estimable,,,,E,39862573ecd295e4e5ed2e6ee9d215b3988b07c2cca1086be2e5cdee69104210
ARC-09-050,mobility,호남권 통근자·시간민감 이동·교통·차량,person,not_estimable,,,,E,eba8cbb35123609100717a9942a2f21ad8c786166d45aab3a886828432bb5a85
ARC-09-051,mobility,호남권 통근자·친환경 이동·교통·차량,person,not_estimable,,,,E,540412cba88d9d537d9550f7cbbebcfe1517d09a60aa9c9672b45284fd5edced
ARC-09-052,mobility,호남권 통근자·접근성중시 이동·교통·차량,person,not_estimable,,,,E,3333bf85a120e0dd7b16f20c558dcd9bb20f646d89f5c506cdef28d181555821
ARC-09-053,mobility,호남권 자가운전자·비용민감 이동·교통·차량,person,not_estimable,,,,E,881df2ed046204dbc1bd1644d86bfcde2885654c98f405aa849a0a03dca8fa1a
ARC-09-054,mobility,호남권 자가운전자·시간민감 이동·교통·차량,person,not_estimable,,,,E,a9ce4a102b02703d6e5061bf47b2f9329c01e1a5417b62ae51ba9e86397843dc
ARC-09-055,mobility,호남권 자가운전자·친환경 이동·교통·차량,person,not_estimable,,,,E,1431241ae09b9ccb7734ff384b044daff12b201a5a480e423fd91733b54bd420
ARC-09-056,mobility,호남권 자가운전자·접근성중시 이동·교통·차량,person,not_estimable,,,,E,17418cfa740809654f9b544e2cf897c3da7fe941d5f86488be26188ca661094c
ARC-09-057,mobility,호남권 대중교통 이용자·비용민감 이동·교통·차량,person,not_estimable,,,,E,e812703e3466586adc6cd32653eff840adc1131df218e8b5aa4f704eb6ebe176
ARC-09-058,mobility,호남권 대중교통 이용자·시간민감 이동·교통·차량,person,not_estimable,,,,E,633ffb8ebc24ab36a848e19894e588d01be5eaee64d179d9899e7dff0a32af64
ARC-09-059,mobility,호남권 대중교통 이용자·친환경 이동·교통·차량,person,not_estimable,,,,E,ae26ddca2aca9210e712839a095aca523f0204333e52bcf9a07c85ad3c4d4785
ARC-09-060,mobility,호남권 대중교통 이용자·접근성중시 이동·교통·차량,person,not_estimable,,,,E,fa86533189eabbeac824cb0afa95350c781f184ea225987796a79657add33be1
ARC-09-061,mobility,호남권 이동제약자·비용민감 이동·교통·차량,person,not_estimable,,,,E,9d3c2ac220002e7a9540850da1f617e0f937bfdc18eb1ec7b50c0c11aeb0ffb3
ARC-09-062,mobility,호남권 이동제약자·시간민감 이동·교통·차량,person,not_estimable,,,,E,4345dc9d4efed12941df5d9a77e674b8ad7cafeac1fd0b562668fec407702cf7
ARC-09-063,mobility,호남권 이동제약자·친환경 이동·교통·차량,person,not_estimable,,,,E,400aa544e35b7ea2629d4c6466d994efe2ca34c7ea1fce00ec1adb044e51bcf9
ARC-09-064,mobility,호남권 이동제약자·접근성중시 이동·교통·차량,person,not_estimable,,,,E,5adddde1c3090cfd80934d96e9bfb58faaa77f1e6f8c9933f63b723208d2fb16
ARC-09-065,mobility,영남권 통근자·비용민감 이동·교통·차량,person,not_estimable,,,,E,6d23e44fc2789093fe525e778536a0342ad140373bd9dc2d75d212553e0b139c
ARC-09-066,mobility,영남권 통근자·시간민감 이동·교통·차량,person,not_estimable,,,,E,d691e74b6451f05c794d3317d58e0efe3a42753a59dafa4c6adf3387b9436e7f
ARC-09-067,mobility,영남권 통근자·친환경 이동·교통·차량,person,not_estimable,,,,E,aa7992fb30c6ee793308e815a70f1024d23acd462413ffa73f5bab3f65f96b90
ARC-09-068,mobility,영남권 통근자·접근성중시 이동·교통·차량,person,not_estimable,,,,E,41ac5b12f3163dcbf3b80971a675db972346ca566cfb29a3f3f18bd051421693
ARC-09-069,mobility,영남권 자가운전자·비용민감 이동·교통·차량,person,not_estimable,,,,E,c1ccf22192fe0cd227c99b54f647cd7f7a8df219a8d3651639a859446a90d66d
ARC-09-070,mobility,영남권 자가운전자·시간민감 이동·교통·차량,person,not_estimable,,,,E,ab33060c622d9a9dcc62673b38b3ed750fd7d7abab569e1f1818172d6b2d6ddd
ARC-09-071,mobility,영남권 자가운전자·친환경 이동·교통·차량,person,not_estimable,,,,E,501cddcc01d9d197acb62b85557b03f7a4e1fd12dfac65377ab3911f98a4a3bd
ARC-09-072,mobility,영남권 자가운전자·접근성중시 이동·교통·차량,person,not_estimable,,,,E,c3293928b538c674a8b7ab39a6ab14332a77babae691c4490019e612e5a46a9f
ARC-09-073,mobility,영남권 대중교통 이용자·비용민감 이동·교통·차량,person,not_estimable,,,,E,64985c13711acd14d6f54c2a35231fb8e5b1630825fd13ede5070a9b8b35dc0f
ARC-09-074,mobility,영남권 대중교통 이용자·시간민감 이동·교통·차량,person,not_estimable,,,,E,f309c61d12b4e8b0daa391aa6c9b1cdcf91f401c56336cd00bd0d2341f0d10df
ARC-09-075,mobility,영남권 대중교통 이용자·친환경 이동·교통·차량,person,not_estimable,,,,E,84335a8e59d72413a916082f12bedd35c7007b8f8ca53bc3a84255192d4ede9e
ARC-09-076,mobility,영남권 대중교통 이용자·접근성중시 이동·교통·차량,person,not_estimable,,,,E,11c9c213e9411bc81e0820364c27bc46d1b03f341129abb20cf47055f053f633
ARC-09-077,mobility,영남권 이동제약자·비용민감 이동·교통·차량,person,not_estimable,,,,E,30ea0993f1de5502e474e59c9baf87306b9428b538cd7796376cb199b8468b5e
ARC-09-078,mobility,영남권 이동제약자·시간민감 이동·교통·차량,person,not_estimable,,,,E,ef5218800bf9826991edfd266b19d40185e974ad5b7afebf9f0b8c56a2ad4703
ARC-09-079,mobility,영남권 이동제약자·친환경 이동·교통·차량,person,not_estimable,,,,E,4f58441f5591ced16e534e4d559747e0a1d5cec4a8e904681d50eb3c8d69b86d
ARC-09-080,mobility,영남권 이동제약자·접근성중시 이동·교통·차량,person,not_estimable,,,,E,5a1c849125c5276ddf5c8d5ae744e86adaccef8306b5adb043ec6b3f16c27b17
ARC-10-001,digital_media,전국 디지털 초심자·소셜미디어 디지털 이용·미디어·기술수용,person,not_estimable,,,,E,eb8734e04462eb7d40ba2f6cd86777aea2392778116380a572f1d1bf8fa58a6e
ARC-10-002,digital_media,전국 디지털 초심자·영상 디지털 이용·미디어·기술수용,person,not_estimable,,,,E,a0066b2ee8ff4100f65d1f9503e6f81c18c4d7827a906fe4af9d314c449d3fcf
ARC-10-003,digital_media,전국 디지털 초심자·AI도구 디지털 이용·미디어·기술수용,person,not_estimable,,,,E,3106e3ecc482f99f45d1f054efed56b0d4218ae5599b173302d5280cd6de9fd4
ARC-10-004,digital_media,전국 디지털 초심자·개인정보보호 디지털 이용·미디어·기술수용,person,not_estimable,,,,E,5e07eb724bcf51923e0a4e01f8b76a937bac96fa98ddb97902ab47ffcf72fbc6
ARC-10-005,digital_media,전국 일반 이용자·소셜미디어 디지털 이용·미디어·기술수용,person,not_estimable,,,,E,31154bdc1b1b3514205b7492d903bff383c40caf68af6c6d7cb5990f43e01838
ARC-10-006,digital_media,전국 일반 이용자·영상 디지털 이용·미디어·기술수용,person,not_estimable,,,,E,0b2c71c57c50dfd3c54151aa5547fcb40ac9e820e5cd75bd35a4f159d67843dc
ARC-10-007,digital_media,전국 일반 이용자·AI도구 디지털 이용·미디어·기술수용,person,not_estimable,,,,E,ff67f94f99130ac302c9f5aeb95a87a673aa4469e42e5d4df0cd8d92db2c0915
ARC-10-008,digital_media,전국 일반 이용자·개인정보보호 디지털 이용·미디어·기술수용,person,not_estimable,,,,E,461a94604be03ec5d9d93616a19b24a8cb1f459b1b5bf86e50bfe4ddb4f3dfcf
ARC-10-009,digital_media,전국 콘텐츠 제작자·소셜미디어 디지털 이용·미디어·기술수용,person,not_estimable,,,,E,d3cceab33238dedfc099a3e06551bdc8e67739031050a3fe97303066f378a1d6
ARC-10-010,digital_media,전국 콘텐츠 제작자·영상 디지털 이용·미디어·기술수용,person,not_estimable,,,,E,175beccb3cd676a4e7dccd080da8c1758d5b315f8beb4871af7431523f1fd8fb
ARC-10-011,digital_media,전국 콘텐츠 제작자·AI도구 디지털 이용·미디어·기술수용,person,not_estimable,,,,E,6f0d9847b9026c87e3399532b65d019d79fba1f5246fdd3c02d95a71daefb9b1
ARC-10-012,digital_media,전국 콘텐츠 제작자·개인정보보호 디지털 이용·미디어·기술수용,person,not_estimable,,,,E,8c2d5ef8e9876d9b2c87de2389f3cf97a55d7536635e416e37788fd6783d94da
ARC-10-013,digital_media,전국 고령 이용자·소셜미디어 디지털 이용·미디어·기술수용,person,not_estimable,,,,E,d7f803f150daa5b627ab9e5ca07f57e7df847227b27f6fb373a5972d694a5d8c
ARC-10-014,digital_media,전국 고령 이용자·영상 디지털 이용·미디어·기술수용,person,not_estimable,,,,E,e974cc266c77c4038bb7574ce02909c833fe45ff628b2125c50ad8c6174a0dc3
ARC-10-015,digital_media,전국 고령 이용자·AI도구 디지털 이용·미디어·기술수용,person,not_estimable,,,,E,984ac9c2f6cc89fd0b66692c739ceb13a00716206c8705ab9e27acd8d716717a
ARC-10-016,digital_media,전국 고령 이용자·개인정보보호 디지털 이용·미디어·기술수용,person,not_estimable,,,,E,24ee7375dec4573f1acfa04d97c9a59151caa77fc1f3fb91a8fb1a62113744e9
ARC-10-017,digital_media,수도권 디지털 초심자·소셜미디어 디지털 이용·미디어·기술수용,person,not_estimable,,,,E,81c2f1992c61c4687c1b1a076ce879a467707b0e417d83f8920f96c44a87bf7b
ARC-10-018,digital_media,수도권 디지털 초심자·영상 디지털 이용·미디어·기술수용,person,not_estimable,,,,E,866e81a5e8adb24f01d246a46f814b3c3a406434b106603375b5b72ddcd4e68d
ARC-10-019,digital_media,수도권 디지털 초심자·AI도구 디지털 이용·미디어·기술수용,person,not_estimable,,,,E,e771ab823e2086d84fc7316203704c1563ab1d55753ef3e243ce0d3b1bbdd41b
ARC-10-020,digital_media,수도권 디지털 초심자·개인정보보호 디지털 이용·미디어·기술수용,person,not_estimable,,,,E,ada0c36754ff7b25cf99537a02eab7bef947c1b604340185ba4d59485757dc7e
ARC-10-021,digital_media,수도권 일반 이용자·소셜미디어 디지털 이용·미디어·기술수용,person,not_estimable,,,,E,07284de814116d57f2fb5727c1e5a2aeb06d8603c89486d71f2aeb4d92db7738
ARC-10-022,digital_media,수도권 일반 이용자·영상 디지털 이용·미디어·기술수용,person,not_estimable,,,,E,684e1eb2aa8a0b9c8d12e9ad92c3fb4e90389a85c2dc4f4909932cfb9acdffa9
ARC-10-023,digital_media,수도권 일반 이용자·AI도구 디지털 이용·미디어·기술수용,person,not_estimable,,,,E,4a4907d0edf43594c6c714eb9dc9a77b57b7b8e184a66777a7dcce4d86d158e2
ARC-10-024,digital_media,수도권 일반 이용자·개인정보보호 디지털 이용·미디어·기술수용,person,not_estimable,,,,E,e75569d0a1e8d96c19aff95ede9fcbf83d84582d60823bcfd601ae22ef47a1c2
ARC-10-025,digital_media,수도권 콘텐츠 제작자·소셜미디어 디지털 이용·미디어·기술수용,person,not_estimable,,,,E,6b5156f072021892aeab3bfb20f1a0472ab1e6ccbdfa1943de6692689322a700
ARC-10-026,digital_media,수도권 콘텐츠 제작자·영상 디지털 이용·미디어·기술수용,person,not_estimable,,,,E,83b9c44224636e546d97aba90ae5d5f61d5ba2e87b65f2f9662391514272bce2
ARC-10-027,digital_media,수도권 콘텐츠 제작자·AI도구 디지털 이용·미디어·기술수용,person,not_estimable,,,,E,55320c95a5e3fd1a6364bc11f291c3334cc59c4e7ef5f60d741475baa3511ede
ARC-10-028,digital_media,수도권 콘텐츠 제작자·개인정보보호 디지털 이용·미디어·기술수용,person,not_estimable,,,,E,9fbcdf6b4f449606020c40ee5ab4c6c7ce1d9caf12423e1c3c9fbcb19ec23089
ARC-10-029,digital_media,수도권 고령 이용자·소셜미디어 디지털 이용·미디어·기술수용,person,not_estimable,,,,E,5ff637495fa4ec3614266c0b006669ce98228e37e459d72f58161db0b3525bb8
ARC-10-030,digital_media,수도권 고령 이용자·영상 디지털 이용·미디어·기술수용,person,not_estimable,,,,E,0aa6d453f2bb21e076adbc590c9d520db7209301ae57ae988b9ccb01f5ad33b6
ARC-10-031,digital_media,수도권 고령 이용자·AI도구 디지털 이용·미디어·기술수용,person,not_estimable,,,,E,1340632a43f7bbc86b4a2a7b1b847557853ecf0f45ac7210e37d7e25c4c4c6fa
ARC-10-032,digital_media,수도권 고령 이용자·개인정보보호 디지털 이용·미디어·기술수용,person,not_estimable,,,,E,ccc74d37b72a40352dba61e73cbf9278cafd8fb130db35e4a1fa98b42a4bca91
ARC-10-033,digital_media,충청권 디지털 초심자·소셜미디어 디지털 이용·미디어·기술수용,person,not_estimable,,,,E,bfee41b632e2bb73633cfbc3413e035ea084a7d274173e9f4e2dfab8ada29f6d
ARC-10-034,digital_media,충청권 디지털 초심자·영상 디지털 이용·미디어·기술수용,person,not_estimable,,,,E,73fe01c714cd78e11a95c36426e6aa52c02ea16af74bc3b7bf0ca68ff10d0889
ARC-10-035,digital_media,충청권 디지털 초심자·AI도구 디지털 이용·미디어·기술수용,person,not_estimable,,,,E,81c8ba0fbe8cfa013b173e1be357031d17f49a26827ab2290f2e6f8bf72a20a7
ARC-10-036,digital_media,충청권 디지털 초심자·개인정보보호 디지털 이용·미디어·기술수용,person,not_estimable,,,,E,20cef646b8af948d9a8abf4802f4356a2c5e0a7aef34dcda7a46abce6ea3e6b3
ARC-10-037,digital_media,충청권 일반 이용자·소셜미디어 디지털 이용·미디어·기술수용,person,not_estimable,,,,E,7979b17a0aa543ba16c65cf3014d242ca199f1f031ba9901e0ac1ea359ecfe5e
ARC-10-038,digital_media,충청권 일반 이용자·영상 디지털 이용·미디어·기술수용,person,not_estimable,,,,E,281e444d43f081c641f535978fd369e6d8aef4cdfae9d823b0d78b6268bcd5f7
ARC-10-039,digital_media,충청권 일반 이용자·AI도구 디지털 이용·미디어·기술수용,person,not_estimable,,,,E,d36c4d8976f494a5e2572e365ce61d2f25c91cf919338c34a98737076f335de2
ARC-10-040,digital_media,충청권 일반 이용자·개인정보보호 디지털 이용·미디어·기술수용,person,not_estimable,,,,E,43b43d059c16262c71880185ad0832c28745a5f459343ef04b2a9f46953f5573
ARC-10-041,digital_media,충청권 콘텐츠 제작자·소셜미디어 디지털 이용·미디어·기술수용,person,not_estimable,,,,E,506e8393af5f4c968e2b3b33c4c1213f5763284c23c68eba720e5308d4a13798
ARC-10-042,digital_media,충청권 콘텐츠 제작자·영상 디지털 이용·미디어·기술수용,person,not_estimable,,,,E,9af5a61e6e0b9ffdaee08315c195e1dd3271771cf1ae1b4056924dc95fd25141
ARC-10-043,digital_media,충청권 콘텐츠 제작자·AI도구 디지털 이용·미디어·기술수용,person,not_estimable,,,,E,8f4cf7a54d45a2dda274b67c1177e1672ea66741b419e253d1d8f1d93b85fb14
ARC-10-044,digital_media,충청권 콘텐츠 제작자·개인정보보호 디지털 이용·미디어·기술수용,person,not_estimable,,,,E,7c78c6d794fbb33b513ac0e91251db568e6d770880e969e50b54ca0c79858064
ARC-10-045,digital_media,충청권 고령 이용자·소셜미디어 디지털 이용·미디어·기술수용,person,not_estimable,,,,E,28a81626c7bddd4ab5e288d21dac1049436c32410b8b96e1963c774f7d52412e
ARC-10-046,digital_media,충청권 고령 이용자·영상 디지털 이용·미디어·기술수용,person,not_estimable,,,,E,b2b441be307cf9415a2fab90b3de50eead1677406f6963a74b167c55be9572e8
ARC-10-047,digital_media,충청권 고령 이용자·AI도구 디지털 이용·미디어·기술수용,person,not_estimable,,,,E,f22df1d5d346fed60ea0e002d54ae82f2ff032f874279cf8dac4c735c69c09e7
ARC-10-048,digital_media,충청권 고령 이용자·개인정보보호 디지털 이용·미디어·기술수용,person,not_estimable,,,,E,475f50b0b1c75b78c176a1b814b85e0cf718fa0fc577a7d3e853bec2f28d40e5
ARC-10-049,digital_media,호남권 디지털 초심자·소셜미디어 디지털 이용·미디어·기술수용,person,not_estimable,,,,E,2223e8dea26dd5ee9ce4a5df6b9b77071d3560dfa02293948ae919142695141d
ARC-10-050,digital_media,호남권 디지털 초심자·영상 디지털 이용·미디어·기술수용,person,not_estimable,,,,E,364846da9ff6cf7c1ba6e04e085484809ba5a5e10e7bc4b74b1ed9fe085812e6
ARC-10-051,digital_media,호남권 디지털 초심자·AI도구 디지털 이용·미디어·기술수용,person,not_estimable,,,,E,f291457a7de0f781a009411cc33ec94245bea87e09b0ecc62356312608d8f2ab
ARC-10-052,digital_media,호남권 디지털 초심자·개인정보보호 디지털 이용·미디어·기술수용,person,not_estimable,,,,E,61bd6aefad799237658e39aa0d94152b046f62a0423695c04a6c202c2da79892
ARC-10-053,digital_media,호남권 일반 이용자·소셜미디어 디지털 이용·미디어·기술수용,person,not_estimable,,,,E,c2f15d6a61772bb85e8761f60ff164173db53c548b8d109d28fed3c311ce060b
ARC-10-054,digital_media,호남권 일반 이용자·영상 디지털 이용·미디어·기술수용,person,not_estimable,,,,E,e0069167e3f48ed7159243903f212f40cb06d9c6293c5d7b153d40d9f9440320
ARC-10-055,digital_media,호남권 일반 이용자·AI도구 디지털 이용·미디어·기술수용,person,not_estimable,,,,E,57a8bde6fe50e4184310b7c9e296695b5eabb351049cca1997e4ba62e457ba15
ARC-10-056,digital_media,호남권 일반 이용자·개인정보보호 디지털 이용·미디어·기술수용,person,not_estimable,,,,E,039369616533794af7c7a7f55837eb18c7dda28674f6e55cb4f2f8c610870518
ARC-10-057,digital_media,호남권 콘텐츠 제작자·소셜미디어 디지털 이용·미디어·기술수용,person,not_estimable,,,,E,c41fddb1973f131d5bd44982305955aeec7afceb10a04b8958c30aa04c19ce34
ARC-10-058,digital_media,호남권 콘텐츠 제작자·영상 디지털 이용·미디어·기술수용,person,not_estimable,,,,E,98f2c2eb8270b839cb49fb50c3e89c4fe8b70b9190c8969978b0d7ff727cde84
ARC-10-059,digital_media,호남권 콘텐츠 제작자·AI도구 디지털 이용·미디어·기술수용,person,not_estimable,,,,E,a1924990446ed40acd5453c8e0bc045e72f2f8541598cce2b306824dc1ba3e58
ARC-10-060,digital_media,호남권 콘텐츠 제작자·개인정보보호 디지털 이용·미디어·기술수용,person,not_estimable,,,,E,8ffddcfb0a1fc672a3affd1b1ff436126b8232023e749a2644038fa80a8c0a55
ARC-10-061,digital_media,호남권 고령 이용자·소셜미디어 디지털 이용·미디어·기술수용,person,not_estimable,,,,E,b35a5a91f3755e4c13e82e7bd07d847d4f34d29f34e6c76d457161301a305d0a
ARC-10-062,digital_media,호남권 고령 이용자·영상 디지털 이용·미디어·기술수용,person,not_estimable,,,,E,7373cbbedb69fa86a0c9a84439361adcef4bf6795aa696df982c2111faf6cb7c
ARC-10-063,digital_media,호남권 고령 이용자·AI도구 디지털 이용·미디어·기술수용,person,not_estimable,,,,E,06789085d6aa887dc81f36addeb7807003bf08198f9415199c868101b0dea9f9
ARC-10-064,digital_media,호남권 고령 이용자·개인정보보호 디지털 이용·미디어·기술수용,person,not_estimable,,,,E,4ff885359b8f374786a3b6850600bc10a0f3e52094830f5de6d78f484e99fc2c
ARC-10-065,digital_media,영남권 디지털 초심자·소셜미디어 디지털 이용·미디어·기술수용,person,not_estimable,,,,E,d8197cc074c7a5a8a57a983557e8b26507b375ca277b365100a8c2411814c91f
ARC-10-066,digital_media,영남권 디지털 초심자·영상 디지털 이용·미디어·기술수용,person,not_estimable,,,,E,f1d6efaa7481278e02fe6e8c0b2540eac5dc12911c5982b3a69aa919d78669b6
ARC-10-067,digital_media,영남권 디지털 초심자·AI도구 디지털 이용·미디어·기술수용,person,not_estimable,,,,E,cf33300afc4f129cc089486d6f9d015e5702532ebc57c2f088594aa950338371
ARC-10-068,digital_media,영남권 디지털 초심자·개인정보보호 디지털 이용·미디어·기술수용,person,not_estimable,,,,E,09b51e0156986a940693e371e3310ff41a7e64e5adbaa348c9ce383a89e06360
ARC-10-069,digital_media,영남권 일반 이용자·소셜미디어 디지털 이용·미디어·기술수용,person,not_estimable,,,,E,06d30e3ee4af54cd7d165b3fbdd0c106273f0a7e3d8c871ed70b24af8b0d45ec
ARC-10-070,digital_media,영남권 일반 이용자·영상 디지털 이용·미디어·기술수용,person,not_estimable,,,,E,cae11851d043142db15c673bde02a137b2d88ec0cf3742164c96e3afd6336b06
ARC-10-071,digital_media,영남권 일반 이용자·AI도구 디지털 이용·미디어·기술수용,person,not_estimable,,,,E,30c6e07286f097f36d468bc27c0044b69d5309fc436d7629a502302df2f77c2e
ARC-10-072,digital_media,영남권 일반 이용자·개인정보보호 디지털 이용·미디어·기술수용,person,not_estimable,,,,E,c73493c979d60848dc6a68be67fc0bcdc6731adf0a8c0d4efa7a8b4db17da956
ARC-10-073,digital_media,영남권 콘텐츠 제작자·소셜미디어 디지털 이용·미디어·기술수용,person,not_estimable,,,,E,c99db5adc7f2fd412a4be3f6f9c86d4610d7a3703d7e463033387f56b6c85839
ARC-10-074,digital_media,영남권 콘텐츠 제작자·영상 디지털 이용·미디어·기술수용,person,not_estimable,,,,E,2017fb8c4c0f07ba1fde1a417e816d3b17164bb72d8b70553a1b21173187a825
ARC-10-075,digital_media,영남권 콘텐츠 제작자·AI도구 디지털 이용·미디어·기술수용,person,not_estimable,,,,E,2faf66204c2e84e958e818b53bcec3dd80d46bb9f271c6cbcfcdac27340e43bd
ARC-10-076,digital_media,영남권 콘텐츠 제작자·개인정보보호 디지털 이용·미디어·기술수용,person,not_estimable,,,,E,8138032b12e949aa205447987068aaef7f02f9bcb09b0f06f3d851312d8be605
ARC-10-077,digital_media,영남권 고령 이용자·소셜미디어 디지털 이용·미디어·기술수용,person,not_estimable,,,,E,8936d0c6d8497b7e96370dd41ebef364cc881a23dd973fb36c84f1ca3d90e780
ARC-10-078,digital_media,영남권 고령 이용자·영상 디지털 이용·미디어·기술수용,person,not_estimable,,,,E,01c030066248e80d3281912fc546a0b5bec03558ce6652093de5afabcf3a47da
ARC-10-079,digital_media,영남권 고령 이용자·AI도구 디지털 이용·미디어·기술수용,person,not_estimable,,,,E,c2476a2701be800d442478624d2c64f0912fa38ee465df7d63589156fbe005d3
ARC-10-080,digital_media,영남권 고령 이용자·개인정보보호 디지털 이용·미디어·기술수용,person,not_estimable,,,,E,0a4db795ee5a817ed09a2f57407656a1b0d153ddd056408ab6df6d6c748f4c12
ARC-11-001,commerce_payment,전국 오프라인 구매자·가격중시 쇼핑·이커머스·결제,person,not_estimable,,,,E,124ab4724ce160547eee900a46d9848ae330b0ca1331e55e5222d954a553c106
ARC-11-002,commerce_payment,전국 오프라인 구매자·배송중시 쇼핑·이커머스·결제,person,not_estimable,,,,E,64970abd3bbe50eccb9731d10665e5c342e044a2a1e30776b5fd09420e32d8fe
ARC-11-003,commerce_payment,전국 오프라인 구매자·신뢰중시 쇼핑·이커머스·결제,person,not_estimable,,,,E,78f1d45d2a65572e261f494779e4c1b11189fef76ea8cf4d1b4cf5a7bfc34138
ARC-11-004,commerce_payment,전국 오프라인 구매자·결제편의 쇼핑·이커머스·결제,person,not_estimable,,,,E,4e2721b9d326a860be971b226ccd12cf44ccbfe24b267a5c5f52c7e24fbc6d78
ARC-11-005,commerce_payment,전국 온라인 구매자·가격중시 쇼핑·이커머스·결제,person,not_estimable,,,,E,ffeebeeaa5f74190536ff55cace31cf78849ae13575bf075fa6c1d7a59f08f9c
ARC-11-006,commerce_payment,전국 온라인 구매자·배송중시 쇼핑·이커머스·결제,person,not_estimable,,,,E,e8f9230ebffa47aade9fcd55c786e18bbe37cc4245c4fb9abe6197b2b9bc6094
ARC-11-007,commerce_payment,전국 온라인 구매자·신뢰중시 쇼핑·이커머스·결제,person,not_estimable,,,,E,dec73339608df228b48733a58bf8b5a3185b7c1c2233762c682e9644809d5c31
ARC-11-008,commerce_payment,전국 온라인 구매자·결제편의 쇼핑·이커머스·결제,person,not_estimable,,,,E,4995f706a66ba97c59c9d83d59a8c19ce1f4b067a0add06fee6d73ea3b75b1c7
ARC-11-009,commerce_payment,전국 옴니채널 구매자·가격중시 쇼핑·이커머스·결제,person,not_estimable,,,,E,f7f4e99853b5e45dbda730c2f21ed66b4ded7b79f190494b0ae06c4d468c5c0e
ARC-11-010,commerce_payment,전국 옴니채널 구매자·배송중시 쇼핑·이커머스·결제,person,not_estimable,,,,E,d34f71ebf2e767652d75a7408101812871edf7fd2dd827c44669445c20a44ddc
ARC-11-011,commerce_payment,전국 옴니채널 구매자·신뢰중시 쇼핑·이커머스·결제,person,not_estimable,,,,E,ecb24132ca4d5c3870a67e0fd088804b55fa80d8e54932660b1877558347f75d
ARC-11-012,commerce_payment,전국 옴니채널 구매자·결제편의 쇼핑·이커머스·결제,person,not_estimable,,,,E,b58e6ea27efd2b5017810d6ba416059b7815eedcb3bb2d7c2252d5ab724cd6f1
ARC-11-013,commerce_payment,전국 사업자 구매자·가격중시 쇼핑·이커머스·결제,person,not_estimable,,,,E,0d99b93c324b90fa5e0cb94312d4c881f6af802832327db5eeded470d953bf29
ARC-11-014,commerce_payment,전국 사업자 구매자·배송중시 쇼핑·이커머스·결제,person,not_estimable,,,,E,d6627ade84e900908b1289f95e0f2b64ad2e7ec0cf11626889fff1b99e133e5f
ARC-11-015,commerce_payment,전국 사업자 구매자·신뢰중시 쇼핑·이커머스·결제,person,not_estimable,,,,E,d5fcfeab2b3c7c00fe3345d501e1337497c974bad73952ff3f8abbfcbf896078
ARC-11-016,commerce_payment,전국 사업자 구매자·결제편의 쇼핑·이커머스·결제,person,not_estimable,,,,E,aff596e8efeeb6daeb92c5ff148747cf12522cf29a003b865b742fcf2913eb89
ARC-11-017,commerce_payment,수도권 오프라인 구매자·가격중시 쇼핑·이커머스·결제,person,not_estimable,,,,E,1622273c28d891316c49cb3d2b5de4bc88604ca6721f73defeca34972dadc85d
ARC-11-018,commerce_payment,수도권 오프라인 구매자·배송중시 쇼핑·이커머스·결제,person,not_estimable,,,,E,c420269e3b80ed20d81f27e2ce6b80b5304491619979ecd47afc7546d10c5c9d
ARC-11-019,commerce_payment,수도권 오프라인 구매자·신뢰중시 쇼핑·이커머스·결제,person,not_estimable,,,,E,a2b7edf49013876ce2b93521e9fa2b33812614201187bc0acf0c537f6fdf2187
ARC-11-020,commerce_payment,수도권 오프라인 구매자·결제편의 쇼핑·이커머스·결제,person,not_estimable,,,,E,0632325e1dda0a449007b29e2bffe56c1250053664b104a8f17c27360bb47e1b
ARC-11-021,commerce_payment,수도권 온라인 구매자·가격중시 쇼핑·이커머스·결제,person,not_estimable,,,,E,b88162ad1a0a3d4e0f50150ea6b195169c226f5f414de35647a868eedf21d9de
ARC-11-022,commerce_payment,수도권 온라인 구매자·배송중시 쇼핑·이커머스·결제,person,not_estimable,,,,E,559ddb59231482642127305c4d5d356157c0a7db35a251cc658ed77269fb9261
ARC-11-023,commerce_payment,수도권 온라인 구매자·신뢰중시 쇼핑·이커머스·결제,person,not_estimable,,,,E,3d81e1cca8d064f3aa435c5811c208bea5f90fd4cb743506cd6f649ce775ffdc
ARC-11-024,commerce_payment,수도권 온라인 구매자·결제편의 쇼핑·이커머스·결제,person,not_estimable,,,,E,ad8ba15331f0f14e24d76d9f307cc25be4a6a9c0d6ebce854fb24d23652a317e
ARC-11-025,commerce_payment,수도권 옴니채널 구매자·가격중시 쇼핑·이커머스·결제,person,not_estimable,,,,E,c7afbfef51d8aea6a989e3a42437b77d3f5064a597196277abebffa17b01a850
ARC-11-026,commerce_payment,수도권 옴니채널 구매자·배송중시 쇼핑·이커머스·결제,person,not_estimable,,,,E,c3c7f7efe81977f5b6e3e4edcdd4654982c5a6442f44563ab6edcdf79b2ddc76
ARC-11-027,commerce_payment,수도권 옴니채널 구매자·신뢰중시 쇼핑·이커머스·결제,person,not_estimable,,,,E,ec424f3bd12fb7dc16e1983198fabe4b59c0ddc50a06128486e24a2fe0bf6d58
ARC-11-028,commerce_payment,수도권 옴니채널 구매자·결제편의 쇼핑·이커머스·결제,person,not_estimable,,,,E,c77c11e0a5f4c6fe7296c3444c9ca7b2276c38965982157d70b93e163171ccdc
ARC-11-029,commerce_payment,수도권 사업자 구매자·가격중시 쇼핑·이커머스·결제,person,not_estimable,,,,E,f0651be1912384f06aec04d8acab6bcb91eb54858c838b326c6773fd917749f9
ARC-11-030,commerce_payment,수도권 사업자 구매자·배송중시 쇼핑·이커머스·결제,person,not_estimable,,,,E,7b2dac698eade60f9f8e7912a37f9572f90fc3082f710dceb25b89c2f3f0c65d
ARC-11-031,commerce_payment,수도권 사업자 구매자·신뢰중시 쇼핑·이커머스·결제,person,not_estimable,,,,E,cdac91929f14934311e8eaa223cf8b6e3644c515109febaa77a23a931a4312d4
ARC-11-032,commerce_payment,수도권 사업자 구매자·결제편의 쇼핑·이커머스·결제,person,not_estimable,,,,E,c02a4717d269a453984ac264302a813272d7a3f89a8b9fc23445dd29c54d830f
ARC-11-033,commerce_payment,충청권 오프라인 구매자·가격중시 쇼핑·이커머스·결제,person,not_estimable,,,,E,024b0ff15f9523bb95897c3fdb318a5c9476d3bc30de8f29cb89355f964fdeb3
ARC-11-034,commerce_payment,충청권 오프라인 구매자·배송중시 쇼핑·이커머스·결제,person,not_estimable,,,,E,21f55a2d87eed158a9e9f60fcc53aaf0fa8f93bc558240178f0e1dd3240b9032
ARC-11-035,commerce_payment,충청권 오프라인 구매자·신뢰중시 쇼핑·이커머스·결제,person,not_estimable,,,,E,e9723165e270e855371f03c66cb26dff3c1190b3fb913084a2ad2e5f5a606b47
ARC-11-036,commerce_payment,충청권 오프라인 구매자·결제편의 쇼핑·이커머스·결제,person,not_estimable,,,,E,26c4432f170cb4d9fcac764c8312dc9e957371961d0c70f7c86a01b98a037896
ARC-11-037,commerce_payment,충청권 온라인 구매자·가격중시 쇼핑·이커머스·결제,person,not_estimable,,,,E,462cec6f10a1df38b7179b1a84653ee92a4e6b06da5b8f8b791cf0219cfb00b8
ARC-11-038,commerce_payment,충청권 온라인 구매자·배송중시 쇼핑·이커머스·결제,person,not_estimable,,,,E,1b6d5312a8620ef6347815570392f7b3e6bb67b2013061dadd492d8cdd0357c6
ARC-11-039,commerce_payment,충청권 온라인 구매자·신뢰중시 쇼핑·이커머스·결제,person,not_estimable,,,,E,4bcaf3e7e3c41bb18a8b115171f9ddd733970f5c097c002a7c7f61599fd11ac8
ARC-11-040,commerce_payment,충청권 온라인 구매자·결제편의 쇼핑·이커머스·결제,person,not_estimable,,,,E,e2efd71f5d0fb55c30f3fbc2ff1a104498c9f85d3860e1338d4d41f30ea11f72
ARC-11-041,commerce_payment,충청권 옴니채널 구매자·가격중시 쇼핑·이커머스·결제,person,not_estimable,,,,E,315162dd277ca76c739739b77c20117fb11c80ea202f2934513ab10910868534
ARC-11-042,commerce_payment,충청권 옴니채널 구매자·배송중시 쇼핑·이커머스·결제,person,not_estimable,,,,E,7da2e0fa88704240163d8acde91ac23513e43b77b7e19d81d51f69666a131c8f
ARC-11-043,commerce_payment,충청권 옴니채널 구매자·신뢰중시 쇼핑·이커머스·결제,person,not_estimable,,,,E,e28bfbdb6b9c063f4d9290df111db789b4e22999aaa2f2cf93bc8fdb9c92ed98
ARC-11-044,commerce_payment,충청권 옴니채널 구매자·결제편의 쇼핑·이커머스·결제,person,not_estimable,,,,E,f9ca0ebce15298c11a27061b5e266fc8df7f226c7e18868ee4fd4048542eb76a
ARC-11-045,commerce_payment,충청권 사업자 구매자·가격중시 쇼핑·이커머스·결제,person,not_estimable,,,,E,eddec8b5704c336124b752d50a21a90748335e7f4a3e01975c316729cfa2d7f0
ARC-11-046,commerce_payment,충청권 사업자 구매자·배송중시 쇼핑·이커머스·결제,person,not_estimable,,,,E,c79d1a86b0bf98a572b975bd5d917d4021fb2f27945a71e65b1d34db9340f000
ARC-11-047,commerce_payment,충청권 사업자 구매자·신뢰중시 쇼핑·이커머스·결제,person,not_estimable,,,,E,8fb974951994ea3e67ba7398d666210b9ebe7da598b6ada0ec11e79d0723e9bb
ARC-11-048,commerce_payment,충청권 사업자 구매자·결제편의 쇼핑·이커머스·결제,person,not_estimable,,,,E,44b9d57a4386d96549663c169bc02dca24761d433335f7a6050cd42a9843e974
ARC-11-049,commerce_payment,호남권 오프라인 구매자·가격중시 쇼핑·이커머스·결제,person,not_estimable,,,,E,b2e6df52b340fe92b5587b5d424c8c990725c703f4439040ef2ead131c0c463e
ARC-11-050,commerce_payment,호남권 오프라인 구매자·배송중시 쇼핑·이커머스·결제,person,not_estimable,,,,E,35102718157ac710db1f062d858108d88466c5c021a54defad087a9d454cb9e1
ARC-11-051,commerce_payment,호남권 오프라인 구매자·신뢰중시 쇼핑·이커머스·결제,person,not_estimable,,,,E,cd617a044fa5d43efedcdab1bb5d07fb5e9e4cf93050afd0298937eb26c55208
ARC-11-052,commerce_payment,호남권 오프라인 구매자·결제편의 쇼핑·이커머스·결제,person,not_estimable,,,,E,a4cd25a7193b504dbcd52d868c54e2aea8d935315400fd309a6081754dd6a11e
ARC-11-053,commerce_payment,호남권 온라인 구매자·가격중시 쇼핑·이커머스·결제,person,not_estimable,,,,E,903f658a22ca69f6f6a9c436c78cff50d220fb2ccb6dd0cd55648e5e0e2328fc
ARC-11-054,commerce_payment,호남권 온라인 구매자·배송중시 쇼핑·이커머스·결제,person,not_estimable,,,,E,71301ac2c5e201881c8a2349f07eb881e29d8db97feefee4eca76cac02eb9ad2
ARC-11-055,commerce_payment,호남권 온라인 구매자·신뢰중시 쇼핑·이커머스·결제,person,not_estimable,,,,E,f77876ccbc1c66e778c14526712800e98442500f5673f602468ec4799418d08e
ARC-11-056,commerce_payment,호남권 온라인 구매자·결제편의 쇼핑·이커머스·결제,person,not_estimable,,,,E,5326c211ae1380588c60959282428e9f60cbd853973251ec246a89fe36b7c22c
ARC-11-057,commerce_payment,호남권 옴니채널 구매자·가격중시 쇼핑·이커머스·결제,person,not_estimable,,,,E,9fca35a276c64d0f2de707dd5f9ab318cce85967a8be167fd30954c795d27e78
ARC-11-058,commerce_payment,호남권 옴니채널 구매자·배송중시 쇼핑·이커머스·결제,person,not_estimable,,,,E,1966bba0d97dd767fb5a4388e726df4591b2e38e36a80aff4d20933db2c700bb
ARC-11-059,commerce_payment,호남권 옴니채널 구매자·신뢰중시 쇼핑·이커머스·결제,person,not_estimable,,,,E,726bac6fbd380f6727241649892613e276656a4ca2e73933a018acd79d5eb327
ARC-11-060,commerce_payment,호남권 옴니채널 구매자·결제편의 쇼핑·이커머스·결제,person,not_estimable,,,,E,90a80d406ed691dad3be0849e1587b741876fe7be4c3cd8bf9eb1e4ae907e804
ARC-11-061,commerce_payment,호남권 사업자 구매자·가격중시 쇼핑·이커머스·결제,person,not_estimable,,,,E,a68f7fac421a115e3435da10ce04aead9c1ce596f6d29320fae4393b6ad9afc1
ARC-11-062,commerce_payment,호남권 사업자 구매자·배송중시 쇼핑·이커머스·결제,person,not_estimable,,,,E,aa26c13240fd8dc11af7dd40cbb5960b8a43b88ea15df340f7fa2799fb2f00e6
ARC-11-063,commerce_payment,호남권 사업자 구매자·신뢰중시 쇼핑·이커머스·결제,person,not_estimable,,,,E,02c3b1e102b78524599eeabb506ba11de47ce51d21794684660c82faa1608100
ARC-11-064,commerce_payment,호남권 사업자 구매자·결제편의 쇼핑·이커머스·결제,person,not_estimable,,,,E,4615d844f06ba61fe7b3f966b2f644b7fbf1528d3896483e4a0496ef2febe5f1
ARC-11-065,commerce_payment,영남권 오프라인 구매자·가격중시 쇼핑·이커머스·결제,person,not_estimable,,,,E,73834b0a19873bce7bbd5bbe50c6ffd726c88df98ad6054cd21f524b9fee7bcb
ARC-11-066,commerce_payment,영남권 오프라인 구매자·배송중시 쇼핑·이커머스·결제,person,not_estimable,,,,E,9a4610b2ed03a13163da00c6c445df8692afc5b83e33ebbdeb43f05df3997d90
ARC-11-067,commerce_payment,영남권 오프라인 구매자·신뢰중시 쇼핑·이커머스·결제,person,not_estimable,,,,E,257428da382c8eb2eefbb31836541c632c7f5bff3040b79a320aeeb51346fba0
ARC-11-068,commerce_payment,영남권 오프라인 구매자·결제편의 쇼핑·이커머스·결제,person,not_estimable,,,,E,a9f3d44fd811233971a6c014a9a5040865ae7a82a4ba0b68f0ee1ebe6325f1d6
ARC-11-069,commerce_payment,영남권 온라인 구매자·가격중시 쇼핑·이커머스·결제,person,not_estimable,,,,E,8d944cc97f43b597b399d4b90867dc27f8421bf075917414edc37b063c2e8313
ARC-11-070,commerce_payment,영남권 온라인 구매자·배송중시 쇼핑·이커머스·결제,person,not_estimable,,,,E,c852aeabc5a61c5c89450dc8bd87e23db381bec9017f63731f7e76e31dbee6fe
ARC-11-071,commerce_payment,영남권 온라인 구매자·신뢰중시 쇼핑·이커머스·결제,person,not_estimable,,,,E,0a46637c3a2d4e25fab6fc0dac853f70377837bae06bf606bce5d815170cafe2
ARC-11-072,commerce_payment,영남권 온라인 구매자·결제편의 쇼핑·이커머스·결제,person,not_estimable,,,,E,a31899c801b437f9d2f5c8e2a94f70db4ce99ba0d3e2c3ae7e34e9f23df3da4b
ARC-11-073,commerce_payment,영남권 옴니채널 구매자·가격중시 쇼핑·이커머스·결제,person,not_estimable,,,,E,2532695780d7c94d569a73099d107c110fba6480166eae4cd597b3974d940391
ARC-11-074,commerce_payment,영남권 옴니채널 구매자·배송중시 쇼핑·이커머스·결제,person,not_estimable,,,,E,183fd8f57d143fb01f9b4dc76ebe2c5183a8ba02df6bc2fe2bf83b394237e33c
ARC-11-075,commerce_payment,영남권 옴니채널 구매자·신뢰중시 쇼핑·이커머스·결제,person,not_estimable,,,,E,236e28b1282641a6cf3768264369d33f861b79517830820e0fe10a00e2d59a05
ARC-11-076,commerce_payment,영남권 옴니채널 구매자·결제편의 쇼핑·이커머스·결제,person,not_estimable,,,,E,618ef40d1e0c0119e9ee34f43555550671c93f2436f53f2392c52008efabed34
ARC-11-077,commerce_payment,영남권 사업자 구매자·가격중시 쇼핑·이커머스·결제,person,not_estimable,,,,E,8cb5282a3d588f2628e74f9e6951b2334840e648013e85998d1ff2fe3e7402c3
ARC-11-078,commerce_payment,영남권 사업자 구매자·배송중시 쇼핑·이커머스·결제,person,not_estimable,,,,E,03993f34da3d013975d51b4e970a9a11b1968899c960f5957c64d569f35b675c
ARC-11-079,commerce_payment,영남권 사업자 구매자·신뢰중시 쇼핑·이커머스·결제,person,not_estimable,,,,E,a402458c01642e7aea696127375742cd517e06dda405509fbc63ab1713fe7b48
ARC-11-080,commerce_payment,영남권 사업자 구매자·결제편의 쇼핑·이커머스·결제,person,not_estimable,,,,E,2f11e541af049f25817441a2c66dbb7bd6b0ad60c3a028fe6c7305ba822b27ca
ARC-12-001,food_dining,전국 가정식 중심·건강식 음식·외식·식생활,person,not_estimable,,,,E,77ce9e000c74f4fe35ca830e4af65ef47ed86c8d9e21186206f9416ec08b9f71
ARC-12-002,food_dining,전국 가정식 중심·가성비 음식·외식·식생활,person,not_estimable,,,,E,8300dedecba63363f04c1c33900bda0c9549766fd89b709cbb2434f9178ee327
ARC-12-003,food_dining,전국 가정식 중심·프리미엄 음식·외식·식생활,person,not_estimable,,,,E,cbe3484d0befeb7426c56382ca3c41dbd42a15d08d95458cb964efaf0794af6b
ARC-12-004,food_dining,전국 가정식 중심·편의성 음식·외식·식생활,person,not_estimable,,,,E,431eefefa541c46740e1d1f6a9f4cfac65248dd529d2995dce42d4f807188664
ARC-12-005,food_dining,전국 배달 이용·건강식 음식·외식·식생활,person,not_estimable,,,,E,741cbe218221cbaa7316fe2068726340e635690d4a7d54415f0d7056dd4d625c
ARC-12-006,food_dining,전국 배달 이용·가성비 음식·외식·식생활,person,not_estimable,,,,E,beabec6ce85b980d97cee28ceae8d7248c9db55885e83403d4d1fd3193b4519a
ARC-12-007,food_dining,전국 배달 이용·프리미엄 음식·외식·식생활,person,not_estimable,,,,E,924d1b9be7d5b0f102b7f9424ec010c43ff118b444abb946eced307b4835e429
ARC-12-008,food_dining,전국 배달 이용·편의성 음식·외식·식생활,person,not_estimable,,,,E,2b274f214f7bb34dabb202d84f0616479add7d5a7cdaee0b6013d6c0cfb3cb40
ARC-12-009,food_dining,전국 외식 중심·건강식 음식·외식·식생활,person,not_estimable,,,,E,b4c38d8bc9d04a234d54ccd283754ed0aca69351adafeea387da28912444c700
ARC-12-010,food_dining,전국 외식 중심·가성비 음식·외식·식생활,person,not_estimable,,,,E,de5b0d2cd18307cec6a40abf1cb321946cc83accd750e57bcee0be6f8ea779de
ARC-12-011,food_dining,전국 외식 중심·프리미엄 음식·외식·식생활,person,not_estimable,,,,E,58930ba823cc9b264bbe7dc7b94d8917aa30ea5143c03957435d16981b34188a
ARC-12-012,food_dining,전국 외식 중심·편의성 음식·외식·식생활,person,not_estimable,,,,E,6b3fb6d532674509ba45d0fba6b2bdb88339fcf52a73fe2d04cd957072ebcddc
ARC-12-013,food_dining,전국 음식업 운영·건강식 음식·외식·식생활,person,not_estimable,,,,E,52c535537c36959761da2933cce5441a3bf8c16de7adf8139c905b263c0ec676
ARC-12-014,food_dining,전국 음식업 운영·가성비 음식·외식·식생활,person,not_estimable,,,,E,e303f7f2e42beb9e710ff52040e10db33aaa5c7d930957dc19abe638366948e9
ARC-12-015,food_dining,전국 음식업 운영·프리미엄 음식·외식·식생활,person,not_estimable,,,,E,715aad29989e84a75b5df7ba32af174f2fa85c934a247af7edbe895232af7b2d
ARC-12-016,food_dining,전국 음식업 운영·편의성 음식·외식·식생활,person,not_estimable,,,,E,c0c9c33760609aced354eac691c8c2549e61627ec8b9584f531f7893f2f08a3d
ARC-12-017,food_dining,수도권 가정식 중심·건강식 음식·외식·식생활,person,not_estimable,,,,E,3ca37c3a7e52fd17736094669b0a21c7a817eb8f364619b544165f1957acb136
ARC-12-018,food_dining,수도권 가정식 중심·가성비 음식·외식·식생활,person,not_estimable,,,,E,0ccd9fe8ea5a8b2da1a8891e37528717e24be4737ed005d9f740cea49ade6867
ARC-12-019,food_dining,수도권 가정식 중심·프리미엄 음식·외식·식생활,person,not_estimable,,,,E,236c5f7affc1c59786b5cd9eff875c924b3a9c599bea72c2852753c020e75b4d
ARC-12-020,food_dining,수도권 가정식 중심·편의성 음식·외식·식생활,person,not_estimable,,,,E,c8b959ecfa47421b1970dcc477489e819100a2aab06d16175ef0faae7610677c
ARC-12-021,food_dining,수도권 배달 이용·건강식 음식·외식·식생활,person,not_estimable,,,,E,5291c33c0f3ea42c5a425b58f92d60d45b7671a8faa154b908b8932b079d5535
ARC-12-022,food_dining,수도권 배달 이용·가성비 음식·외식·식생활,person,not_estimable,,,,E,8a8d61c71fc48b913f3d1cc5920dd42cc25bb9ba048332ffc1dea0cff4f81ce4
ARC-12-023,food_dining,수도권 배달 이용·프리미엄 음식·외식·식생활,person,not_estimable,,,,E,6a3c5dc7e7417d2c25f4ab69af629ec3785784c153eaa1e472462cc53d81decb
ARC-12-024,food_dining,수도권 배달 이용·편의성 음식·외식·식생활,person,not_estimable,,,,E,2ef10842dfebcd11d073edb4e55cda59b9ae333cbc82bcfbf96bb9058da17f27
ARC-12-025,food_dining,수도권 외식 중심·건강식 음식·외식·식생활,person,not_estimable,,,,E,5cd8528a9fb9d25182b860d6c38a51421b8e203f2668ac7e74f81147a4a9aaeb
ARC-12-026,food_dining,수도권 외식 중심·가성비 음식·외식·식생활,person,not_estimable,,,,E,4e06e75d4251bce56aed1ff156c244f65e6d36f4133ae8252f68d6dda34f7cd4
ARC-12-027,food_dining,수도권 외식 중심·프리미엄 음식·외식·식생활,person,not_estimable,,,,E,0a5349d34d33ca859a531d3b896c7f9c7a56a5c6789ef8ff2c7fcbcc09e5f2e0
ARC-12-028,food_dining,수도권 외식 중심·편의성 음식·외식·식생활,person,not_estimable,,,,E,56799604d2a767fc1ee981154c653eed355bb7c4d65d1db6fffc963c8671daaa
ARC-12-029,food_dining,수도권 음식업 운영·건강식 음식·외식·식생활,person,not_estimable,,,,E,d8b2b2b179cf1845d339f335f01b46ed37b20482dcccd73c60e876d16bd63f1c
ARC-12-030,food_dining,수도권 음식업 운영·가성비 음식·외식·식생활,person,not_estimable,,,,E,2d44e8928b6ef62dcf0ebdf78a64a6e33ea60fe949b1776d2457ac6a6a20eee2
ARC-12-031,food_dining,수도권 음식업 운영·프리미엄 음식·외식·식생활,person,not_estimable,,,,E,068b153e0ee6fe07f04b23de76baad1513b36746c71f71e9a97d07653dd037c1
ARC-12-032,food_dining,수도권 음식업 운영·편의성 음식·외식·식생활,person,not_estimable,,,,E,94cb5bebcd8e40d918893740aa1ae2a9c825bfcd616fb590ed6029e54e83f345
ARC-12-033,food_dining,충청권 가정식 중심·건강식 음식·외식·식생활,person,not_estimable,,,,E,db45eac03a60cc1b3c47afce0aa796f25b35b9793faca497f4b099f7bf79ef71
ARC-12-034,food_dining,충청권 가정식 중심·가성비 음식·외식·식생활,person,not_estimable,,,,E,9debc33159c51ae4c69c4c0d5aef6f492aff44bac75669ee4b536e88611d6858
ARC-12-035,food_dining,충청권 가정식 중심·프리미엄 음식·외식·식생활,person,not_estimable,,,,E,fa2057f4277e5b88620624d933f6e2da2274dc2be2840a052430f6e12198c4ff
ARC-12-036,food_dining,충청권 가정식 중심·편의성 음식·외식·식생활,person,not_estimable,,,,E,c91a19409901c0bd2dde990c1260ed13a3820b2de4c90c58cc0d405b35cb6b0a
ARC-12-037,food_dining,충청권 배달 이용·건강식 음식·외식·식생활,person,not_estimable,,,,E,996baa1e9c4c1d2189c860613275950f933438f743a2adabd2446325833f4181
ARC-12-038,food_dining,충청권 배달 이용·가성비 음식·외식·식생활,person,not_estimable,,,,E,19de900fe531fcecb8ce5f2d8f2382215791dba67db621b7b84139bd26158e26
ARC-12-039,food_dining,충청권 배달 이용·프리미엄 음식·외식·식생활,person,not_estimable,,,,E,a92fb2d9c29403fe85ed11ad81af7eec97ceabe9f5107149db04aaeb8b905236
ARC-12-040,food_dining,충청권 배달 이용·편의성 음식·외식·식생활,person,not_estimable,,,,E,b82d2fd36034c0ac399a7cec4ca259b742bd6e0c6081d65e4107dfae3e04e518
ARC-12-041,food_dining,충청권 외식 중심·건강식 음식·외식·식생활,person,not_estimable,,,,E,69c3f2cd2080de9e048afed4a5b6ee3cf550e19aa7b5db951c64c73044566c64
ARC-12-042,food_dining,충청권 외식 중심·가성비 음식·외식·식생활,person,not_estimable,,,,E,79460e0b07b1d6b7d93ca2cb18c932899f77158d6b1aaf7095752af8f4171937
ARC-12-043,food_dining,충청권 외식 중심·프리미엄 음식·외식·식생활,person,not_estimable,,,,E,600134220095d98aeb077abc22b4fc639f1598be2a1c28662ede905957f91491
ARC-12-044,food_dining,충청권 외식 중심·편의성 음식·외식·식생활,person,not_estimable,,,,E,e233c970bf8f1bc4dc7660c8849fd97b2d79ffa343f49a735ab057300bf6977c
ARC-12-045,food_dining,충청권 음식업 운영·건강식 음식·외식·식생활,person,not_estimable,,,,E,b47d8f183247e4da73506c3967a7adc66f99fe54aa240e1b9d9007be63d3fd33
ARC-12-046,food_dining,충청권 음식업 운영·가성비 음식·외식·식생활,person,not_estimable,,,,E,0eaa26c3aa900c36a15621cf6f8cdf37e8cb9ee6c3b199217ed3c3fafd3db0fe
ARC-12-047,food_dining,충청권 음식업 운영·프리미엄 음식·외식·식생활,person,not_estimable,,,,E,3990c5c0705f3eb27e39855b09c9da39129b35a41ec47baad8d4fbce0d008d3b
ARC-12-048,food_dining,충청권 음식업 운영·편의성 음식·외식·식생활,person,not_estimable,,,,E,c4c96245e63be99004513a400c056d071d0f766b7d6d23b0131e5105fc3edf72
ARC-12-049,food_dining,호남권 가정식 중심·건강식 음식·외식·식생활,person,not_estimable,,,,E,32bbfa374ccfc46e6034623cbcd6f79a2157d73592afaa81c2d8cf79e29a772d
ARC-12-050,food_dining,호남권 가정식 중심·가성비 음식·외식·식생활,person,not_estimable,,,,E,8edc411b7223829037591fa7b4c91e1dfa1f3e13883697fe581d97c4f5428010
ARC-12-051,food_dining,호남권 가정식 중심·프리미엄 음식·외식·식생활,person,not_estimable,,,,E,b433e9d500053407497b5c09e1c442b608239a4e41ac3aeec8c0647af8247b53
ARC-12-052,food_dining,호남권 가정식 중심·편의성 음식·외식·식생활,person,not_estimable,,,,E,78f6ebb7eea1fee8333ccd6b87c0a4f275744c990ab132c1de73196471b2e6f5
ARC-12-053,food_dining,호남권 배달 이용·건강식 음식·외식·식생활,person,not_estimable,,,,E,32628681187c4707a08a25133e1c362cb4969d8b1bef7b3f5c6e48f718f9f68e
ARC-12-054,food_dining,호남권 배달 이용·가성비 음식·외식·식생활,person,not_estimable,,,,E,a9d42fd3190f3daac0d7b88499f8428126b2f17787d68ae4d0c32af88ac76d60
ARC-12-055,food_dining,호남권 배달 이용·프리미엄 음식·외식·식생활,person,not_estimable,,,,E,054a74823edcccc98782a7ab80b15ca780cfcfae629ba5075aeedd4af9cc685d
ARC-12-056,food_dining,호남권 배달 이용·편의성 음식·외식·식생활,person,not_estimable,,,,E,7ae0a70f96fc32ff9ed6b6a781712da4854d6a5258ae450f3cd38189c4f3089a
ARC-12-057,food_dining,호남권 외식 중심·건강식 음식·외식·식생활,person,not_estimable,,,,E,ee59c5da826ae208cf7604ee78f4c2112313eb748d750d7f25afd16a7ec89383
ARC-12-058,food_dining,호남권 외식 중심·가성비 음식·외식·식생활,person,not_estimable,,,,E,47b4eea216241280f86c1b21a1016c104d6ae2341e0c3d6c273296c027bccbcb
ARC-12-059,food_dining,호남권 외식 중심·프리미엄 음식·외식·식생활,person,not_estimable,,,,E,8b15b40aec74e278d86d4a5b7de260e00ca698be0b5608f0194173ec8640a9d6
ARC-12-060,food_dining,호남권 외식 중심·편의성 음식·외식·식생활,person,not_estimable,,,,E,5bfe24deada01b21b0882e7ae668d922b87732dab66b607cab1d3ee2977310d6
ARC-12-061,food_dining,호남권 음식업 운영·건강식 음식·외식·식생활,person,not_estimable,,,,E,f019765d17b1a42f974c79ac1bfa250095eb8065b33720a34f195d959cf04398
ARC-12-062,food_dining,호남권 음식업 운영·가성비 음식·외식·식생활,person,not_estimable,,,,E,6ed9a41a5f5aaac175d063fa7101790d98fb530a9eacb49e7b226a29c0efa0a5
ARC-12-063,food_dining,호남권 음식업 운영·프리미엄 음식·외식·식생활,person,not_estimable,,,,E,00f38ac1ebf56f752f7c57cae2384bd53c404ebf1faed2b889c24690c4fdc928
ARC-12-064,food_dining,호남권 음식업 운영·편의성 음식·외식·식생활,person,not_estimable,,,,E,74fa2ccd294a469297807ab368ee84589cb38c25136f4b6ba546b46ce2b16a33
ARC-12-065,food_dining,영남권 가정식 중심·건강식 음식·외식·식생활,person,not_estimable,,,,E,97720880988b270a855b91702442743207bcd7189dfe251f090900f50a5ad182
ARC-12-066,food_dining,영남권 가정식 중심·가성비 음식·외식·식생활,person,not_estimable,,,,E,27710ecc92cf13a238baadc614b060e744966785a86da8843232cf364b367385
ARC-12-067,food_dining,영남권 가정식 중심·프리미엄 음식·외식·식생활,person,not_estimable,,,,E,db6136467040646ba38ee0a663e7b95d3e8898fcb0bc1d657f00bd6990f4fb37
ARC-12-068,food_dining,영남권 가정식 중심·편의성 음식·외식·식생활,person,not_estimable,,,,E,2295213c6bc0cea7716b962b3cb4c76ae45690fff769802442846c8be675f8a5
ARC-12-069,food_dining,영남권 배달 이용·건강식 음식·외식·식생활,person,not_estimable,,,,E,64797ed243c89fc6380e45ab8592139238c0aac32fa03df590dd684a611db8c9
ARC-12-070,food_dining,영남권 배달 이용·가성비 음식·외식·식생활,person,not_estimable,,,,E,5037d315fa34e929ed1ea6e7083a1bbc8a0381b13acb4f76a4008e74c1b5d070
ARC-12-071,food_dining,영남권 배달 이용·프리미엄 음식·외식·식생활,person,not_estimable,,,,E,13ff050b50d4a60b4599b75a9136b88790d5c32499e81302886e5754dfce2382
ARC-12-072,food_dining,영남권 배달 이용·편의성 음식·외식·식생활,person,not_estimable,,,,E,1f68a949b7d2d46fd11c993522125e11a635d10f16f8fa82901102f77818f7cb
ARC-12-073,food_dining,영남권 외식 중심·건강식 음식·외식·식생활,person,not_estimable,,,,E,ab25c1193abde81f0e3d70f2d9cf4786d69d856ff07c09f433caa0535c00a077
ARC-12-074,food_dining,영남권 외식 중심·가성비 음식·외식·식생활,person,not_estimable,,,,E,919d13c8161f9bf0ab06391d91847e4bbf1900a7fd9aa546556661a9b06e50c3
ARC-12-075,food_dining,영남권 외식 중심·프리미엄 음식·외식·식생활,person,not_estimable,,,,E,8a9aaebaeafce08275290945b952398e096f569d067ee428a9a0efbe1e8f4bbc
ARC-12-076,food_dining,영남권 외식 중심·편의성 음식·외식·식생활,person,not_estimable,,,,E,46893a26e2f89e3566652107e26392f405c9d50002944839094699557584286f
ARC-12-077,food_dining,영남권 음식업 운영·건강식 음식·외식·식생활,person,not_estimable,,,,E,6d4ddababd3cf71b3d9da0627518319f270dfaa98c3e4553b41a9e3358ab8665
ARC-12-078,food_dining,영남권 음식업 운영·가성비 음식·외식·식생활,person,not_estimable,,,,E,047180b3140b1c9e52e40d09ab3794fcca1521dd0975de52b3f5b95395c72d9f
ARC-12-079,food_dining,영남권 음식업 운영·프리미엄 음식·외식·식생활,person,not_estimable,,,,E,4d3f24280b1ea87e2c19ad468ad35c2b8e9542d6c198b16a53d73ef468e939d1
ARC-12-080,food_dining,영남권 음식업 운영·편의성 음식·외식·식생활,person,not_estimable,,,,E,0985007ef22506280efc2c6bc62f58c486806ba7ec6137a018de549d4b159714
ARC-13-001,health_care,전국 예방관리·운동 건강·웰빙·돌봄,person,not_estimable,,,,E,95f69b1ef3634f64cee1000e21fa6cdd8262b33804bc273a3e74ef156da0f773
ARC-13-002,health_care,전국 예방관리·영양 건강·웰빙·돌봄,person,not_estimable,,,,E,88f95496b39a0a795ecefd8faaeaa989554526ad56ef2edc82d36ba321d32447
ARC-13-003,health_care,전국 예방관리·의료접근 건강·웰빙·돌봄,person,not_estimable,,,,E,686728fcdf344c046aea8904faf34319c53715ea09bd4e7974f2f13080199b65
ARC-13-004,health_care,전국 예방관리·건강모니터링 건강·웰빙·돌봄,person,not_estimable,,,,E,a025beba853126672a9f2f02dfd2605bc74cb830b9d68feb10b9513180c7daac
ARC-13-005,health_care,전국 만성관리·운동 건강·웰빙·돌봄,person,not_estimable,,,,E,8cc8c0f26fb586e010dda9b69d6086ac358b35817eb580258bad4cc83ef1ee02
ARC-13-006,health_care,전국 만성관리·영양 건강·웰빙·돌봄,person,not_estimable,,,,E,6c9f57976d51f541b8a16de36b6cb7a6b64711ce96ab4b7cb1fce7c09beb237c
ARC-13-007,health_care,전국 만성관리·의료접근 건강·웰빙·돌봄,person,not_estimable,,,,E,3790864108bf485d6509b419feb562ac809ec49f7d627bf679937898c57cfc6b
ARC-13-008,health_care,전국 만성관리·건강모니터링 건강·웰빙·돌봄,person,not_estimable,,,,E,b4aff0aa74d373281149295f3311cfcc022cbb4c2fc6061d5db232113610b4fb
ARC-13-009,health_care,전국 가족돌봄·운동 건강·웰빙·돌봄,person,not_estimable,,,,E,507e590ae09c17e809e74dd87cb785dfecdeee4c7048185a0803fc018d9a61d7
ARC-13-010,health_care,전국 가족돌봄·영양 건강·웰빙·돌봄,person,not_estimable,,,,E,fc33a22cc445771f4ac6c13f03ab22e78e704817b65e85b9d081f44117dc24a9
ARC-13-011,health_care,전국 가족돌봄·의료접근 건강·웰빙·돌봄,person,not_estimable,,,,E,fc0256bb813e273c8e824c9a4fcfed559381b5c17508e1ee327706bf5352ce64
ARC-13-012,health_care,전국 가족돌봄·건강모니터링 건강·웰빙·돌봄,person,not_estimable,,,,E,6967f2a263c46dc64d0f161e5c005bff8f7003efd2fc3ef58125d3875ec6e554
ARC-13-013,health_care,전국 고령건강·운동 건강·웰빙·돌봄,person,not_estimable,,,,E,04c8b9c7be4319c2d5583030638af1e0ee3c97cc62985db2c3aad3640c84035d
ARC-13-014,health_care,전국 고령건강·영양 건강·웰빙·돌봄,person,not_estimable,,,,E,9c1ac040ff301e8f7088b7107b2be6547f8ac781ba20e757e2c3b7b971077612
ARC-13-015,health_care,전국 고령건강·의료접근 건강·웰빙·돌봄,person,not_estimable,,,,E,e1f5ec5759fbdca9980f05ad4ef2534f629c1e15cb3649e46d99d634b5c45e8d
ARC-13-016,health_care,전국 고령건강·건강모니터링 건강·웰빙·돌봄,person,not_estimable,,,,E,fe5dd8e5b9e82bdbf82fd4a136aa0f3282dfbe1c1bf0d6ba8aa28a833b07ce4b
ARC-13-017,health_care,수도권 예방관리·운동 건강·웰빙·돌봄,person,not_estimable,,,,E,040637c35342b6a48455a31d83f38188e6d4904b1c4a96082fc7993d5b80bdd3
ARC-13-018,health_care,수도권 예방관리·영양 건강·웰빙·돌봄,person,not_estimable,,,,E,d032e8e0bcf5e028b9cb53a7881c65235dc23603347797524c4cb3bf0a9e8ea4
ARC-13-019,health_care,수도권 예방관리·의료접근 건강·웰빙·돌봄,person,not_estimable,,,,E,c5cf60a08a6475c316aa4f3e8dddea14a75b8b513ecc1d7f5311c9b2e8cd4e52
ARC-13-020,health_care,수도권 예방관리·건강모니터링 건강·웰빙·돌봄,person,not_estimable,,,,E,27ba5eed35aadc241f9945b8424ffd1473aea3333f4e8392205a78bbf01b920a
ARC-13-021,health_care,수도권 만성관리·운동 건강·웰빙·돌봄,person,not_estimable,,,,E,5a3171d0165a401b08e93be09a34485e783b25ec6eb55ea22efa7488b71c9d15
ARC-13-022,health_care,수도권 만성관리·영양 건강·웰빙·돌봄,person,not_estimable,,,,E,722e2c765578cecc53fb9036748eae20f904e75d25c9427438a67fc7c7bc509a
ARC-13-023,health_care,수도권 만성관리·의료접근 건강·웰빙·돌봄,person,not_estimable,,,,E,ca9bc1b445be13268d1e6f30aedd0e4fb081bc2fcb8dcefdef331b9d3b7e9117
ARC-13-024,health_care,수도권 만성관리·건강모니터링 건강·웰빙·돌봄,person,not_estimable,,,,E,eaae19b58f7896237c6c699b501586b5bf3cff8c1036eb2b2339e7b32f94ecf3
ARC-13-025,health_care,수도권 가족돌봄·운동 건강·웰빙·돌봄,person,not_estimable,,,,E,a7614b90817de3f169c749584ac28e6ad0a150fe0bbf1518e03d4286a2fe000e
ARC-13-026,health_care,수도권 가족돌봄·영양 건강·웰빙·돌봄,person,not_estimable,,,,E,0910d34f8c3f02b7fb0c43121fff635f03bd8a9f0a248ffdabeb3f27fb55d389
ARC-13-027,health_care,수도권 가족돌봄·의료접근 건강·웰빙·돌봄,person,not_estimable,,,,E,816b04f622f586b91bd02908163164c6954cd0f674f470540fcbbed3a1cd6008
ARC-13-028,health_care,수도권 가족돌봄·건강모니터링 건강·웰빙·돌봄,person,not_estimable,,,,E,e5f746f1bc0b3eec23c63f3f2bb9ff08c853870c5c00620561218e4c71ab68e9
ARC-13-029,health_care,수도권 고령건강·운동 건강·웰빙·돌봄,person,not_estimable,,,,E,0bf580862d2442259d1655861955326f1bd6bc4ae774e1b9642c2cb37aff346e
ARC-13-030,health_care,수도권 고령건강·영양 건강·웰빙·돌봄,person,not_estimable,,,,E,2170376670aa997cccbac83e163bd0cae6b3683b28d09e0d5096d8c0a86a7c91
ARC-13-031,health_care,수도권 고령건강·의료접근 건강·웰빙·돌봄,person,not_estimable,,,,E,4cb1e980b16cb2088303641a65ee165402214e9c9977d5f62759a127a64d793d
ARC-13-032,health_care,수도권 고령건강·건강모니터링 건강·웰빙·돌봄,person,not_estimable,,,,E,52d693a27ab43408324d6864ee30e501312af480348576061d616a96a48c8049
ARC-13-033,health_care,충청권 예방관리·운동 건강·웰빙·돌봄,person,not_estimable,,,,E,c3a411d54dd1f4ab1efc5ce7aa1d3225aeb333e1cb556fecab8c8c2ba7095087
ARC-13-034,health_care,충청권 예방관리·영양 건강·웰빙·돌봄,person,not_estimable,,,,E,e44245152a32e62194f03aece565fdc3931400da1a0ad111c0a84fec27077ab2
ARC-13-035,health_care,충청권 예방관리·의료접근 건강·웰빙·돌봄,person,not_estimable,,,,E,31fd3931dbccc90ba9fa6f6ba90884104de2144cf810f5d3dffbdcee6bac1065
ARC-13-036,health_care,충청권 예방관리·건강모니터링 건강·웰빙·돌봄,person,not_estimable,,,,E,6bd287145054746685a4180e6c3316e6ea950144edefe8c54ae352439bfd1b02
ARC-13-037,health_care,충청권 만성관리·운동 건강·웰빙·돌봄,person,not_estimable,,,,E,65e89b27d35e11a4272b01c61cfe7efbfa58426b0838e50e5b0f552b2b6cbf80
ARC-13-038,health_care,충청권 만성관리·영양 건강·웰빙·돌봄,person,not_estimable,,,,E,2d8be393be6c46690d8aafffdb6ed64ecf031c6cba24ac357607f0966b091eff
ARC-13-039,health_care,충청권 만성관리·의료접근 건강·웰빙·돌봄,person,not_estimable,,,,E,058b84e8c49e44ac91889855ac7787c555ffeb7a72b193792a9a8e88e44e48fb
ARC-13-040,health_care,충청권 만성관리·건강모니터링 건강·웰빙·돌봄,person,not_estimable,,,,E,8811890199923457d853583550f072067b8d0a21f56a5af920decc2373c18676
ARC-13-041,health_care,충청권 가족돌봄·운동 건강·웰빙·돌봄,person,not_estimable,,,,E,ef0e29bdbe4f111c4b9c192fb5df1c628bea28400714b5548be55335c11359d7
ARC-13-042,health_care,충청권 가족돌봄·영양 건강·웰빙·돌봄,person,not_estimable,,,,E,be2b331c71d2f7cf30780802f74540b6f7a499267e6b848749b3a943b6acdfb4
ARC-13-043,health_care,충청권 가족돌봄·의료접근 건강·웰빙·돌봄,person,not_estimable,,,,E,4125f92754820c87e4fb3947c7a454e3f2343b90e0a32d97912b2ab0e9fb12ab
ARC-13-044,health_care,충청권 가족돌봄·건강모니터링 건강·웰빙·돌봄,person,not_estimable,,,,E,b3cb983742c1a167e4d7e27b6ceb267d5673517070ce46828d0e0365c60089d6
ARC-13-045,health_care,충청권 고령건강·운동 건강·웰빙·돌봄,person,not_estimable,,,,E,513606d3d3d21e348397777712928da76fe6f052335d583fdb7100690561bed7
ARC-13-046,health_care,충청권 고령건강·영양 건강·웰빙·돌봄,person,not_estimable,,,,E,57f71127ea96684208a48b9edc8fa2df61689dcd28af7436e23a41c9899269b9
ARC-13-047,health_care,충청권 고령건강·의료접근 건강·웰빙·돌봄,person,not_estimable,,,,E,4316c4df25d67cb35f5b8233f410c50d0659ed67f61f270b12b9a211d3c4d170
ARC-13-048,health_care,충청권 고령건강·건강모니터링 건강·웰빙·돌봄,person,not_estimable,,,,E,3befb226d0e5a07dd0024fefd18867b8de4eb7a3c53f647a17e254b114c4d4ea
ARC-13-049,health_care,호남권 예방관리·운동 건강·웰빙·돌봄,person,not_estimable,,,,E,55100a323c196a852654135a0bbac511a57dcb98cf6b8586aa39b46bee7cb599
ARC-13-050,health_care,호남권 예방관리·영양 건강·웰빙·돌봄,person,not_estimable,,,,E,47efb46c998da22f318251354382c664034ae8b0901c93e6ccf63a2fabdc8c83
ARC-13-051,health_care,호남권 예방관리·의료접근 건강·웰빙·돌봄,person,not_estimable,,,,E,63b04b1715ccf9484ac34054fdfdf05708355e2de9b275818e381baa70335f9a
ARC-13-052,health_care,호남권 예방관리·건강모니터링 건강·웰빙·돌봄,person,not_estimable,,,,E,4019a57684b2d933000fe9610f6190e71c432592e3ef3c1970b6cd74047485e5
ARC-13-053,health_care,호남권 만성관리·운동 건강·웰빙·돌봄,person,not_estimable,,,,E,21f25b50d557db4ad87d1cae467d96d5d1f2641db525a268ff37ed83277bfabb
ARC-13-054,health_care,호남권 만성관리·영양 건강·웰빙·돌봄,person,not_estimable,,,,E,ec247fc7829f1a8c8d14a43fdfb3415927ffe56afede8d635c7f200c8e9dfe79
ARC-13-055,health_care,호남권 만성관리·의료접근 건강·웰빙·돌봄,person,not_estimable,,,,E,a7c31911cc64c678943fec2078c2b982a84d377ae71ab05b1e682460de417410
ARC-13-056,health_care,호남권 만성관리·건강모니터링 건강·웰빙·돌봄,person,not_estimable,,,,E,31338f7f59866f4508ff2043d61edd479c94280138b1f5222f88e8fc6c465863
ARC-13-057,health_care,호남권 가족돌봄·운동 건강·웰빙·돌봄,person,not_estimable,,,,E,a448f19af775d9ea496cf13e45176859242d9f774601d45f4c3855208cdec3c0
ARC-13-058,health_care,호남권 가족돌봄·영양 건강·웰빙·돌봄,person,not_estimable,,,,E,d23a04b6850c9976d00c2e1ed999487da3e8cef9fdebdcb3bea2953d601101a4
ARC-13-059,health_care,호남권 가족돌봄·의료접근 건강·웰빙·돌봄,person,not_estimable,,,,E,45c087a342cf0130bf6c2dc8349f8708c32e4a933a5b01e7ee1a2140d976ee54
ARC-13-060,health_care,호남권 가족돌봄·건강모니터링 건강·웰빙·돌봄,person,not_estimable,,,,E,e4151ad0df18d46285b6d692def7bb8a926ee0451a02c0bd17eca51f4bc87ffa
ARC-13-061,health_care,호남권 고령건강·운동 건강·웰빙·돌봄,person,not_estimable,,,,E,aea12c49c74156524e9377cbc91e187e447c586d0f2f7c9aebfb33ba94b9be81
ARC-13-062,health_care,호남권 고령건강·영양 건강·웰빙·돌봄,person,not_estimable,,,,E,e107b8a09b29710ca26a3790ee9862af7f2a17a2dff7491cd28b508d7ed37f7d
ARC-13-063,health_care,호남권 고령건강·의료접근 건강·웰빙·돌봄,person,not_estimable,,,,E,27b35efb3d43f0c5a884e71d4579060af5567238d0d9412275183d3cac6f3bad
ARC-13-064,health_care,호남권 고령건강·건강모니터링 건강·웰빙·돌봄,person,not_estimable,,,,E,84b182f46f5cee6fbecaff0153d7c78be1a7c04cde9ec73ba8a599463742997e
ARC-13-065,health_care,영남권 예방관리·운동 건강·웰빙·돌봄,person,not_estimable,,,,E,b07f0f4cdb026f706cf67903c8b5ee472ca1a8d8b469dd7af9cb990e621c7980
ARC-13-066,health_care,영남권 예방관리·영양 건강·웰빙·돌봄,person,not_estimable,,,,E,fea936e3e848a87ae9c775fb6b58d9d6907de461e19eaf90013db18ac8fc67d8
ARC-13-067,health_care,영남권 예방관리·의료접근 건강·웰빙·돌봄,person,not_estimable,,,,E,f5133fb6d7db18d52ea3386472efd90ee01d093251406e3cbba71f616dc44728
ARC-13-068,health_care,영남권 예방관리·건강모니터링 건강·웰빙·돌봄,person,not_estimable,,,,E,761ba93faa46d25f56094dc0d7a694db6dea09e21098fd0cf3ee2b79e71e4216
ARC-13-069,health_care,영남권 만성관리·운동 건강·웰빙·돌봄,person,not_estimable,,,,E,022291922dd5e54977388917f71aa79cb70c993f2ec731e83b0e01fbd17d5261
ARC-13-070,health_care,영남권 만성관리·영양 건강·웰빙·돌봄,person,not_estimable,,,,E,95524661dd6db67ef2619c6c0cbcfb8dcdb6be15d5ba6d124eb53af90f2c45b3
ARC-13-071,health_care,영남권 만성관리·의료접근 건강·웰빙·돌봄,person,not_estimable,,,,E,76d6c257e2cb7171f993ea9eccd679e0e23fd84ead642c68a123f10b881b6742
ARC-13-072,health_care,영남권 만성관리·건강모니터링 건강·웰빙·돌봄,person,not_estimable,,,,E,b2bfcce6de125571632b62272c21974ea4aabb20c601bdd529e9229a01a0a15b
ARC-13-073,health_care,영남권 가족돌봄·운동 건강·웰빙·돌봄,person,not_estimable,,,,E,51e20a57a46b57f4e398e8d215543094add56ec108165769c068c000436d2df7
ARC-13-074,health_care,영남권 가족돌봄·영양 건강·웰빙·돌봄,person,not_estimable,,,,E,63d032f5d8b3890a265d78a453a9c2a1ff43fa332fb83fe62ae14e5238e123be
ARC-13-075,health_care,영남권 가족돌봄·의료접근 건강·웰빙·돌봄,person,not_estimable,,,,E,9967eff06448c227c49ee575ba4109e6311e37910218ac45803c561b8e1573cb
ARC-13-076,health_care,영남권 가족돌봄·건강모니터링 건강·웰빙·돌봄,person,not_estimable,,,,E,a93b6373cd926af89b6f2fe45d7df21b4f9bd4a353ba9c00be83874ef8c582ed
ARC-13-077,health_care,영남권 고령건강·운동 건강·웰빙·돌봄,person,not_estimable,,,,E,2f0b2547cccd9d6cd02d1515dbf2a999d4d62367c116640569fc38d18ad8d155
ARC-13-078,health_care,영남권 고령건강·영양 건강·웰빙·돌봄,person,not_estimable,,,,E,ffa3349f712adbdefb4a95b16e004f347f6bc51d5d9adbaac9efc6a5d3280ed8
ARC-13-079,health_care,영남권 고령건강·의료접근 건강·웰빙·돌봄,person,not_estimable,,,,E,adada7e5d4d8fa2fcba1a3639266f1852a80e770c9a90271473c19cc314ee38d
ARC-13-080,health_care,영남권 고령건강·건강모니터링 건강·웰빙·돌봄,person,not_estimable,,,,E,8464a74c1bc53b8bcb6c4455ea98cb3fcccf292876bc1f88b9227fe0ab6bfd10
ARC-14-001,leisure_culture,전국 혼자여가·스포츠 여가·문화·스포츠,person,not_estimable,,,,E,ff600e06c8bdf8a7a9c027dd9e5e55b1a2c529265517f8c2ca6a771df923a9e6
ARC-14-002,leisure_culture,전국 혼자여가·문화예술 여가·문화·스포츠,person,not_estimable,,,,E,87ee9b0b64222146c225fbd1fb9a7259570189cfa5b8479769d958c496d259dd
ARC-14-003,leisure_culture,전국 혼자여가·야외활동 여가·문화·스포츠,person,not_estimable,,,,E,26736d98086d7b46b9922fc271eebb59c7ed31b7109f3ff7f16bf353ae344583
ARC-14-004,leisure_culture,전국 혼자여가·홈엔터테인먼트 여가·문화·스포츠,person,not_estimable,,,,E,c650f23e833ca39c6fd357d93741ef56404b801b795b9faf63f39ba0b4438e8a
ARC-14-005,leisure_culture,전국 가족여가·스포츠 여가·문화·스포츠,person,not_estimable,,,,E,344ffc6caeecdb790dc61fbd2bb080f413ca0b36155562dc8a1750e9bf5ceb4c
ARC-14-006,leisure_culture,전국 가족여가·문화예술 여가·문화·스포츠,person,not_estimable,,,,E,d42188f16463fabd42726e6535219660bbb3ad7337acacd5759a415c2016300e
ARC-14-007,leisure_culture,전국 가족여가·야외활동 여가·문화·스포츠,person,not_estimable,,,,E,c871b397ae96f540b6c9e9fa9dbf65e8dfa3b62daeb4d176b43f3ee128a6c1f7
ARC-14-008,leisure_culture,전국 가족여가·홈엔터테인먼트 여가·문화·스포츠,person,not_estimable,,,,E,3c52254f14d60cbf8ac6c5798524494bc55957abfc37d75a658d15e9087ede9a
ARC-14-009,leisure_culture,전국 모임여가·스포츠 여가·문화·스포츠,person,not_estimable,,,,E,13340ada9dd1b746b73346d431b80ee4793b1abfadfec75b2d3b6c6c54580f78
ARC-14-010,leisure_culture,전국 모임여가·문화예술 여가·문화·스포츠,person,not_estimable,,,,E,2a7ac91f372b172d3040bcc502ac8f25a698b806e0bdb5451e8f12ab6808fd01
ARC-14-011,leisure_culture,전국 모임여가·야외활동 여가·문화·스포츠,person,not_estimable,,,,E,ecdc4c20516432a6de6f0563bb8f9ff8b99252789f87b580acd819fb2fad0929
ARC-14-012,leisure_culture,전국 모임여가·홈엔터테인먼트 여가·문화·스포츠,person,not_estimable,,,,E,6b0d16480bef2cdd6a8e84ffb2f29b72254f840c13db1e722d1d58b948757a02
ARC-14-013,leisure_culture,전국 시니어여가·스포츠 여가·문화·스포츠,person,not_estimable,,,,E,30192875c6b46a77c61919ffcd544d937ac39374a9b8c330ab310e19b9a13aaa
ARC-14-014,leisure_culture,전국 시니어여가·문화예술 여가·문화·스포츠,person,not_estimable,,,,E,7b4a791071811eb1b3a37f724d132e9902e2316d070d1bfa0ef7e4e0225599a8
ARC-14-015,leisure_culture,전국 시니어여가·야외활동 여가·문화·스포츠,person,not_estimable,,,,E,cae020440502ecd0d0ad4b7daf8552d42e3d6420ac113799bd0d9831dddd4d74
ARC-14-016,leisure_culture,전국 시니어여가·홈엔터테인먼트 여가·문화·스포츠,person,not_estimable,,,,E,119585cc0dd1dfba2a81db68ec58f08bcb8e0a90922d7b986e519300a7de9c65
ARC-14-017,leisure_culture,수도권 혼자여가·스포츠 여가·문화·스포츠,person,not_estimable,,,,E,96c2911875353da970c7646435f27e9a30695a02250c68fd3b323aea6ec995f2
ARC-14-018,leisure_culture,수도권 혼자여가·문화예술 여가·문화·스포츠,person,not_estimable,,,,E,86783348660cd6e102e041fb4292944f70b54dbec5c6c5f47c32fdc7812b0276
ARC-14-019,leisure_culture,수도권 혼자여가·야외활동 여가·문화·스포츠,person,not_estimable,,,,E,42706c53a52447cab98ac0e0718fd8c03e5426f84dd50a2ff8b3659634d4ab61
ARC-14-020,leisure_culture,수도권 혼자여가·홈엔터테인먼트 여가·문화·스포츠,person,not_estimable,,,,E,8936b03a1709f708cb66f50ef5f42f6b2e63cf30e3d7114283a72353eae44958
ARC-14-021,leisure_culture,수도권 가족여가·스포츠 여가·문화·스포츠,person,not_estimable,,,,E,cc8e6a18d968f2f80ea79fcea9248cafd333413a33c74896fff6faf31d6a035e
ARC-14-022,leisure_culture,수도권 가족여가·문화예술 여가·문화·스포츠,person,not_estimable,,,,E,353d555432c70964d99dca368c8d07bc3b0aefb228d4b4149f17dc41641ea7fe
ARC-14-023,leisure_culture,수도권 가족여가·야외활동 여가·문화·스포츠,person,not_estimable,,,,E,13e6695069ed46ab4157b69b763eda56f47e7785a6aff496c90bae5faf627293
ARC-14-024,leisure_culture,수도권 가족여가·홈엔터테인먼트 여가·문화·스포츠,person,not_estimable,,,,E,f4e1a73f2fe62e69754ff8b1116d8c1353c9af4bdaa82b9db19a684dfac3d52e
ARC-14-025,leisure_culture,수도권 모임여가·스포츠 여가·문화·스포츠,person,not_estimable,,,,E,57b91607c02e581e412d8ff61cb68d9b60c081c2cf296f36ba05bd9596ec8984
ARC-14-026,leisure_culture,수도권 모임여가·문화예술 여가·문화·스포츠,person,not_estimable,,,,E,7678686cda5cbd94bb1f74aa8fe6c8185ab073ff8efc099a500cbc0619bd9c38
ARC-14-027,leisure_culture,수도권 모임여가·야외활동 여가·문화·스포츠,person,not_estimable,,,,E,3821872e35cce18c50aaaec658f7c65b6982b383b8648b950957f52b65744471
ARC-14-028,leisure_culture,수도권 모임여가·홈엔터테인먼트 여가·문화·스포츠,person,not_estimable,,,,E,72e088fb2c50d8f8e9280b4bd6798dc1eb04764e6876a6bd9106b33898af1820
ARC-14-029,leisure_culture,수도권 시니어여가·스포츠 여가·문화·스포츠,person,not_estimable,,,,E,eecdc2ed5fe2b15c244eb12fa4c4a2ac8da1db22c1821646b660424f5338adf6
ARC-14-030,leisure_culture,수도권 시니어여가·문화예술 여가·문화·스포츠,person,not_estimable,,,,E,79d59e33d15553998dcfff677e2ff5cc29b564696b56403a2acc9e795f35d535
ARC-14-031,leisure_culture,수도권 시니어여가·야외활동 여가·문화·스포츠,person,not_estimable,,,,E,0d98d4037e1558260c95aac0bbd630a155f2d220f781ed5dc5b6bd55702355ed
ARC-14-032,leisure_culture,수도권 시니어여가·홈엔터테인먼트 여가·문화·스포츠,person,not_estimable,,,,E,15c5103c30ae42cf591a81f71a721a1a2fdea3a65340a229eae649706e38ac86
ARC-14-033,leisure_culture,충청권 혼자여가·스포츠 여가·문화·스포츠,person,not_estimable,,,,E,f05c67d4a080371fbbb8cf8737373f005bebc219af386be88d0069a6b1a4e49f
ARC-14-034,leisure_culture,충청권 혼자여가·문화예술 여가·문화·스포츠,person,not_estimable,,,,E,a563c14ccf60a5892b5c83665e2b819bf7d4f9701b276a095535131934a288ec
ARC-14-035,leisure_culture,충청권 혼자여가·야외활동 여가·문화·스포츠,person,not_estimable,,,,E,ebb2f50b149f7b8040dd1b61cc9009cff0f63520404cbb039160eec58246222f
ARC-14-036,leisure_culture,충청권 혼자여가·홈엔터테인먼트 여가·문화·스포츠,person,not_estimable,,,,E,20759ea793f2e0ccfdfd7f47fb87b838329b92eb207969afc69b4420917e3c4a
ARC-14-037,leisure_culture,충청권 가족여가·스포츠 여가·문화·스포츠,person,not_estimable,,,,E,3d8d3a8de397852fd58211e2614a12a8064635470c8e15a9e2a1f257b6dd27be
ARC-14-038,leisure_culture,충청권 가족여가·문화예술 여가·문화·스포츠,person,not_estimable,,,,E,603bb69c2bdfb2903addbbacae97ea2f91229ece1b771f0736a9024e854214fe
ARC-14-039,leisure_culture,충청권 가족여가·야외활동 여가·문화·스포츠,person,not_estimable,,,,E,77b43e600fd4bedf0afb2c4a90f4c6491b0f972704aca87d0d0d20be883908a9
ARC-14-040,leisure_culture,충청권 가족여가·홈엔터테인먼트 여가·문화·스포츠,person,not_estimable,,,,E,647f7f54d60e07a257ac5bc23924dc8bf7a0edc454d7f524f87ee166fd667a79
ARC-14-041,leisure_culture,충청권 모임여가·스포츠 여가·문화·스포츠,person,not_estimable,,,,E,a644101d46eb213b8f97e8fad5596bf6640fcd13729c87a897c6eb277438ab51
ARC-14-042,leisure_culture,충청권 모임여가·문화예술 여가·문화·스포츠,person,not_estimable,,,,E,2869d6d5b1256992279fe1bc3c8d74b3a8adeeb63a503564b9c9c1e557fbde60
ARC-14-043,leisure_culture,충청권 모임여가·야외활동 여가·문화·스포츠,person,not_estimable,,,,E,2510028a3c6f3928a96ed24c10fd483f1f6f08ae0246c7112083e3bbda37839a
ARC-14-044,leisure_culture,충청권 모임여가·홈엔터테인먼트 여가·문화·스포츠,person,not_estimable,,,,E,e78a76d4f17a9077e654e66dfaeb21024e377d85a3fc98c4048f623781252afe
ARC-14-045,leisure_culture,충청권 시니어여가·스포츠 여가·문화·스포츠,person,not_estimable,,,,E,f4ee7fe8ac4c1436adbfeb1d78fd4450a5400d08123ab7d44a29cd04b65ab059
ARC-14-046,leisure_culture,충청권 시니어여가·문화예술 여가·문화·스포츠,person,not_estimable,,,,E,cf5818b3f53d6acd8f7cf1418b9c024185a74cfcb7f9d436c4b4c5550891f696
ARC-14-047,leisure_culture,충청권 시니어여가·야외활동 여가·문화·스포츠,person,not_estimable,,,,E,a8e9d6745dd6ec2e7dccb4708353545e88314b47c33d2a79c50ba297814aa832
ARC-14-048,leisure_culture,충청권 시니어여가·홈엔터테인먼트 여가·문화·스포츠,person,not_estimable,,,,E,9c953e2fb75859eeab7bf2c72b2402997b96667f0a2e3c1492c887f8fc25d873
ARC-14-049,leisure_culture,호남권 혼자여가·스포츠 여가·문화·스포츠,person,not_estimable,,,,E,e1e6c0fc4c78c17bba38090707baecd6ff7bf4fc8af1f76b2507d5ab4cc5ad0a
ARC-14-050,leisure_culture,호남권 혼자여가·문화예술 여가·문화·스포츠,person,not_estimable,,,,E,4e56fb8b0a4e1a0a6c881c55c89c43d5cd0f3f2c009f18cfbe212dc89e311016
ARC-14-051,leisure_culture,호남권 혼자여가·야외활동 여가·문화·스포츠,person,not_estimable,,,,E,2e445ec80ccb0bfc05262aa6db9113c72cb9220ddd719331c8b5388ab36296c5
ARC-14-052,leisure_culture,호남권 혼자여가·홈엔터테인먼트 여가·문화·스포츠,person,not_estimable,,,,E,2ed73109f8e1cbdafc7f27b55eb33329be8f6224c0163436334e8bec66d076d4
ARC-14-053,leisure_culture,호남권 가족여가·스포츠 여가·문화·스포츠,person,not_estimable,,,,E,4fec059780cc476879ce6252821c9c9db94b1ad1a801676eaac8b86b5d59eeb4
ARC-14-054,leisure_culture,호남권 가족여가·문화예술 여가·문화·스포츠,person,not_estimable,,,,E,70c2e4179909f40addda7262206f80f23921246e69a7c36f37124191186737f9
ARC-14-055,leisure_culture,호남권 가족여가·야외활동 여가·문화·스포츠,person,not_estimable,,,,E,8e124abac8a32f2c379998e26fb3ac32255ce61c5860469830f6f09736984d95
ARC-14-056,leisure_culture,호남권 가족여가·홈엔터테인먼트 여가·문화·스포츠,person,not_estimable,,,,E,e893bc306cb4a4b2fc1fedd196ff2d021f0f5d1667b7c67668a7caea511f3669
ARC-14-057,leisure_culture,호남권 모임여가·스포츠 여가·문화·스포츠,person,not_estimable,,,,E,514362cd6cef37313d9a617831501171a57eec891e8be73857a64a12d3fd6daf
ARC-14-058,leisure_culture,호남권 모임여가·문화예술 여가·문화·스포츠,person,not_estimable,,,,E,4bb677157da6a04a8553ffcd6cabb8a87f0ef8e3abd243a9b63fd0ffd2d573dd
ARC-14-059,leisure_culture,호남권 모임여가·야외활동 여가·문화·스포츠,person,not_estimable,,,,E,6387907c64f741bbd91907340e18a628b2a973422b1697e6f0938359fd722d08
ARC-14-060,leisure_culture,호남권 모임여가·홈엔터테인먼트 여가·문화·스포츠,person,not_estimable,,,,E,9b5dd407c454dd5fdbd6296d0469452f5ef99bb9ffd501d7fd5e8c20ef4f6eb0
ARC-14-061,leisure_culture,호남권 시니어여가·스포츠 여가·문화·스포츠,person,not_estimable,,,,E,350a2d78115f10e12e1960c42663d9476edd198b188cce8ed5b63262aae5ec97
ARC-14-062,leisure_culture,호남권 시니어여가·문화예술 여가·문화·스포츠,person,not_estimable,,,,E,3210f38a8a3c40bd38af1e9d2152c1573a91d332fdbda98126778779c38e30cb
ARC-14-063,leisure_culture,호남권 시니어여가·야외활동 여가·문화·스포츠,person,not_estimable,,,,E,e700575da883b73607e1d7477feafdb7ed08f66b708083e231c3f66e9c2092cd
ARC-14-064,leisure_culture,호남권 시니어여가·홈엔터테인먼트 여가·문화·스포츠,person,not_estimable,,,,E,0348d0f71f0071cca6f5742015706e378172285aaeeb5fb56e0ce07a5f9e34b8
ARC-14-065,leisure_culture,영남권 혼자여가·스포츠 여가·문화·스포츠,person,not_estimable,,,,E,df6a4acb1ddfd4d1ba40de251b5ae1b6db5c2eea3c9e5c5da606bc3fe5dd0609
ARC-14-066,leisure_culture,영남권 혼자여가·문화예술 여가·문화·스포츠,person,not_estimable,,,,E,60276d665d187e558ccf4ebb6a24e8f85c8bc828e3a9a925c14cf2d8701ddf55
ARC-14-067,leisure_culture,영남권 혼자여가·야외활동 여가·문화·스포츠,person,not_estimable,,,,E,67433dc810355785a22cacc60ee16b51ca4beddf599c5ad81bf9329454516818
ARC-14-068,leisure_culture,영남권 혼자여가·홈엔터테인먼트 여가·문화·스포츠,person,not_estimable,,,,E,070f2610d60690dbf452cc4d49ecfb019327e0c28558efe6eba729ee575a3a25
ARC-14-069,leisure_culture,영남권 가족여가·스포츠 여가·문화·스포츠,person,not_estimable,,,,E,73426f270ed648def72034f0c75c9857b400c5a4cd03db09d67997ed494854f9
ARC-14-070,leisure_culture,영남권 가족여가·문화예술 여가·문화·스포츠,person,not_estimable,,,,E,f2dc6168ef1b781a771732e64b99566cd6879467d53ac3ce5a8266a883785645
ARC-14-071,leisure_culture,영남권 가족여가·야외활동 여가·문화·스포츠,person,not_estimable,,,,E,9ad414448d7fbb826d6469c4e2f2919f56035e219c7f7e3465b38f772e8d3bc2
ARC-14-072,leisure_culture,영남권 가족여가·홈엔터테인먼트 여가·문화·스포츠,person,not_estimable,,,,E,e7ba32d8c141b510d345f46cd74ecaa2870657463c4f64e65038fb89b417efca
ARC-14-073,leisure_culture,영남권 모임여가·스포츠 여가·문화·스포츠,person,not_estimable,,,,E,0c32098294e3dda8d23cabb7f02a32d3bd76dd9e161c5280d95a64e0fb24ea30
ARC-14-074,leisure_culture,영남권 모임여가·문화예술 여가·문화·스포츠,person,not_estimable,,,,E,5ce4a271a489a08d24eddd95a65b8c960a55126735edfe72de8cc3ee440667a9
ARC-14-075,leisure_culture,영남권 모임여가·야외활동 여가·문화·스포츠,person,not_estimable,,,,E,bec2ccafa6b14d6a36513514ac990c02361d70497400cd47ee4d82f28b0d4ae1
ARC-14-076,leisure_culture,영남권 모임여가·홈엔터테인먼트 여가·문화·스포츠,person,not_estimable,,,,E,2a65ce409b7ace0db3d9cdeb1048be13651f22ffe641fc1db9ce54048cf19912
ARC-14-077,leisure_culture,영남권 시니어여가·스포츠 여가·문화·스포츠,person,not_estimable,,,,E,20e2eb0488b2d7e03ede239bf9a8479ba5dc10a98c3a9eb11c16f346f994ebc4
ARC-14-078,leisure_culture,영남권 시니어여가·문화예술 여가·문화·스포츠,person,not_estimable,,,,E,4e9dac89eaf237b6e4a15307a94018b7cb81a466de500ffd83b2fd4307ce792b
ARC-14-079,leisure_culture,영남권 시니어여가·야외활동 여가·문화·스포츠,person,not_estimable,,,,E,b61bbbfaa52546880a56b8e2416c084620d9057fd3b011f9e843de0f63028b99
ARC-14-080,leisure_culture,영남권 시니어여가·홈엔터테인먼트 여가·문화·스포츠,person,not_estimable,,,,E,e0d76d3001796ea7ff936bc09016fa7794c66e7e4349ca63e38ec9800b64bd94
ARC-15-001,travel,전국 혼행·국내 여행·관광,person,not_estimable,,,,E,6b3d3d13c69288465a8fbd3663ef4249755d182482dc8218a15999e9b2feebb5
ARC-15-002,travel,전국 혼행·해외 여행·관광,person,not_estimable,,,,E,26a66b2b57a8c6147a8594afe27ba2f18bcea3363e9b00b333f373e77017c83a
ARC-15-003,travel,전국 혼행·단기 여행·관광,person,not_estimable,,,,E,1217e0670f21704335fd2fe15d2cc7222ddbe1356496e824fb712674e85c5041
ARC-15-004,travel,전국 혼행·장기 여행·관광,person,not_estimable,,,,E,f4ed429c376d970b2b99a8595fc9dc34e9cc26e0d5bea442215ac543b1ca6be7
ARC-15-005,travel,전국 커플여행·국내 여행·관광,person,not_estimable,,,,E,81004252030d398d553d09c991b5a839f23ab20fa3e3f2241a9a3cd87703674c
ARC-15-006,travel,전국 커플여행·해외 여행·관광,person,not_estimable,,,,E,2b3ef9676b972cb2b72cd23bbd196685a1ffd17d18ba7eff5f5afe76cda2bfb6
ARC-15-007,travel,전국 커플여행·단기 여행·관광,person,not_estimable,,,,E,44187a91004871f9e96f514d10b7bfe90129343f0162107e222af62a71bcc711
ARC-15-008,travel,전국 커플여행·장기 여행·관광,person,not_estimable,,,,E,ac945fad2172459aa1c9374760711bf172711f8af278b9adbeb4b4b0bc7481a4
ARC-15-009,travel,전국 가족여행·국내 여행·관광,person,not_estimable,,,,E,93602fc150f8a48c8c98170df05124dd690bbee14da06b819dc5d3969756721d
ARC-15-010,travel,전국 가족여행·해외 여행·관광,person,not_estimable,,,,E,e20c0a10030ed58f317db5258aefdd6e8c76ad1db549135fa8b6846a800b2e84
ARC-15-011,travel,전국 가족여행·단기 여행·관광,person,not_estimable,,,,E,1a9ce496deed8b5ae8e9bad58ac31211daea47c6ca60f4471879b985a9402cd0
ARC-15-012,travel,전국 가족여행·장기 여행·관광,person,not_estimable,,,,E,ac1957f6fc2726cf699a12eb3bff37bde25c83b380359132ff706c8ee4e49fbb
ARC-15-013,travel,전국 시니어여행·국내 여행·관광,person,not_estimable,,,,E,230fdabf8ad9ecdfbe71a578ad3880acbcf3b339243a389173382a6599be1cd0
ARC-15-014,travel,전국 시니어여행·해외 여행·관광,person,not_estimable,,,,E,bf51ce0d4de2e25dd1b039b1cd30a0223f9816a368e2d90588baab22716153cb
ARC-15-015,travel,전국 시니어여행·단기 여행·관광,person,not_estimable,,,,E,1b53ae33fe327836f8c1c3c616178a6c3761e03f45ffcbf6f05e5c8513bd71c0
ARC-15-016,travel,전국 시니어여행·장기 여행·관광,person,not_estimable,,,,E,790b7513fa6cac65866a56286fff673c6559e2b1ba0496454b33d215751af202
ARC-15-017,travel,수도권 혼행·국내 여행·관광,person,not_estimable,,,,E,edbd8d0e21a2960e2b2cae90ba500106a7ba2ed6f3cb72fb76f9c01578309688
ARC-15-018,travel,수도권 혼행·해외 여행·관광,person,not_estimable,,,,E,aacdabe1d8c49dffa43f20ea95591fb015f227fd84c60418b65d7c39880ce8f9
ARC-15-019,travel,수도권 혼행·단기 여행·관광,person,not_estimable,,,,E,73d2be05930f08280ffff33d01d627701ce1b434428931033b1ffacb63082c70
ARC-15-020,travel,수도권 혼행·장기 여행·관광,person,not_estimable,,,,E,5a212b55b7c24b4c77b3cdd4e84058b256f11a32aa8379d0197c1032d4b48fbd
ARC-15-021,travel,수도권 커플여행·국내 여행·관광,person,not_estimable,,,,E,13e50a34ab0c1a014e49aed1aa4c759d9fc5c369b83411dfde468d98381e25d2
ARC-15-022,travel,수도권 커플여행·해외 여행·관광,person,not_estimable,,,,E,ed3f52aa2e218d62870ed950f32a6cf8b8502d9b34728127946dae02ee7577d4
ARC-15-023,travel,수도권 커플여행·단기 여행·관광,person,not_estimable,,,,E,719ee15a15e8638f95db844eb636e5cc52a962f49b65d4b35e78a054ee9118ba
ARC-15-024,travel,수도권 커플여행·장기 여행·관광,person,not_estimable,,,,E,2e3fd4fcf4252d487d65dec79a8905456b511fcda36c294300933a925dd1f4c8
ARC-15-025,travel,수도권 가족여행·국내 여행·관광,person,not_estimable,,,,E,143587cd7b10aaf8e57b21b83ffefebc5fc205203b693da7e1fd2fd127ea00d3
ARC-15-026,travel,수도권 가족여행·해외 여행·관광,person,not_estimable,,,,E,fd8651e28814b15ac7c125d49ecc3d4833e16f44b42107bfb40e805c750da893
ARC-15-027,travel,수도권 가족여행·단기 여행·관광,person,not_estimable,,,,E,38fc4e7d9ef967af80bb560db39e71b42e495d0115b79657bbaea4ecdb517d60
ARC-15-028,travel,수도권 가족여행·장기 여행·관광,person,not_estimable,,,,E,590f0df65c7b9b5e809c0f024392cad36e0e4dbe8f505d561b87054724cd66bf
ARC-15-029,travel,수도권 시니어여행·국내 여행·관광,person,not_estimable,,,,E,d8b313c9fc9abbdf7f65f14002d6b8beb0ee1b5ee2ba2e074a75577deba5709e
ARC-15-030,travel,수도권 시니어여행·해외 여행·관광,person,not_estimable,,,,E,36d39b7d96e9074cfbbc8aa45232fbbe9573440f81e5726af6c979d53b07dba7
ARC-15-031,travel,수도권 시니어여행·단기 여행·관광,person,not_estimable,,,,E,54611218f5123bf7f898a44d05ce4170fa466438d5d6e2b8c6d900cb18ab03b7
ARC-15-032,travel,수도권 시니어여행·장기 여행·관광,person,not_estimable,,,,E,827ace262faeb5ab5782e4a8dbf1bc3fb4e9252e72d06c63cb33aee56820df62
ARC-15-033,travel,충청권 혼행·국내 여행·관광,person,not_estimable,,,,E,71b748a21d331251394cfe8f9f49efcb03f8376494e0ac83ee0a12274c1eb21f
ARC-15-034,travel,충청권 혼행·해외 여행·관광,person,not_estimable,,,,E,fcc5ab5fbc18ece03ca96ea15ce0cbf104fa5daba7bc3b5cc1dbe0f6c1c501d1
ARC-15-035,travel,충청권 혼행·단기 여행·관광,person,not_estimable,,,,E,8f749e73359a79575fb7a7fbdbcfc60971348aca7ee101b5fca3e75e7e626473
ARC-15-036,travel,충청권 혼행·장기 여행·관광,person,not_estimable,,,,E,ba076fbd320e3598d176ce11266607d14b986ae66bb34c9839fbcc09ed2e3e46
ARC-15-037,travel,충청권 커플여행·국내 여행·관광,person,not_estimable,,,,E,3f66c95b1682be03066500f70c370936b48a0130fd60ec6c7bad5f8a21470275
ARC-15-038,travel,충청권 커플여행·해외 여행·관광,person,not_estimable,,,,E,6ae038c7521c56022dbbc38220a54802a2e8de4471ac743320854f7d1d7c22a9
ARC-15-039,travel,충청권 커플여행·단기 여행·관광,person,not_estimable,,,,E,8c06278e8d0d238d25751876deb8aa5f525dcc0cd7daea35304a4b9103b6a9d8
ARC-15-040,travel,충청권 커플여행·장기 여행·관광,person,not_estimable,,,,E,d42365495c46129e857116db286367be31363812a942cc1d210c21422e87d814
ARC-15-041,travel,충청권 가족여행·국내 여행·관광,person,not_estimable,,,,E,ff1508f49b8053724b2971505e63dce87b0a3edce02451ae8f2934dba9c2fe70
ARC-15-042,travel,충청권 가족여행·해외 여행·관광,person,not_estimable,,,,E,870a8a6f22e9eab0bde413a69896c5f9fc943f23722422e1357fea61c2e56476
ARC-15-043,travel,충청권 가족여행·단기 여행·관광,person,not_estimable,,,,E,5493f1488c987759da9dc18d923d8d575833857c3982c9cf30793c79ac481d18
ARC-15-044,travel,충청권 가족여행·장기 여행·관광,person,not_estimable,,,,E,20597818485111957c6eaa4f9f8b5cf754f49ad08bdb476cffa2786249f65f74
ARC-15-045,travel,충청권 시니어여행·국내 여행·관광,person,not_estimable,,,,E,91174f33fe89af5d3c7f5b7d51b5a7c6a4140a7aaf26f435146cd308c7860b98
ARC-15-046,travel,충청권 시니어여행·해외 여행·관광,person,not_estimable,,,,E,e98fabbe45be0007196ae9b531ebfb9943c1d17a5d966de6160985e616ecdd10
ARC-15-047,travel,충청권 시니어여행·단기 여행·관광,person,not_estimable,,,,E,1113a4b3951df8f9979a22ab34daa1b41345db22535a29a65bd66287e73c225e
ARC-15-048,travel,충청권 시니어여행·장기 여행·관광,person,not_estimable,,,,E,2c083e879928c4d78c1c03cb6fb0e2b62904f356ad7459dfaa7d967beaaf143b
ARC-15-049,travel,호남권 혼행·국내 여행·관광,person,not_estimable,,,,E,d71c73c206855b9e56947b327caa66cf14a7df5dca0d44cdece38a4e9cf243d6
ARC-15-050,travel,호남권 혼행·해외 여행·관광,person,not_estimable,,,,E,403618b4fb145f39764baa89fa8ee47c7b95dc11e81e0d1c76098459738a4a30
ARC-15-051,travel,호남권 혼행·단기 여행·관광,person,not_estimable,,,,E,99c2fcf5dbbab430c7479d72cea8524730e627181e7563bfbe7934ae5e224ea2
ARC-15-052,travel,호남권 혼행·장기 여행·관광,person,not_estimable,,,,E,ac46700e5f8a2ca2de578f859784dd6c027bea33c25f461dd81f62510b90c0cd
ARC-15-053,travel,호남권 커플여행·국내 여행·관광,person,not_estimable,,,,E,769f9e8f2804844a805468269fb1e99613132ce0c8d3ca00f8f50b1ac930a50d
ARC-15-054,travel,호남권 커플여행·해외 여행·관광,person,not_estimable,,,,E,3d6806e41bad3a9dc276d41b40beb59bc364d76d3ea99d1374c3fff22239656d
ARC-15-055,travel,호남권 커플여행·단기 여행·관광,person,not_estimable,,,,E,a7d4c7776a04c15f979cb225bf04c0fdce71f6dc39e2d71c060a9da6498ac83a
ARC-15-056,travel,호남권 커플여행·장기 여행·관광,person,not_estimable,,,,E,0f05979157bb1b0bb712b81e79f2cf88211c23f6a1ecf9611d59cf7929e32c7f
ARC-15-057,travel,호남권 가족여행·국내 여행·관광,person,not_estimable,,,,E,7a4bc3edba0ae6ccae454ef341a0eb1be129671211ac28bc32b972f4e2057668
ARC-15-058,travel,호남권 가족여행·해외 여행·관광,person,not_estimable,,,,E,cfc3fed8a2ed8341d7386e68c4f20680fc7e5db4d9afadacdd7936054ee7cae1
ARC-15-059,travel,호남권 가족여행·단기 여행·관광,person,not_estimable,,,,E,3cc72d69feae28381785e540e62f8f53fb25a0ee1b9ef6e6488e8b30dda76d05
ARC-15-060,travel,호남권 가족여행·장기 여행·관광,person,not_estimable,,,,E,ebeb7e4122615052843ac876517c05574ebfa1de8beee5f8fc85a1b524a4877b
ARC-15-061,travel,호남권 시니어여행·국내 여행·관광,person,not_estimable,,,,E,42b5f5866b307efdf517f7153e58689be583fa584f7f3cb15eb6dbf049e5219c
ARC-15-062,travel,호남권 시니어여행·해외 여행·관광,person,not_estimable,,,,E,677b2caeaf99dea437d3560d85513d03f9dc6f8ff7d54049f39a196d5ccfa1cb
ARC-15-063,travel,호남권 시니어여행·단기 여행·관광,person,not_estimable,,,,E,b3e09c5f02da3c26a75143499c0afdd227fca879990057b6c487405ff354bb6d
ARC-15-064,travel,호남권 시니어여행·장기 여행·관광,person,not_estimable,,,,E,31ffd35bddb3f31fe572a7ba0d0702674b9b6b1e962b6772f78a167ea3cece7f
ARC-15-065,travel,영남권 혼행·국내 여행·관광,person,not_estimable,,,,E,81129dfde114a6409b3fefc23df5dd428c485d145f7d7e13b66a6c3b19bbfe4a
ARC-15-066,travel,영남권 혼행·해외 여행·관광,person,not_estimable,,,,E,8617cf332f78220115c13248dcdbc17915408ed505642d0e29de3401cf70eb14
ARC-15-067,travel,영남권 혼행·단기 여행·관광,person,not_estimable,,,,E,4f6057ebc207ada82f32a10747bb52f140e7cc2824715f503ac1c1e749e37760
ARC-15-068,travel,영남권 혼행·장기 여행·관광,person,not_estimable,,,,E,5bf02b2a9825def85a2ce717a36d3006f21d59db7d4b6a58ba3cb525f1d7cbdf
ARC-15-069,travel,영남권 커플여행·국내 여행·관광,person,not_estimable,,,,E,06af96d11fe6ffa0b3b880d932331368c5ac67dda8da5cca015a48050482e522
ARC-15-070,travel,영남권 커플여행·해외 여행·관광,person,not_estimable,,,,E,444c50859db0dc17c9983079e98a47ea16293a5c72f63a4e7442ff06c71cd6f5
ARC-15-071,travel,영남권 커플여행·단기 여행·관광,person,not_estimable,,,,E,14331049775cd91d4caaf2cc9a922f663ed3bd06c53c2c9b3ccc278ccaffb482
ARC-15-072,travel,영남권 커플여행·장기 여행·관광,person,not_estimable,,,,E,05350f848a098216569391a8adb77e122c3564688a612eba079d344098b9475f
ARC-15-073,travel,영남권 가족여행·국내 여행·관광,person,not_estimable,,,,E,5a8afd9b2b0507263ee5317b72e0860f42c8df63a9af8a7d5fc8bb533311584b
ARC-15-074,travel,영남권 가족여행·해외 여행·관광,person,not_estimable,,,,E,57e97b9ff77cc2f45437100190ad69dea37062d2113dea6dd35b216dbf3819e5
ARC-15-075,travel,영남권 가족여행·단기 여행·관광,person,not_estimable,,,,E,a3f3cd66c19ce47afdf443d496f0bca22a0cc1907c06cf5e45447131b107b46b
ARC-15-076,travel,영남권 가족여행·장기 여행·관광,person,not_estimable,,,,E,6e3dba1a8526bc4963796629cc969005413d6cb867d905820faa4167972d6083
ARC-15-077,travel,영남권 시니어여행·국내 여행·관광,person,not_estimable,,,,E,232e7d68fab771341546e9c03ababa5a4a82859d04a421a2842919afa59e9a14
ARC-15-078,travel,영남권 시니어여행·해외 여행·관광,person,not_estimable,,,,E,222d6a0b9f38b903d85d60cbdb1d9c5cd82d385a7eacec60a57a9f58a3f54584
ARC-15-079,travel,영남권 시니어여행·단기 여행·관광,person,not_estimable,,,,E,14fa2499814619fbded29be44f0e856ce3b80ae9e8c77587ef02726c4188a416
ARC-15-080,travel,영남권 시니어여행·장기 여행·관광,person,not_estimable,,,,E,5c92789defc3ecedc905bd72b2db9f746ad745d26b8bfe7bbbbe9abdfcec16ee
ARC-16-001,parenting_private_education,전국 영유아 자녀·돌봄 양육·보육·사교육,household,not_estimable,,,,E,44c852ba1927e237997ebd342e769dd74b259a9c1052dcc79aed999e2d1fab28
ARC-16-002,parenting_private_education,전국 영유아 자녀·학원 양육·보육·사교육,household,not_estimable,,,,E,15423643db093848ff1391a2af1ed5d9f4d9f95bccf0b7e12d886dc14a619a49
ARC-16-003,parenting_private_education,전국 영유아 자녀·개별지도 양육·보육·사교육,household,not_estimable,,,,E,57e3298656c09117ecff062bc0a28e9ab394333af94e4f585453b7245ae6f31a
ARC-16-004,parenting_private_education,전국 영유아 자녀·온라인교육 양육·보육·사교육,household,not_estimable,,,,E,c648e0abe7f6429c115ac7b5be3359508d7cf03a2a769478d62b1ae4e42e51c1
ARC-16-005,parenting_private_education,전국 초등 자녀·돌봄 양육·보육·사교육,household,not_estimable,,,,E,01942e64cbe099be32624d018d304ec24963c63696fab64524a51faf03fae37f
ARC-16-006,parenting_private_education,전국 초등 자녀·학원 양육·보육·사교육,household,not_estimable,,,,E,77b1ae522538baf394763b060a86cac2aa6c0e015669bcf63f9aacb3dc449d90
ARC-16-007,parenting_private_education,전국 초등 자녀·개별지도 양육·보육·사교육,household,not_estimable,,,,E,4dfe4e6dba285473bf48231adf11f18da0a64f2ba13153a69261fc3b80482297
ARC-16-008,parenting_private_education,전국 초등 자녀·온라인교육 양육·보육·사교육,household,not_estimable,,,,E,31b9a4b554c2141adadf009ae574fe4cef76c4ba5812bdfd92a9905d70deb2df
ARC-16-009,parenting_private_education,전국 중등 자녀·돌봄 양육·보육·사교육,household,not_estimable,,,,E,57ef6282180ccd06ef9fe28ee7f98944d3a15a3df3d4fedc4b59042f174906e3
ARC-16-010,parenting_private_education,전국 중등 자녀·학원 양육·보육·사교육,household,not_estimable,,,,E,2dabf3dae705801723d53051241f4e759e995fbce452d8beb1f502b0c3c85965
ARC-16-011,parenting_private_education,전국 중등 자녀·개별지도 양육·보육·사교육,household,not_estimable,,,,E,f2c4164697b9dee07b996082a934c84f16e7a6ac7498af8a68bea3b4abf3352d
ARC-16-012,parenting_private_education,전국 중등 자녀·온라인교육 양육·보육·사교육,household,not_estimable,,,,E,97694388b2e6374af1bda6a07f015f767b8fcd2fb0dfa21649145fb3d84d8e51
ARC-16-013,parenting_private_education,전국 고등 자녀·돌봄 양육·보육·사교육,household,not_estimable,,,,E,e12165b3da59fe7a398dc1ed90b1d59a58cc324c7122ca71595e499f5ae3f892
ARC-16-014,parenting_private_education,전국 고등 자녀·학원 양육·보육·사교육,household,not_estimable,,,,E,d98dfbed33fc0119021bf9b5868d862a25cf7a444d6f33a6d98857ec8c398df4
ARC-16-015,parenting_private_education,전국 고등 자녀·개별지도 양육·보육·사교육,household,not_estimable,,,,E,432a118c3cc8e799b1f2a093d33400282d9c4f1f8b7d1b8b9ad515011810718f
ARC-16-016,parenting_private_education,전국 고등 자녀·온라인교육 양육·보육·사교육,household,not_estimable,,,,E,03b737f7eb4cf936cbb0a12eafb2618aabd846f72ff60d36f2d8d5a434d4bf31
ARC-16-017,parenting_private_education,수도권 영유아 자녀·돌봄 양육·보육·사교육,household,not_estimable,,,,E,aff1cb6b36fb43a9a80ab9a7d16e1f4e7031cae1afe635f1ad4fd8ef890635dc
ARC-16-018,parenting_private_education,수도권 영유아 자녀·학원 양육·보육·사교육,household,not_estimable,,,,E,44a098ed635e10e3c5bf949ecf68f23d82c3c7fd929a0b7c73eae23a2d648f27
ARC-16-019,parenting_private_education,수도권 영유아 자녀·개별지도 양육·보육·사교육,household,not_estimable,,,,E,4ecebf76039910f720fffaac1d89a0133bf2bc3938657a383aa56d7861c73274
ARC-16-020,parenting_private_education,수도권 영유아 자녀·온라인교육 양육·보육·사교육,household,not_estimable,,,,E,34541c3469602612592a38bc88d8f35d703b784423809157004ec3406bb8ca7c
ARC-16-021,parenting_private_education,수도권 초등 자녀·돌봄 양육·보육·사교육,household,not_estimable,,,,E,d3a33a907c41a0522fd208d307dfbd66dd73597c50aa9942c721ce754b7717d6
ARC-16-022,parenting_private_education,수도권 초등 자녀·학원 양육·보육·사교육,household,not_estimable,,,,E,8d9e5038de5ff41e91843c01786ed1c6f1238c3d9b7c44bc2324552cb49588ca
ARC-16-023,parenting_private_education,수도권 초등 자녀·개별지도 양육·보육·사교육,household,not_estimable,,,,E,11793ef426d8e3b3cdca342da88a3ba7f7a378ab898b89581ead4885e3a9d122
ARC-16-024,parenting_private_education,수도권 초등 자녀·온라인교육 양육·보육·사교육,household,not_estimable,,,,E,27f6858b13f7d40d681e9d50a5db2cf3687ca8ba8bc9e7c983ab67a3189ea24f
ARC-16-025,parenting_private_education,수도권 중등 자녀·돌봄 양육·보육·사교육,household,not_estimable,,,,E,35c35550b30fd33e6d2ad0bc038d7fa3897611edb9fd16a9d5538b7a45045bfa
ARC-16-026,parenting_private_education,수도권 중등 자녀·학원 양육·보육·사교육,household,not_estimable,,,,E,d0996500028b5204fb453f32f928b5028c64079746334268dbc773107b2e7b84
ARC-16-027,parenting_private_education,수도권 중등 자녀·개별지도 양육·보육·사교육,household,not_estimable,,,,E,19087a628e30ec29574e3f579a874f006725cbb8c88d78b57708c0f794f091d1
ARC-16-028,parenting_private_education,수도권 중등 자녀·온라인교육 양육·보육·사교육,household,not_estimable,,,,E,4615f3dd76a1470b2cc26564bf2c9ad4c400ab46a5fc683b6f4b061814d0c299
ARC-16-029,parenting_private_education,수도권 고등 자녀·돌봄 양육·보육·사교육,household,not_estimable,,,,E,fae5b3e9000a395092f84fa1901f9f75e535431c74666c2c0f17a91e281bfc0a
ARC-16-030,parenting_private_education,수도권 고등 자녀·학원 양육·보육·사교육,household,not_estimable,,,,E,84bd614c43781de663946e412af051683cd3e8c3eb3c3976728b043feca95241
ARC-16-031,parenting_private_education,수도권 고등 자녀·개별지도 양육·보육·사교육,household,not_estimable,,,,E,5a32faf3575497e4e9faf3e0447606481e2b2cef9379e60388e7a79fb17d9c04
ARC-16-032,parenting_private_education,수도권 고등 자녀·온라인교육 양육·보육·사교육,household,not_estimable,,,,E,ea831a0a68c39023f3b7de9f259160edfbb651715960927ad7f7b4d251149904
ARC-16-033,parenting_private_education,충청권 영유아 자녀·돌봄 양육·보육·사교육,household,not_estimable,,,,E,aff9ae43d05ad454a918278867d415326168c291c91747528e0f223fbc41104b
ARC-16-034,parenting_private_education,충청권 영유아 자녀·학원 양육·보육·사교육,household,not_estimable,,,,E,5c70764604687a76d6ebec8bc390f0bd0cc1be68d7027287d0a91dfc4204b144
ARC-16-035,parenting_private_education,충청권 영유아 자녀·개별지도 양육·보육·사교육,household,not_estimable,,,,E,f0c7a3347a1da4854ba8f167b5fb7df48ef71385c04b5976fcc620c2eee85396
ARC-16-036,parenting_private_education,충청권 영유아 자녀·온라인교육 양육·보육·사교육,household,not_estimable,,,,E,6b531ad7649dde0a569d6acb586adc1bb6eec181743834f0f26c234b30194f73
ARC-16-037,parenting_private_education,충청권 초등 자녀·돌봄 양육·보육·사교육,household,not_estimable,,,,E,7aea96c2f7bc4dae76a694bcc6849bda4869f4cec1d8904bb73f97957048de88
ARC-16-038,parenting_private_education,충청권 초등 자녀·학원 양육·보육·사교육,household,not_estimable,,,,E,8d425a294552bb8b9ea8386b3d3eaea25f6c57f5b64adfe5a458efcd13c74cba
ARC-16-039,parenting_private_education,충청권 초등 자녀·개별지도 양육·보육·사교육,household,not_estimable,,,,E,e009387977d6df911122bed8a96b5f40073934ed8f49bb46f09a1fc6283507db
ARC-16-040,parenting_private_education,충청권 초등 자녀·온라인교육 양육·보육·사교육,household,not_estimable,,,,E,d892423cb37ad33a3b036219692685b629e9c7714eafbd7d2ee9ef2267fea71f
ARC-16-041,parenting_private_education,충청권 중등 자녀·돌봄 양육·보육·사교육,household,not_estimable,,,,E,3c6936388bdf0d233fb5e8b86205f045cea14a867d09bc01c5e2a07296f7de94
ARC-16-042,parenting_private_education,충청권 중등 자녀·학원 양육·보육·사교육,household,not_estimable,,,,E,363bae0912690d6974d5906d9317da5204a92edb1e06f432ce2a2a1f0f963c69
ARC-16-043,parenting_private_education,충청권 중등 자녀·개별지도 양육·보육·사교육,household,not_estimable,,,,E,0f65e912a1292a992d67245c49cc3eb60b38c6f767844a1100e5739837ca0e4c
ARC-16-044,parenting_private_education,충청권 중등 자녀·온라인교육 양육·보육·사교육,household,not_estimable,,,,E,bf7ae0a33c9189f366911c34e87aad8c0a17ee0b5d7c9e070b7356311abf9160
ARC-16-045,parenting_private_education,충청권 고등 자녀·돌봄 양육·보육·사교육,household,not_estimable,,,,E,8fe602885ff6d41b4a7ae02ebbb2ecdc7e11ad2f3be513ae828203aefb9bfa44
ARC-16-046,parenting_private_education,충청권 고등 자녀·학원 양육·보육·사교육,household,not_estimable,,,,E,037d056963344f3ca698fb3bf77a8bd2e92afc8a5e8a50cf4efc7d9c2e4676a7
ARC-16-047,parenting_private_education,충청권 고등 자녀·개별지도 양육·보육·사교육,household,not_estimable,,,,E,6cde27a29176d323ad4449d3e484d72b0a76b1ee522bcffb32a6b4710e655667
ARC-16-048,parenting_private_education,충청권 고등 자녀·온라인교육 양육·보육·사교육,household,not_estimable,,,,E,61a42cf1b8898249a9adbce4485f1d97e7b7e283984e3d9b94297949d18b9f69
ARC-16-049,parenting_private_education,호남권 영유아 자녀·돌봄 양육·보육·사교육,household,not_estimable,,,,E,d70fbfaa45c998fd3384db2f7fd887171b120faa89e6144c058b5325f2b71f51
ARC-16-050,parenting_private_education,호남권 영유아 자녀·학원 양육·보육·사교육,household,not_estimable,,,,E,cb62123abe9f57e8a2c409d9e45db7a7620ae867ca9597c25c81d62cf36ef86f
ARC-16-051,parenting_private_education,호남권 영유아 자녀·개별지도 양육·보육·사교육,household,not_estimable,,,,E,677c2bf230d98c35cd33bbd44e0a98d234fb234052842fb9e777025b5abe8c88
ARC-16-052,parenting_private_education,호남권 영유아 자녀·온라인교육 양육·보육·사교육,household,not_estimable,,,,E,ff97fac133090904cda885ad52149706b1f30e83739ed4a05e309600abf8ced5
ARC-16-053,parenting_private_education,호남권 초등 자녀·돌봄 양육·보육·사교육,household,not_estimable,,,,E,5a87c8a8afa4dcf7b2978c5a255f3d1e9d4fed13fc6b96a5aa62d3ac7b904913
ARC-16-054,parenting_private_education,호남권 초등 자녀·학원 양육·보육·사교육,household,not_estimable,,,,E,59ac5c3a29988f6627380c1398edcce2c5bbcc778bf3d54b697a64992a2167ce
ARC-16-055,parenting_private_education,호남권 초등 자녀·개별지도 양육·보육·사교육,household,not_estimable,,,,E,c06a2c42f5e4e889ed22b9d00868f706b704c82f2b6130c75b79ae739afad0ef
ARC-16-056,parenting_private_education,호남권 초등 자녀·온라인교육 양육·보육·사교육,household,not_estimable,,,,E,88ffb36cfca89eaa51a556ecb6047bc8c1f260b4b84d8da16fb24749d5cc6639
ARC-16-057,parenting_private_education,호남권 중등 자녀·돌봄 양육·보육·사교육,household,not_estimable,,,,E,5d30ad6ca55dd6760964dcd6336540125d88a2809882a54b3c9505abc78a36d3
ARC-16-058,parenting_private_education,호남권 중등 자녀·학원 양육·보육·사교육,household,not_estimable,,,,E,61ea32c3f3829e84be37027815840a0730c8a89f15413e362bef5fd8d4d8e424
ARC-16-059,parenting_private_education,호남권 중등 자녀·개별지도 양육·보육·사교육,household,not_estimable,,,,E,6c1a5da581d0943834655e2774aa0115ce87b4f63a8ded8c422b273bab5acd66
ARC-16-060,parenting_private_education,호남권 중등 자녀·온라인교육 양육·보육·사교육,household,not_estimable,,,,E,cbe7652f722de226fb8a579e1c0cda05535342737b15555f1542f4c8bbf2819d
ARC-16-061,parenting_private_education,호남권 고등 자녀·돌봄 양육·보육·사교육,household,not_estimable,,,,E,ee8ae5cab28ebb0501a87d0ca1f7c10afa1173c66eb587bec096df009df64553
ARC-16-062,parenting_private_education,호남권 고등 자녀·학원 양육·보육·사교육,household,not_estimable,,,,E,0fa55e09e8924a0eef934953388a29e6128288b635bf0060af168eb19ab9ab94
ARC-16-063,parenting_private_education,호남권 고등 자녀·개별지도 양육·보육·사교육,household,not_estimable,,,,E,1ffb0572d66bf41d08447c21626382e68234a8fa25dc24ef023f7fa379b538de
ARC-16-064,parenting_private_education,호남권 고등 자녀·온라인교육 양육·보육·사교육,household,not_estimable,,,,E,ea74e48d1c8c2472db478fb28a4e4d8449a0402905911428dbac6a11b2e3358b
ARC-16-065,parenting_private_education,영남권 영유아 자녀·돌봄 양육·보육·사교육,household,not_estimable,,,,E,ca0dedb5cd52f74e9be97daaaa05bff7022d5ec80d6b95166d94889bef992102
ARC-16-066,parenting_private_education,영남권 영유아 자녀·학원 양육·보육·사교육,household,not_estimable,,,,E,bb09b21367f7da768e1e4f419ea84c442fcff638d16d9d425ba056b1c54cfa14
ARC-16-067,parenting_private_education,영남권 영유아 자녀·개별지도 양육·보육·사교육,household,not_estimable,,,,E,793e118eae432a3968fdf20844c0d5d073c5122bd31e4e0856572da6788f7efa
ARC-16-068,parenting_private_education,영남권 영유아 자녀·온라인교육 양육·보육·사교육,household,not_estimable,,,,E,caca82d268ac238a9df714cf5c9fe9c9c881f6b644e07d6bd64011cd28436d74
ARC-16-069,parenting_private_education,영남권 초등 자녀·돌봄 양육·보육·사교육,household,not_estimable,,,,E,aeece7ac105ba5b7c5ab4337d3847fe33b50f23c708b77d6e6ad10e11e817092
ARC-16-070,parenting_private_education,영남권 초등 자녀·학원 양육·보육·사교육,household,not_estimable,,,,E,bc6c056ace8fa10c59d5c382f8895e6ea87f1db52b772cfc5fef0a4b417232a6
ARC-16-071,parenting_private_education,영남권 초등 자녀·개별지도 양육·보육·사교육,household,not_estimable,,,,E,204e7a135d93e61a28f9375f31ccc63284830e19857f0fa2a3891905daa3c99c
ARC-16-072,parenting_private_education,영남권 초등 자녀·온라인교육 양육·보육·사교육,household,not_estimable,,,,E,f71338d151504379df976afe87b36f8b84f2f3840a5a07fe32b4e991e66df19a
ARC-16-073,parenting_private_education,영남권 중등 자녀·돌봄 양육·보육·사교육,household,not_estimable,,,,E,6ca2a734d63848add84cfa5fc13a952c3e5b3c74e5a83b3654e8c1c4db5f71f1
ARC-16-074,parenting_private_education,영남권 중등 자녀·학원 양육·보육·사교육,household,not_estimable,,,,E,221baee96723452d5e0316b40a6c583eb1bf8a074847b9ab0326512fcf409c8a
ARC-16-075,parenting_private_education,영남권 중등 자녀·개별지도 양육·보육·사교육,household,not_estimable,,,,E,69311f7027314122af960dd812f7551c7d8458f3ac75b0bf045ed32aa652e709
ARC-16-076,parenting_private_education,영남권 중등 자녀·온라인교육 양육·보육·사교육,household,not_estimable,,,,E,629fdc856d56c7120c48d43e51648b0e517c8fd99ce3dd7bf6cd927080c916c1
ARC-16-077,parenting_private_education,영남권 고등 자녀·돌봄 양육·보육·사교육,household,not_estimable,,,,E,0361768c3e1f28671ed68e7e523e41c8408c0c54afe8b6a356f2fa7c93a448bf
ARC-16-078,parenting_private_education,영남권 고등 자녀·학원 양육·보육·사교육,household,not_estimable,,,,E,ad2d0c90f582763264b6961d65af89610e54fe2cf10a76ffd105c55d22ce801b
ARC-16-079,parenting_private_education,영남권 고등 자녀·개별지도 양육·보육·사교육,household,not_estimable,,,,E,d03da0ad17cb3d4935877ec6332047653bec832148576cdba106581d64734e0c
ARC-16-080,parenting_private_education,영남권 고등 자녀·온라인교육 양육·보육·사교육,household,not_estimable,,,,E,87dafc0809faa78437522984161b1fca27fe4651350fa755713e0bcc3ff9e811
ARC-17-001,pets,전국 초보 양육·사료 반려동물,household,not_estimable,,,,E,13b9935c59ce92eb46c523e7a784c6aa53b98675cfbbcbd3cce959f18290299c
ARC-17-002,pets,전국 초보 양육·건강관리 반려동물,household,not_estimable,,,,E,692b998db2f23c1425cd1663fa69e946073d84fcae381db361fb114de1cee785
ARC-17-003,pets,전국 초보 양육·돌봄서비스 반려동물,household,not_estimable,,,,E,2cdb90f5ac26f62abca302adb2609f6ea943e62f279d9883a493b8811018e54e
ARC-17-004,pets,전국 초보 양육·동반여행 반려동물,household,not_estimable,,,,E,c0dd1f09a48cd744a96eae3cb9e9187c02618b773610e0d9861c5e3ed188ea2d
ARC-17-005,pets,전국 반려견 양육·사료 반려동물,household,not_estimable,,,,E,4743f64cece462275b745b3bd349eeca13a75ce6be78e6e91107417d21a1c5ca
ARC-17-006,pets,전국 반려견 양육·건강관리 반려동물,household,not_estimable,,,,E,7b29ef3eff24d1804974263cacda533167316c8e8d48a67310c1dbdc896324b1
ARC-17-007,pets,전국 반려견 양육·돌봄서비스 반려동물,household,not_estimable,,,,E,8362e66df1c1774cfa2c435581c6ee72b8111b55316445568a21818e0080fe30
ARC-17-008,pets,전국 반려견 양육·동반여행 반려동물,household,not_estimable,,,,E,db45b9c8934679595fd9186b61b5b641f56a1df11f9fc06110c301342514a6d3
ARC-17-009,pets,전국 반려묘 양육·사료 반려동물,household,not_estimable,,,,E,b562da5d332c7948ec80a00cb50e3d0a80972146dd4f77c8d37a8a02a23fa745
ARC-17-010,pets,전국 반려묘 양육·건강관리 반려동물,household,not_estimable,,,,E,8bf333ba286abe01ad9e1132f484a9d6ac1683573b5a4b11870856cd78fa7f32
ARC-17-011,pets,전국 반려묘 양육·돌봄서비스 반려동물,household,not_estimable,,,,E,24480d84f926092bf1771ad7d714d2215c1b11fb7eba4f4b04e92c536f4ce1ff
ARC-17-012,pets,전국 반려묘 양육·동반여행 반려동물,household,not_estimable,,,,E,d96f91337b65d35d12df02218d05f7d7edf0be745e241b0952295cf0298b3461
ARC-17-013,pets,전국 다마리 양육·사료 반려동물,household,not_estimable,,,,E,33d5010def2819842b3f6e7cb0178241107912ee90122754bbae7fb8a3439511
ARC-17-014,pets,전국 다마리 양육·건강관리 반려동물,household,not_estimable,,,,E,797026862a7f68edd45bf3617ccb99094c3beb656a0193f6ffbf4187cce148c9
ARC-17-015,pets,전국 다마리 양육·돌봄서비스 반려동물,household,not_estimable,,,,E,9b6277524a8f35ef17c261739c69263c4b8059689a60ef1510169e00323f0c48
ARC-17-016,pets,전국 다마리 양육·동반여행 반려동물,household,not_estimable,,,,E,4c2da3a109287cbf9a7c52ac0b07e8adebcafaf2ebe1be26a4d50398ffba6e68
ARC-17-017,pets,수도권 초보 양육·사료 반려동물,household,not_estimable,,,,E,23b3d8f6d33b89e4ef29f847356b3e36422006b77ac1edf9c480a1e1147be627
ARC-17-018,pets,수도권 초보 양육·건강관리 반려동물,household,not_estimable,,,,E,3505a524452207635a59bb26be8928ed197a9c533a79a84171fab54ef3c6e160
ARC-17-019,pets,수도권 초보 양육·돌봄서비스 반려동물,household,not_estimable,,,,E,a2ffd336dd3ec749fbf56409d8b96918807967e16a805f40ef3db5893d6c45a1
ARC-17-020,pets,수도권 초보 양육·동반여행 반려동물,household,not_estimable,,,,E,cf52a13beb0ecc68b22510d0b28428627b42a0a9c9f24d7a54e8358e15a711e9
ARC-17-021,pets,수도권 반려견 양육·사료 반려동물,household,not_estimable,,,,E,1d48d5355ddd5af3cd13a5e0c2ad16a6103aaaa246ef4f2e5993ae65d56c4c76
ARC-17-022,pets,수도권 반려견 양육·건강관리 반려동물,household,not_estimable,,,,E,a037a6239033e80edc314bbf994dc5bdfc92e0f68280d82544c47c86ebae7ffb
ARC-17-023,pets,수도권 반려견 양육·돌봄서비스 반려동물,household,not_estimable,,,,E,62ade12d0f307aebef8408af1c0b5efea50eb1aba32589a5e7996215e2cd2db8
ARC-17-024,pets,수도권 반려견 양육·동반여행 반려동물,household,not_estimable,,,,E,8116d62ec1c162a6de7cf34b3d07304c7a38b8f035ad92594939d562be9718c4
ARC-17-025,pets,수도권 반려묘 양육·사료 반려동물,household,not_estimable,,,,E,6ac7c8073c8a2d58d6e18e927d1f9fbac96e6cc340f9da1f4dc5d626c28a7e42
ARC-17-026,pets,수도권 반려묘 양육·건강관리 반려동물,household,not_estimable,,,,E,a0bfe1d422115dd3df434b39fc40a643ffaf1e2c1ed3bc7341edce5a8e31fd5a
ARC-17-027,pets,수도권 반려묘 양육·돌봄서비스 반려동물,household,not_estimable,,,,E,26ec89f793006e10f749d7358bad9304588e288465de0631c0baeac82c75a355
ARC-17-028,pets,수도권 반려묘 양육·동반여행 반려동물,household,not_estimable,,,,E,fea6ef522bd4460fbbd361859ed059c796923050eecfa6e84685e58678938af4
ARC-17-029,pets,수도권 다마리 양육·사료 반려동물,household,not_estimable,,,,E,1bb1f2dc4bfa41addb9330fc23924fc1f8920aea2831fbb6bb403bcb9c8fd174
ARC-17-030,pets,수도권 다마리 양육·건강관리 반려동물,household,not_estimable,,,,E,1ec7cb779f604f173772eade5abd707d84f8b548ada3ede93f4bedc625864f93
ARC-17-031,pets,수도권 다마리 양육·돌봄서비스 반려동물,household,not_estimable,,,,E,ec11de9b60bc0667057456fe013a97243d1421367179217b6bf3523ab43b0d89
ARC-17-032,pets,수도권 다마리 양육·동반여행 반려동물,household,not_estimable,,,,E,05ef9c5f44fa61a889949f474b007cad724722faf90c2de9eda2b406f3298c81
ARC-17-033,pets,충청권 초보 양육·사료 반려동물,household,not_estimable,,,,E,a60c38c82860203849e6e390d99d481bfcbabc7618f4bf005c3e5bf2b72ea84a
ARC-17-034,pets,충청권 초보 양육·건강관리 반려동물,household,not_estimable,,,,E,34ae3e066472b4594ffd1ee4f2af97b269745c9fc7f922419f8bc3c4ea565bbb
ARC-17-035,pets,충청권 초보 양육·돌봄서비스 반려동물,household,not_estimable,,,,E,7c55c0ac2d00b11a6c966a847b63a2f557f1ad4053b9259b3ba00963e3c36b84
ARC-17-036,pets,충청권 초보 양육·동반여행 반려동물,household,not_estimable,,,,E,8610e09183a4fae2be9804a0aca59ff5a7c62ebc1d29fabf1f3cce00e7f22c3a
ARC-17-037,pets,충청권 반려견 양육·사료 반려동물,household,not_estimable,,,,E,862b149bb7b3565bcbb5b9df30ee3b3706e099125168651ad666362468b170b9
ARC-17-038,pets,충청권 반려견 양육·건강관리 반려동물,household,not_estimable,,,,E,b8871496f2bbc32d81c55738cc5536d6a2cfac411954c9f28bb3456c8adc090c
ARC-17-039,pets,충청권 반려견 양육·돌봄서비스 반려동물,household,not_estimable,,,,E,0d61e0749ffb88b7d63ad61080c0c2a57e25e4dce47f6ef112905a58609ea695
ARC-17-040,pets,충청권 반려견 양육·동반여행 반려동물,household,not_estimable,,,,E,1a2914009db231a3734700611368560c4a97eaf87945a56a5dcec86a53beb515
ARC-17-041,pets,충청권 반려묘 양육·사료 반려동물,household,not_estimable,,,,E,3ec316af517eec59511be926e963108c280ddaf7b1ba786c42ed470a1ec372bb
ARC-17-042,pets,충청권 반려묘 양육·건강관리 반려동물,household,not_estimable,,,,E,0a69cd8334bf4663e57ff544f099d8273a5b61fa965c3cb747884136dc98b4d3
ARC-17-043,pets,충청권 반려묘 양육·돌봄서비스 반려동물,household,not_estimable,,,,E,f5d184b065397cddcb1967b1feac7c2a02b417e66650c0d150eceb304471a7fd
ARC-17-044,pets,충청권 반려묘 양육·동반여행 반려동물,household,not_estimable,,,,E,5a2aa2f0884d03faf8a54b27268725b8bd09ef02d686535d630ab3e184e9215e
ARC-17-045,pets,충청권 다마리 양육·사료 반려동물,household,not_estimable,,,,E,b65d7038d0cf6e5b592af56560f9b15115269455743ec7ad2f57d8e2c016c301
ARC-17-046,pets,충청권 다마리 양육·건강관리 반려동물,household,not_estimable,,,,E,4ca74e3a09735571c4055a24fe2fb819f2707209b37c5a96228714abd2a8f0e2
ARC-17-047,pets,충청권 다마리 양육·돌봄서비스 반려동물,household,not_estimable,,,,E,75a1000914a9b7d42981b6c4202eb9e974513f21b82dc4ca11383b9447d9fa61
ARC-17-048,pets,충청권 다마리 양육·동반여행 반려동물,household,not_estimable,,,,E,bf5bf5749f87ba3e2eab1e89bbba733c7be2dfac44550f88fd6e2dffa8902c9a
ARC-17-049,pets,호남권 초보 양육·사료 반려동물,household,not_estimable,,,,E,5b27753124ac75c8ca5fe827eb1bd754aa177fb36f98020c54007dee7a05244b
ARC-17-050,pets,호남권 초보 양육·건강관리 반려동물,household,not_estimable,,,,E,cd185ca883a9063a187c978222f9d2cc6cf9d8f4fe9fdea839dec0de006bf75a
ARC-17-051,pets,호남권 초보 양육·돌봄서비스 반려동물,household,not_estimable,,,,E,4d560c4abc72a3f1ec5797ea0793def17c86a65897637defe85f85f5843aea83
ARC-17-052,pets,호남권 초보 양육·동반여행 반려동물,household,not_estimable,,,,E,ceb9d8d5713fc0860e2bfec36bdfb37ce9d1df989428d70a0ad68a0879cd2b8f
ARC-17-053,pets,호남권 반려견 양육·사료 반려동물,household,not_estimable,,,,E,704f9c0ffecc2c4d22edd7c0d11546a831251c85fbd84dc9b59f1ef54c01683b
ARC-17-054,pets,호남권 반려견 양육·건강관리 반려동물,household,not_estimable,,,,E,ff3b75a8784ec4a8dfae32aba0d08262230a0167350cd82247c530f7c6817bda
ARC-17-055,pets,호남권 반려견 양육·돌봄서비스 반려동물,household,not_estimable,,,,E,f31e73ef4e8a7bb9381798666cbc46b166c209822bba5ccb8121e335f6348f39
ARC-17-056,pets,호남권 반려견 양육·동반여행 반려동물,household,not_estimable,,,,E,0e82467a0f3c9f0f58058ae8001bfa1f270075114a5b765015a548b9812b836e
ARC-17-057,pets,호남권 반려묘 양육·사료 반려동물,household,not_estimable,,,,E,56e8f7f396a1310c82a4872855d05db45959362d3f475f853466d9c79f5a7c79
ARC-17-058,pets,호남권 반려묘 양육·건강관리 반려동물,household,not_estimable,,,,E,1982c2d79c7d8bbb8cebbd1f10f710cc06e51dcbc07da0258565bea06d7bfeed
ARC-17-059,pets,호남권 반려묘 양육·돌봄서비스 반려동물,household,not_estimable,,,,E,854f722823d489b591d21bb1eb4c6a71dd2784a1a0e896338c2514d9ad2deb61
ARC-17-060,pets,호남권 반려묘 양육·동반여행 반려동물,household,not_estimable,,,,E,3bdf841f46cc3e524901b36fa499f58f99cf87cfabe8af9064e3e9e261f362bb
ARC-17-061,pets,호남권 다마리 양육·사료 반려동물,household,not_estimable,,,,E,c4e520405f26b7d77c96c271f2eeb0232064a7de8be4ec25cceca45bbb7ebff0
ARC-17-062,pets,호남권 다마리 양육·건강관리 반려동물,household,not_estimable,,,,E,d2d64dda94437337ceb467a2e7acdb4e6a1d1be90845fb5a2ce17a73da60f44d
ARC-17-063,pets,호남권 다마리 양육·돌봄서비스 반려동물,household,not_estimable,,,,E,00f4d3b71475184afefb54d24a4ce89dfd7d77a72083ccb83311a8a5d02df3ca
ARC-17-064,pets,호남권 다마리 양육·동반여행 반려동물,household,not_estimable,,,,E,e54ee98a8a3e47da0d8af8c10bd57489eab7e37032385c7b53524ae3d9eda57c
ARC-17-065,pets,영남권 초보 양육·사료 반려동물,household,not_estimable,,,,E,41307d246064d4968ebd8cfedc94da508db86d62d0e9a465837c2b88d7d9374b
ARC-17-066,pets,영남권 초보 양육·건강관리 반려동물,household,not_estimable,,,,E,67cab53d3c47d9e16aa98eab0b1e8726de7377c0113a81b2b9e14baccacaa235
ARC-17-067,pets,영남권 초보 양육·돌봄서비스 반려동물,household,not_estimable,,,,E,3424f20a6f9c66a9865c23b50b1c9155fc38ab57bbae06adcdbdb1fdf657438f
ARC-17-068,pets,영남권 초보 양육·동반여행 반려동물,household,not_estimable,,,,E,a897df6627c12b1e0023da0d5396cac656f70fd0abbde19ce497a1f5306f8035
ARC-17-069,pets,영남권 반려견 양육·사료 반려동물,household,not_estimable,,,,E,a93918ebd81dd0a37e2b171a30f028d54264f2eaa8d7cd4f26c3e7509439db27
ARC-17-070,pets,영남권 반려견 양육·건강관리 반려동물,household,not_estimable,,,,E,d3054fda5e388aa8bb7e25d4dfd4f6385e035fe482ce4408f277d0ee7af7016a
ARC-17-071,pets,영남권 반려견 양육·돌봄서비스 반려동물,household,not_estimable,,,,E,4c0f857dd864142aeb6d27b2a8637e83258893b63643790f4127b774653469ec
ARC-17-072,pets,영남권 반려견 양육·동반여행 반려동물,household,not_estimable,,,,E,532f067f6b0d1fb90005737f6a8ca4c6dba809e9aa5cbd2741423aad70eeddca
ARC-17-073,pets,영남권 반려묘 양육·사료 반려동물,household,not_estimable,,,,E,4782ab2cfed8e5c471af6e4b07c6ae4f792c9035ddde07ecbd6bb11a905fd9ae
ARC-17-074,pets,영남권 반려묘 양육·건강관리 반려동물,household,not_estimable,,,,E,58d431dae0fb717d0a1d213201cec898f9d0c341315f8197b374cacf5fde8c09
ARC-17-075,pets,영남권 반려묘 양육·돌봄서비스 반려동물,household,not_estimable,,,,E,7769eecf511da766553cedb0193c9c864cebecaba47048b07fca13bbac43c40b
ARC-17-076,pets,영남권 반려묘 양육·동반여행 반려동물,household,not_estimable,,,,E,b1b08a712d001d123d0ba7dc85a9ed2f361e278359bb8d281f31f9bce7dd62b6
ARC-17-077,pets,영남권 다마리 양육·사료 반려동물,household,not_estimable,,,,E,e0c9a3585d84a56b58d8552306d5bb67af4685c51bd96b49068f818e269f5bd3
ARC-17-078,pets,영남권 다마리 양육·건강관리 반려동물,household,not_estimable,,,,E,38f8848c79b6c9e51e734a8d64338c8c950fa0c6ce8803e6b36fc1a56ee978ba
ARC-17-079,pets,영남권 다마리 양육·돌봄서비스 반려동물,household,not_estimable,,,,E,cddf71707ec08e91ac1e3164c288298a892543cff5861045f4ae0e4c9fe9e4ae
ARC-17-080,pets,영남권 다마리 양육·동반여행 반려동물,household,not_estimable,,,,E,23941d500e2aa7c91c4fc0e8f72a03619ebd2aed3728e5b9f31aefdae08c89da
ARC-18-001,senior_retirement_care,전국 은퇴준비·노후소득 시니어·은퇴·가족돌봄,person,not_estimable,,,,E,9758a8dee17fb76ab7f18ecae97fe169fd1690bfaaa0099eb7bd9f5438d2a138
ARC-18-002,senior_retirement_care,전국 은퇴준비·건강 시니어·은퇴·가족돌봄,person,not_estimable,,,,E,46b6571e088be0260fa6b4c546dcd9fc33b3307f331451d9fbaa845ca85a11ee
ARC-18-003,senior_retirement_care,전국 은퇴준비·주거 시니어·은퇴·가족돌봄,person,not_estimable,,,,E,48f66b337c3c42e2b38ecbfc92da0122bfda8eb0f9ec6f474b863522ecdf4d70
ARC-18-004,senior_retirement_care,전국 은퇴준비·돌봄 시니어·은퇴·가족돌봄,person,not_estimable,,,,E,5c4fba896b3cd0922c28ac1beb65b44976132e14140fdb31ab5cf0143eaee2ed
ARC-18-005,senior_retirement_care,전국 활동시니어·노후소득 시니어·은퇴·가족돌봄,person,not_estimable,,,,E,1323384cb94d0ae151bd12a070803788ca09e34264504d7ee1bffb0e294fb0b9
ARC-18-006,senior_retirement_care,전국 활동시니어·건강 시니어·은퇴·가족돌봄,person,not_estimable,,,,E,dbe71a739269e47c7535d341287f880eb6bb1034599375fe0eb4d10471d8e0bc
ARC-18-007,senior_retirement_care,전국 활동시니어·주거 시니어·은퇴·가족돌봄,person,not_estimable,,,,E,3966c78f8804478000740314800423db8624774e2e19e504bcb5afe49b2b2ea4
ARC-18-008,senior_retirement_care,전국 활동시니어·돌봄 시니어·은퇴·가족돌봄,person,not_estimable,,,,E,e35a29dddd934616eae3bba359aa0a49a8369a5013bc053f507063909beef7cd
ARC-18-009,senior_retirement_care,전국 생활제약 시니어·노후소득 시니어·은퇴·가족돌봄,person,not_estimable,,,,E,f65f5138f66f4e49588cf02e3f4e8823e39fb0424ce78241dabc8b42277f63e4
ARC-18-010,senior_retirement_care,전국 생활제약 시니어·건강 시니어·은퇴·가족돌봄,person,not_estimable,,,,E,e1ffc3aaf80c59549aa3393aa6512f3d71c9ccd427197efa3ed3291fe5e7a86b
ARC-18-011,senior_retirement_care,전국 생활제약 시니어·주거 시니어·은퇴·가족돌봄,person,not_estimable,,,,E,e3ec98f3131a0dac21d267306878a12a3ea0fe24dbbf008a60be9f339dcf436e
ARC-18-012,senior_retirement_care,전국 생활제약 시니어·돌봄 시니어·은퇴·가족돌봄,person,not_estimable,,,,E,4d1c1c19b84f82abaf9cfbdace0ba3e39756605564a8a7de4ceb1ba075c9d7ee
ARC-18-013,senior_retirement_care,전국 가족돌봄자·노후소득 시니어·은퇴·가족돌봄,person,not_estimable,,,,E,d36c833730ed6f2097319a68a56a951996fb6b5030731af9b786672b940be558
ARC-18-014,senior_retirement_care,전국 가족돌봄자·건강 시니어·은퇴·가족돌봄,person,not_estimable,,,,E,58a579230644f9b22daf9de621f3f33e7aba13b5dca872f431328a6d0645de81
ARC-18-015,senior_retirement_care,전국 가족돌봄자·주거 시니어·은퇴·가족돌봄,person,not_estimable,,,,E,c838f28a52c67282623aafb57f67d3a6d4130c0fd04846cfdbb3165cd40f5d0b
ARC-18-016,senior_retirement_care,전국 가족돌봄자·돌봄 시니어·은퇴·가족돌봄,person,not_estimable,,,,E,124cd2084393419f958e06c35f94ace0fd9b6b0e952f2ac424a8968496373ef2
ARC-18-017,senior_retirement_care,수도권 은퇴준비·노후소득 시니어·은퇴·가족돌봄,person,not_estimable,,,,E,6e4ea8916535b6d68f019182d7d701228531118d3a33b81be2c3dcc4c929793d
ARC-18-018,senior_retirement_care,수도권 은퇴준비·건강 시니어·은퇴·가족돌봄,person,not_estimable,,,,E,e2bf7ad62d20703ce4c2e2c2e703059eb335e73f3140fe0a783b1e594db9bdd8
ARC-18-019,senior_retirement_care,수도권 은퇴준비·주거 시니어·은퇴·가족돌봄,person,not_estimable,,,,E,a29e7826eada788457f6f4904ba96419b92189e348691b55e9213417c7a5adb4
ARC-18-020,senior_retirement_care,수도권 은퇴준비·돌봄 시니어·은퇴·가족돌봄,person,not_estimable,,,,E,80030e2c5be87785f7c7824391657c230f60cbc48f096c814a5ba7a53bcdabf9
ARC-18-021,senior_retirement_care,수도권 활동시니어·노후소득 시니어·은퇴·가족돌봄,person,not_estimable,,,,E,83002cc0f1c5ecaef3956692e0f42d34105610fb12e5cd22b15aaac3f92b8cc8
ARC-18-022,senior_retirement_care,수도권 활동시니어·건강 시니어·은퇴·가족돌봄,person,not_estimable,,,,E,d73722156e87800506c69637ba17b26a276cc13fed1aec9056931d65eb4f61ae
ARC-18-023,senior_retirement_care,수도권 활동시니어·주거 시니어·은퇴·가족돌봄,person,not_estimable,,,,E,81a814986537d8fa11aefd3ee9fe464268baac28f107dc0af365a1882a1299a1
ARC-18-024,senior_retirement_care,수도권 활동시니어·돌봄 시니어·은퇴·가족돌봄,person,not_estimable,,,,E,f704df1f666b1208e827b79c86d7afc1ad0b28125874767974a2849ba02f3e06
ARC-18-025,senior_retirement_care,수도권 생활제약 시니어·노후소득 시니어·은퇴·가족돌봄,person,not_estimable,,,,E,a995a783be7afe01f2ea890b4ec9667c336484e1d1c61289ab1f14d0fbcfa73f
ARC-18-026,senior_retirement_care,수도권 생활제약 시니어·건강 시니어·은퇴·가족돌봄,person,not_estimable,,,,E,f6505b3e7f8ba2328e69536b2082317e09321801bc771d8ecc09279691f71e42
ARC-18-027,senior_retirement_care,수도권 생활제약 시니어·주거 시니어·은퇴·가족돌봄,person,not_estimable,,,,E,9f1fae0256ce1c456d31f6364f7483e1ff6c1c1922586caee79660fa9071a4d4
ARC-18-028,senior_retirement_care,수도권 생활제약 시니어·돌봄 시니어·은퇴·가족돌봄,person,not_estimable,,,,E,06bffc6b7f8be087408fdaa68418aeb425d867297735802bec24bc77fd0354ae
ARC-18-029,senior_retirement_care,수도권 가족돌봄자·노후소득 시니어·은퇴·가족돌봄,person,not_estimable,,,,E,172a0e4fd0437f62f8ba7d917efbbb2d2c9d77e20a2ae5abf943f5085fcbf0e9
ARC-18-030,senior_retirement_care,수도권 가족돌봄자·건강 시니어·은퇴·가족돌봄,person,not_estimable,,,,E,e4332bf2ee8e8819ca0789c1b6a75f2b6dd5c8f0e3edfa0c0da006f9bba529f4
ARC-18-031,senior_retirement_care,수도권 가족돌봄자·주거 시니어·은퇴·가족돌봄,person,not_estimable,,,,E,ad2469ae6a3ac43b63e5ee8f8794749a0760e26cff3cdfdbd4c48189b9761e85
ARC-18-032,senior_retirement_care,수도권 가족돌봄자·돌봄 시니어·은퇴·가족돌봄,person,not_estimable,,,,E,199d8ee996eea289996c9642fd5621589e184e409d1901a00f38333a977bf8d4
ARC-18-033,senior_retirement_care,충청권 은퇴준비·노후소득 시니어·은퇴·가족돌봄,person,not_estimable,,,,E,f1f4b9bfda39cb9a9a70275b8ef0b0c4b6d0f2933a2760e6a0688d23c7e16178
ARC-18-034,senior_retirement_care,충청권 은퇴준비·건강 시니어·은퇴·가족돌봄,person,not_estimable,,,,E,451662abc9c05af7511530974b6a3e4ee83758ee0f97bd8772ebfbf91d24f0c0
ARC-18-035,senior_retirement_care,충청권 은퇴준비·주거 시니어·은퇴·가족돌봄,person,not_estimable,,,,E,9024ab02c44f7ddb2dca869da5f0a159792df32d2fc0911f8b15c9e464d284f2
ARC-18-036,senior_retirement_care,충청권 은퇴준비·돌봄 시니어·은퇴·가족돌봄,person,not_estimable,,,,E,e840e25da00d4e8e2d7c7ba3d22e8305099e8cad4b401687ce149fba161bf5cb
ARC-18-037,senior_retirement_care,충청권 활동시니어·노후소득 시니어·은퇴·가족돌봄,person,not_estimable,,,,E,99f366afad585a6a1f36f8db2ed8fbe54db0997fd58bff9ccc344fe706595997
ARC-18-038,senior_retirement_care,충청권 활동시니어·건강 시니어·은퇴·가족돌봄,person,not_estimable,,,,E,e26e1e57197cb1cfacfca82988188e8b4d0e8efc12ea54e6c4e2ba80cdc6620a
ARC-18-039,senior_retirement_care,충청권 활동시니어·주거 시니어·은퇴·가족돌봄,person,not_estimable,,,,E,b5ffbc0871ec256eb08dc4c1d5749080807924808cda38a8c12209f403b077a5
ARC-18-040,senior_retirement_care,충청권 활동시니어·돌봄 시니어·은퇴·가족돌봄,person,not_estimable,,,,E,bfda34d5ad109b1e197d69950b13d75dd99d390b20b0a8ff2e706cede28f6c0b
ARC-18-041,senior_retirement_care,충청권 생활제약 시니어·노후소득 시니어·은퇴·가족돌봄,person,not_estimable,,,,E,d57fb47559803be4d7fd0677e1a3d35e668772611f6cb697b088330bc5156035
ARC-18-042,senior_retirement_care,충청권 생활제약 시니어·건강 시니어·은퇴·가족돌봄,person,not_estimable,,,,E,f348480362c5785f9e1072a835dd2841ef41feed6b38b3a9a7a833432d45f149
ARC-18-043,senior_retirement_care,충청권 생활제약 시니어·주거 시니어·은퇴·가족돌봄,person,not_estimable,,,,E,ad3d10359bcf0185ae2bccd28cb6a03ed1db216ab83d16e9d3ad1dd4c50485e8
ARC-18-044,senior_retirement_care,충청권 생활제약 시니어·돌봄 시니어·은퇴·가족돌봄,person,not_estimable,,,,E,c638285ad9a61cda44a9933dcdaac558583d13fc86944c392b376cd552a47f73
ARC-18-045,senior_retirement_care,충청권 가족돌봄자·노후소득 시니어·은퇴·가족돌봄,person,not_estimable,,,,E,f9aa4b7f77f483f1a85802e3b6865ca70f76787b9d70f7215c237d7887c8039f
ARC-18-046,senior_retirement_care,충청권 가족돌봄자·건강 시니어·은퇴·가족돌봄,person,not_estimable,,,,E,e57ac71ddcaa5507be44a86e1432093c7d0981fdc5d5bc03a25403a09821eedf
ARC-18-047,senior_retirement_care,충청권 가족돌봄자·주거 시니어·은퇴·가족돌봄,person,not_estimable,,,,E,7de745f6ea5f9a110df44955113eb8921d1af0b86be670d61182a3fee1df8833
ARC-18-048,senior_retirement_care,충청권 가족돌봄자·돌봄 시니어·은퇴·가족돌봄,person,not_estimable,,,,E,8002d0ca216f1326a9839755737eab527e202d78933af5b8862280aa02424082
ARC-18-049,senior_retirement_care,호남권 은퇴준비·노후소득 시니어·은퇴·가족돌봄,person,not_estimable,,,,E,4d0cae0eda3181e47fb589ea282f64f127684289876c83476d9bc3f8b4f2b66d
ARC-18-050,senior_retirement_care,호남권 은퇴준비·건강 시니어·은퇴·가족돌봄,person,not_estimable,,,,E,12ddad3e6b219ce9f8e2b7187a41fb700744cc0665f85481d1ac586aaa65c39b
ARC-18-051,senior_retirement_care,호남권 은퇴준비·주거 시니어·은퇴·가족돌봄,person,not_estimable,,,,E,1cd5d30ee4ffe09eeebafbf8ec5dca97460eef5ea5fad42d12f832d319cd8993
ARC-18-052,senior_retirement_care,호남권 은퇴준비·돌봄 시니어·은퇴·가족돌봄,person,not_estimable,,,,E,bdb25fd1dc1ce1ba7c0f4724d7515ff6b77ee0e269e6d24cca9a3c5478eaf8cc
ARC-18-053,senior_retirement_care,호남권 활동시니어·노후소득 시니어·은퇴·가족돌봄,person,not_estimable,,,,E,e45830ebb7ca1bfb5cbf02f9e9f5ff3a9c2c9fef1e34eb7b7dccaa352f3aaae0
ARC-18-054,senior_retirement_care,호남권 활동시니어·건강 시니어·은퇴·가족돌봄,person,not_estimable,,,,E,94908b7ce0c6008401d7f75a6ee3931c848fad9df43134f06b48a514b1fdc398
ARC-18-055,senior_retirement_care,호남권 활동시니어·주거 시니어·은퇴·가족돌봄,person,not_estimable,,,,E,ca8423d3558c2141cce6e41746b7b7c2a58d1aff99128b871a4f98623f68aa17
ARC-18-056,senior_retirement_care,호남권 활동시니어·돌봄 시니어·은퇴·가족돌봄,person,not_estimable,,,,E,aca6e0ebe8911f53633dcc195f574ad9935bef0b15bbaeb58d8195d8cf56f4b9
ARC-18-057,senior_retirement_care,호남권 생활제약 시니어·노후소득 시니어·은퇴·가족돌봄,person,not_estimable,,,,E,8dbf8c5c534844a8f64ea09cf6943df1564fcacca6121dcf25d5c6f7344984d7
ARC-18-058,senior_retirement_care,호남권 생활제약 시니어·건강 시니어·은퇴·가족돌봄,person,not_estimable,,,,E,c54baafcc97c1be3bd3bac9c1f86966f8748b0b5570553be64094c51968d2c92
ARC-18-059,senior_retirement_care,호남권 생활제약 시니어·주거 시니어·은퇴·가족돌봄,person,not_estimable,,,,E,cbdc97998ba22409c41bf59ef283bcb3b4f0c057a8fcbc217a44b0b762a59dd0
ARC-18-060,senior_retirement_care,호남권 생활제약 시니어·돌봄 시니어·은퇴·가족돌봄,person,not_estimable,,,,E,3bb405b8c9019aad9010c83c6cdeac8fec47e6739f3f71574ddb9cf2dd0ef453
ARC-18-061,senior_retirement_care,호남권 가족돌봄자·노후소득 시니어·은퇴·가족돌봄,person,not_estimable,,,,E,de103b7d340f38d083c8c2323a53c03221ac3e4e51c523cd57c5ade31137f4d1
ARC-18-062,senior_retirement_care,호남권 가족돌봄자·건강 시니어·은퇴·가족돌봄,person,not_estimable,,,,E,d0160045bf885f7c2cf5dd85dd475ea69f3fb0535a819d73cd6eff0de2933c2d
ARC-18-063,senior_retirement_care,호남권 가족돌봄자·주거 시니어·은퇴·가족돌봄,person,not_estimable,,,,E,a05a6bce70a374bd0cfce8406716405aae3f3128bac5ed14a8fda0f5f25d5a80
ARC-18-064,senior_retirement_care,호남권 가족돌봄자·돌봄 시니어·은퇴·가족돌봄,person,not_estimable,,,,E,576b0dfd934244d95a82304870c2e762550285a8019274637c452a52b831e67f
ARC-18-065,senior_retirement_care,영남권 은퇴준비·노후소득 시니어·은퇴·가족돌봄,person,not_estimable,,,,E,69f4b311b8e2e12dc4768aea22a2ef68fd4d4e1ede06c59164b0a5c60f1d25e9
ARC-18-066,senior_retirement_care,영남권 은퇴준비·건강 시니어·은퇴·가족돌봄,person,not_estimable,,,,E,15778bac088257b247990f75823d892ef6b1b68efc5457e643807bfdb95c3f10
ARC-18-067,senior_retirement_care,영남권 은퇴준비·주거 시니어·은퇴·가족돌봄,person,not_estimable,,,,E,2e13c10866187f1b20556892d2fb1df10719c07aa039ff81def4388f35222f8b
ARC-18-068,senior_retirement_care,영남권 은퇴준비·돌봄 시니어·은퇴·가족돌봄,person,not_estimable,,,,E,79c8be3dd73e018a3ff28b10b2ea53254b74ab1eae9cd1074a912215438cc515
ARC-18-069,senior_retirement_care,영남권 활동시니어·노후소득 시니어·은퇴·가족돌봄,person,not_estimable,,,,E,3dcf2558e2144c02b4e714d13512ed37879d9b9fd677dc0de78bb4cdb119c2df
ARC-18-070,senior_retirement_care,영남권 활동시니어·건강 시니어·은퇴·가족돌봄,person,not_estimable,,,,E,23625778636a9a0774262fe8e425a38a58d363366c1fc5a0e8959357dd7a8c63
ARC-18-071,senior_retirement_care,영남권 활동시니어·주거 시니어·은퇴·가족돌봄,person,not_estimable,,,,E,bb935772c21b10cf79f708dfb20d0a7e529e631afd0e1fa710aef8d5e8f96fba
ARC-18-072,senior_retirement_care,영남권 활동시니어·돌봄 시니어·은퇴·가족돌봄,person,not_estimable,,,,E,205d9b2e945cff49c18542a93458be05e54121c98ac2efa53de1496f560d220e
ARC-18-073,senior_retirement_care,영남권 생활제약 시니어·노후소득 시니어·은퇴·가족돌봄,person,not_estimable,,,,E,2e8df3f1271fea8447fbadd9b073e2468fb056e1cf285134e4fd19961aa575fa
ARC-18-074,senior_retirement_care,영남권 생활제약 시니어·건강 시니어·은퇴·가족돌봄,person,not_estimable,,,,E,f9d54700ff9c5db5d7f9b59fb2c3d5b819ff16a80e75527c3a9813b64c483711
ARC-18-075,senior_retirement_care,영남권 생활제약 시니어·주거 시니어·은퇴·가족돌봄,person,not_estimable,,,,E,072659f372e509db334528a31a86d69998b8e969d797bfac6724d1ab0d461619
ARC-18-076,senior_retirement_care,영남권 생활제약 시니어·돌봄 시니어·은퇴·가족돌봄,person,not_estimable,,,,E,23a738958327426dbdc1445c40d9488828a2b8f76eda6fe587edd8f33bbd891e
ARC-18-077,senior_retirement_care,영남권 가족돌봄자·노후소득 시니어·은퇴·가족돌봄,person,not_estimable,,,,E,13d3a70169d0e66bed15a7b9adedbcfada1120ea5034eee208f0ab0b3bf34f53
ARC-18-078,senior_retirement_care,영남권 가족돌봄자·건강 시니어·은퇴·가족돌봄,person,not_estimable,,,,E,b7db9e4815445008db966e883dfb4748047083b1067f76cb4e8aca4836d194e9
ARC-18-079,senior_retirement_care,영남권 가족돌봄자·주거 시니어·은퇴·가족돌봄,person,not_estimable,,,,E,9c3026eb4449f825cc5ec5ec1a518bd67eebf41a0c5a57f862b2b36ee3011371
ARC-18-080,senior_retirement_care,영남권 가족돌봄자·돌봄 시니어·은퇴·가족돌봄,person,not_estimable,,,,E,eaecf9a6b7cb7c9f3c869949edb1ae01da7cb173db9f21647351ef6a885d3fc0
