phase1_archetype_id,subtype_id,share_low,share_base,share_high,count_low,count_base,count_high,denominator_count_base,allocation_formula,conditional_method,model_version,run_id
ARC-05-001,DOM-23-SUB-01,0.19939005462498946,0.2828091352517803,0.3662282158785712,243479.02917576485,767430.3829875184,1987592.5133911192,2713598.2800000003,"N(P,k)=Σw_i×P(P|x_i)×P(k|P,x_i); implemented as parent exploratory count × normalized conditional soft cluster share",domain soft prevalence with deterministic parent-rule modifier; base shares normalized exactly,kr-v0.2.1,RUN-P2-20260824T170416Z
ARC-05-001,DOM-23-SUB-02,0.25815972722066377,0.33217483634377837,0.40618994546689297,315243.80628806807,901389.0645617585,2204472.674744509,2713598.2800000003,"N(P,k)=Σw_i×P(P|x_i)×P(k|P,x_i); implemented as parent exploratory count × normalized conditional soft cluster share",domain soft prevalence with deterministic parent-rule modifier; base shares normalized exactly,kr-v0.2.1,RUN-P2-20260824T170416Z
ARC-05-001,DOM-23-SUB-03,0.31108929347890135,0.38501602840444127,0.4589427633299812,379877.1172698429,1044778.832450723,2490772.5863813683,2713598.2800000003,"N(P,k)=Σw_i×P(P|x_i)×P(k|P,x_i); implemented as parent exploratory count × normalized conditional soft cluster share",domain soft prevalence with deterministic parent-rule modifier; base shares normalized exactly,kr-v0.2.1,RUN-P2-20260824T170416Z
ARC-05-002,DOM-23-SUB-01,0.20551167192967165,0.2914918616773065,0.37747205142494134,246259.04244561563,776192.8076432034,2010286.5974811884,2662828.4,"N(P,k)=Σw_i×P(P|x_i)×P(k|P,x_i); implemented as parent exploratory count × normalized conditional soft cluster share",domain soft prevalence with deterministic parent-rule modifier; base shares normalized exactly,kr-v0.2.1,RUN-P2-20260824T170416Z
ARC-05-002,DOM-23-SUB-02,0.2543772347381153,0.32730789278566036,0.4002385508332054,304813.316238354,871564.7524538115,2131533.159867006,2662828.4,"N(P,k)=Σw_i×P(P|x_i)×P(k|P,x_i); implemented as parent exploratory count × normalized conditional soft cluster share",domain soft prevalence with deterministic parent-rule modifier; base shares normalized exactly,kr-v0.2.1,RUN-P2-20260824T170416Z
ARC-05-002,DOM-23-SUB-03,0.3080061771701851,0.38120024553703313,0.4543943139038812,369075.4181748902,1015070.839902985,2419948.1677235393,2662828.4,"N(P,k)=Σw_i×P(P|x_i)×P(k|P,x_i); implemented as parent exploratory count × normalized conditional soft cluster share",domain soft prevalence with deterministic parent-rule modifier; base shares normalized exactly,kr-v0.2.1,RUN-P2-20260824T170416Z
ARC-05-003,DOM-23-SUB-01,0.1730601611382694,0.2454635694347903,0.3178669777313112,249493.45641225338,786387.4743361002,2036690.0910677188,3203683.0400000005,"N(P,k)=Σw_i×P(P|x_i)×P(k|P,x_i); implemented as parent exploratory count × normalized conditional soft cluster share",domain soft prevalence with deterministic parent-rule modifier; base shares normalized exactly,kr-v0.2.1,RUN-P2-20260824T170416Z
ARC-05-003,DOM-23-SUB-02,0.25545717871803647,0.3286974596970173,0.40193774067599813,368281.7239073501,1053042.476922418,2575362.2458792273,3203683.0400000005,"N(P,k)=Σw_i×P(P|x_i)×P(k|P,x_i); implemented as parent exploratory count × normalized conditional soft cluster share",domain soft prevalence with deterministic parent-rule modifier; base shares normalized exactly,kr-v0.2.1,RUN-P2-20260824T170416Z
ARC-05-003,DOM-23-SUB-03,0.34407384319078466,0.4258389708681924,0.5076040985456001,496036.59117207135,1364253.0887414822,3252405.283090056,3203683.0400000005,"N(P,k)=Σw_i×P(P|x_i)×P(k|P,x_i); implemented as parent exploratory count × normalized conditional soft cluster share",domain soft prevalence with deterministic parent-rule modifier; base shares normalized exactly,kr-v0.2.1,RUN-P2-20260824T170416Z
ARC-05-004,DOM-23-SUB-01,0.17356506151766463,0.2461797056530867,0.3187943497885088,208382.9157966073,656809.6702997861,1701092.3887697791,2668009.0,"N(P,k)=Σw_i×P(P|x_i)×P(k|P,x_i); implemented as parent exploratory count × normalized conditional soft cluster share",domain soft prevalence with deterministic parent-rule modifier; base shares normalized exactly,kr-v0.2.1,RUN-P2-20260824T170416Z
ARC-05-004,DOM-23-SUB-02,0.2731081948400505,0.3514090710500142,0.42970994725997785,327894.80481315375,937562.5642430773,2292940.0133582926,2668009.0,"N(P,k)=Σw_i×P(P|x_i)×P(k|P,x_i); implemented as parent exploratory count × normalized conditional soft cluster share",domain soft prevalence with deterministic parent-rule modifier; base shares normalized exactly,kr-v0.2.1,RUN-P2-20260824T170416Z
ARC-05-004,DOM-23-SUB-03,0.3251444457058056,0.40241122329689916,0.47967800088799273,390369.7383493953,1073636.7654571366,2559570.4469423452,2668009.0,"N(P,k)=Σw_i×P(P|x_i)×P(k|P,x_i); implemented as parent exploratory count × normalized conditional soft cluster share",domain soft prevalence with deterministic parent-rule modifier; base shares normalized exactly,kr-v0.2.1,RUN-P2-20260824T170416Z
ARC-05-005,DOM-23-SUB-01,0.18280305676572775,0.25928261318013723,0.3357621695945467,203237.26925554094,640590.920335582,1659086.929095479,2470628.14,"N(P,k)=Σw_i×P(P|x_i)×P(k|P,x_i); implemented as parent exploratory count × normalized conditional soft cluster share",domain soft prevalence with deterministic parent-rule modifier; base shares normalized exactly,kr-v0.2.1,RUN-P2-20260824T170416Z
ARC-05-005,DOM-23-SUB-02,0.2530595640709115,0.3256124422870654,0.39816532050321923,281347.2360403771,804467.2626485497,1967436.8904147448,2470628.14,"N(P,k)=Σw_i×P(P|x_i)×P(k|P,x_i); implemented as parent exploratory count × normalized conditional soft cluster share",domain soft prevalence with deterministic parent-rule modifier; base shares normalized exactly,kr-v0.2.1,RUN-P2-20260824T170416Z
ARC-05-005,DOM-23-SUB-03,0.3354008518800067,0.41510494453279734,0.494809037185588,372892.85227562237,1025569.9570158683,2444978.2623940404,2470628.14,"N(P,k)=Σw_i×P(P|x_i)×P(k|P,x_i); implemented as parent exploratory count × normalized conditional soft cluster share",domain soft prevalence with deterministic parent-rule modifier; base shares normalized exactly,kr-v0.2.1,RUN-P2-20260824T170416Z
ARC-06-001,DOM-24-SUB-01,0.12459791199658844,0.19542001586050578,0.26624211972442313,16197.728559556497,33221.402696285986,55910.845142128856,170000.0,"N(P,k)=Σw_i×P(P|x_i)×P(k|P,x_i); implemented as parent exploratory count × normalized conditional soft cluster share",domain soft prevalence with deterministic parent-rule modifier; base shares normalized exactly,kr-v0.2.1,RUN-P2-20260824T170416Z
ARC-06-001,DOM-24-SUB-02,0.06229151001857963,0.11325729094287205,0.16422307186716448,8097.896302415352,19253.73946028825,34486.84509210454,170000.0,"N(P,k)=Σw_i×P(P|x_i)×P(k|P,x_i); implemented as parent exploratory count × normalized conditional soft cluster share",domain soft prevalence with deterministic parent-rule modifier; base shares normalized exactly,kr-v0.2.1,RUN-P2-20260824T170416Z
ARC-06-001,DOM-24-SUB-03,0.03353105928890238,0.06096556234345887,0.08840006539801537,4359.03770755731,10364.145598388008,18564.01373358323,170000.0,"N(P,k)=Σw_i×P(P|x_i)×P(k|P,x_i); implemented as parent exploratory count × normalized conditional soft cluster share",domain soft prevalence with deterministic parent-rule modifier; base shares normalized exactly,kr-v0.2.1,RUN-P2-20260824T170416Z
ARC-06-001,DOM-24-SUB-04,0.3162204882238484,0.404323854079741,0.4924272199356335,41108.66346910029,68735.05519355596,103409.71618648303,170000.0,"N(P,k)=Σw_i×P(P|x_i)×P(k|P,x_i); implemented as parent exploratory count × normalized conditional soft cluster share",domain soft prevalence with deterministic parent-rule modifier; base shares normalized exactly,kr-v0.2.1,RUN-P2-20260824T170416Z
ARC-06-001,DOM-24-SUB-05,0.14865949007548723,0.22603327677342222,0.30340706347135715,19325.73370981334,38425.65705148178,63715.483328985,170000.0,"N(P,k)=Σw_i×P(P|x_i)×P(k|P,x_i); implemented as parent exploratory count × normalized conditional soft cluster share",domain soft prevalence with deterministic parent-rule modifier; base shares normalized exactly,kr-v0.2.1,RUN-P2-20260824T170416Z
ARC-06-002,DOM-24-SUB-01,0.13893533879710457,0.21790691092847783,0.2968784830598511,24336.762074476523,84827.56060228788,231154.87078926695,389283.48,"N(P,k)=Σw_i×P(P|x_i)×P(k|P,x_i); implemented as parent exploratory count × normalized conditional soft cluster share",domain soft prevalence with deterministic parent-rule modifier; base shares normalized exactly,kr-v0.2.1,RUN-P2-20260824T170416Z
ARC-06-002,DOM-24-SUB-02,0.06322766410418941,0.11495938928034438,0.16669111445649934,11075.34361776534,44751.79111772715,129788.6685042884,389283.48,"N(P,k)=Σw_i×P(P|x_i)×P(k|P,x_i); implemented as parent exploratory count × normalized conditional soft cluster share",domain soft prevalence with deterministic parent-rule modifier; base shares normalized exactly,kr-v0.2.1,RUN-P2-20260824T170416Z
ARC-06-002,DOM-24-SUB-03,0.03632074043957706,0.0660377098901401,0.09575467934070314,6362.16261535633,25707.389517264153,74556.29758794492,389283.48,"N(P,k)=Σw_i×P(P|x_i)×P(k|P,x_i); implemented as parent exploratory count × normalized conditional soft cluster share",domain soft prevalence with deterministic parent-rule modifier; base shares normalized exactly,kr-v0.2.1,RUN-P2-20260824T170416Z
ARC-06-002,DOM-24-SUB-04,0.30721766585049,0.39281272189460925,0.4784077779387285,53814.12176061301,152915.50336740568,372496.81066213467,389283.48,"N(P,k)=Σw_i×P(P|x_i)×P(k|P,x_i); implemented as parent exploratory count × normalized conditional soft cluster share",domain soft prevalence with deterministic parent-rule modifier; base shares normalized exactly,kr-v0.2.1,RUN-P2-20260824T170416Z
ARC-06-002,DOM-24-SUB-05,0.13698551317348534,0.20828326800642838,0.2795810228393714,23995.218715532857,81081.2353953151,217686.76039932878,389283.48,"N(P,k)=Σw_i×P(P|x_i)×P(k|P,x_i); implemented as parent exploratory count × normalized conditional soft cluster share",domain soft prevalence with deterministic parent-rule modifier; base shares normalized exactly,kr-v0.2.1,RUN-P2-20260824T170416Z
ARC-06-003,DOM-24-SUB-01,0.13091036208499549,0.2053204955445388,0.2797306290040821,24857.735215499582,86643.4505122544,236103.16583070808,421991.24000000005,"N(P,k)=Σw_i×P(P|x_i)×P(k|P,x_i); implemented as parent exploratory count × normalized conditional soft cluster share",domain soft prevalence with deterministic parent-rule modifier; base shares normalized exactly,kr-v0.2.1,RUN-P2-20260824T170416Z
ARC-06-003,DOM-24-SUB-02,0.06873414709558316,0.12497117653742393,0.18120820597926468,13051.489596032805,52736.741751286434,152946.53738323055,421991.24000000005,"N(P,k)=Σw_i×P(P|x_i)×P(k|P,x_i); implemented as parent exploratory count × normalized conditional soft cluster share",domain soft prevalence with deterministic parent-rule modifier; base shares normalized exactly,kr-v0.2.1,RUN-P2-20260824T170416Z
ARC-06-003,DOM-24-SUB-03,0.037509458723083804,0.06819901586015237,0.09888857299722092,7122.432312957424,28779.387269605366,83465.67278760247,421991.24000000005,"N(P,k)=Σw_i×P(P|x_i)×P(k|P,x_i); implemented as parent exploratory count × normalized conditional soft cluster share",domain soft prevalence with deterministic parent-rule modifier; base shares normalized exactly,kr-v0.2.1,RUN-P2-20260824T170416Z
ARC-06-003,DOM-24-SUB-04,0.2966522861860279,0.3793036825222867,0.4619550788585455,56329.413987084845,160062.8313241461,389907.4512447665,421991.24000000005,"N(P,k)=Σw_i×P(P|x_i)×P(k|P,x_i); implemented as parent exploratory count × normalized conditional soft cluster share",domain soft prevalence with deterministic parent-rule modifier; base shares normalized exactly,kr-v0.2.1,RUN-P2-20260824T170416Z
ARC-06-003,DOM-24-SUB-05,0.14614209044882012,0.22220562953559825,0.29826916862237635,27749.991141707615,93768.82914270773,251750.39012409575,421991.24000000005,"N(P,k)=Σw_i×P(P|x_i)×P(k|P,x_i); implemented as parent exploratory count × normalized conditional soft cluster share",domain soft prevalence with deterministic parent-rule modifier; base shares normalized exactly,kr-v0.2.1,RUN-P2-20260824T170416Z
ARC-06-004,DOM-24-SUB-01,0.129323983203992,0.20283241062305982,0.27634083804212767,29537.183086439632,102954.00762920614,280549.389394141,507581.6400000001,"N(P,k)=Σw_i×P(P|x_i)×P(k|P,x_i); implemented as parent exploratory count × normalized conditional soft cluster share",domain soft prevalence with deterministic parent-rule modifier; base shares normalized exactly,kr-v0.2.1,RUN-P2-20260824T170416Z
ARC-06-004,DOM-24-SUB-02,0.07616134463226584,0.13847517205866516,0.20078899948506448,17395.00690265796,70287.45493281946,203846.9290377115,507581.6400000001,"N(P,k)=Σw_i×P(P|x_i)×P(k|P,x_i); implemented as parent exploratory count × normalized conditional soft cluster share",domain soft prevalence with deterministic parent-rule modifier; base shares normalized exactly,kr-v0.2.1,RUN-P2-20260824T170416Z
ARC-06-004,DOM-24-SUB-03,0.03192856479443993,0.05805193598989078,0.08417530718534162,7292.381820107067,29466.09687492379,85457.26067933442,507581.6400000001,"N(P,k)=Σw_i×P(P|x_i)×P(k|P,x_i); implemented as parent exploratory count × normalized conditional soft cluster share",domain soft prevalence with deterministic parent-rule modifier; base shares normalized exactly,kr-v0.2.1,RUN-P2-20260824T170416Z
ARC-06-004,DOM-24-SUB-04,0.2732449437543354,0.3493747333928216,0.4255045230313078,62408.268993578065,177336.20015009117,431984.7727416969,507581.6400000001,"N(P,k)=Σw_i×P(P|x_i)×P(k|P,x_i); implemented as parent exploratory count × normalized conditional soft cluster share",domain soft prevalence with deterministic parent-rule modifier; base shares normalized exactly,kr-v0.2.1,RUN-P2-20260824T170416Z
ARC-06-004,DOM-24-SUB-05,0.1652545965565047,0.25126574793556267,0.33727689931462057,37743.619964641824,127537.88041295954,342413.48050424916,507581.6400000001,"N(P,k)=Σw_i×P(P|x_i)×P(k|P,x_i); implemented as parent exploratory count × normalized conditional soft cluster share",domain soft prevalence with deterministic parent-rule modifier; base shares normalized exactly,kr-v0.2.1,RUN-P2-20260824T170416Z
ARC-06-005,DOM-24-SUB-01,0.14419453160495024,0.22615545639327503,0.30811638118159984,26448.00590576123,92186.45508038012,251207.83812862705,407624.27999999997,"N(P,k)=Σw_i×P(P|x_i)×P(k|P,x_i); implemented as parent exploratory count × normalized conditional soft cluster share",domain soft prevalence with deterministic parent-rule modifier; base shares normalized exactly,kr-v0.2.1,RUN-P2-20260824T170416Z
ARC-06-005,DOM-24-SUB-02,0.06608201314358539,0.12014911480651887,0.17421621646945235,12120.691779591296,48975.69641564459,142038.7937129698,407624.27999999997,"N(P,k)=Σw_i×P(P|x_i)×P(k|P,x_i); implemented as parent exploratory count × normalized conditional soft cluster share",domain soft prevalence with deterministic parent-rule modifier; base shares normalized exactly,kr-v0.2.1,RUN-P2-20260824T170416Z
ARC-06-005,DOM-24-SUB-03,0.030647270528916807,0.05572231005257601,0.08079734957623522,5621.289399274467,22713.766515118055,65874.2240050075,407624.27999999997,"N(P,k)=Σw_i×P(P|x_i)×P(k|P,x_i); implemented as parent exploratory count × normalized conditional soft cluster share",domain soft prevalence with deterministic parent-rule modifier; base shares normalized exactly,kr-v0.2.1,RUN-P2-20260824T170416Z
ARC-06-005,DOM-24-SUB-04,0.2805105038361812,0.3586645781806783,0.4368186525251754,51450.934924585476,146200.39044240268,356139.0307594014,407624.27999999997,"N(P,k)=Σw_i×P(P|x_i)×P(k|P,x_i); implemented as parent exploratory count × normalized conditional soft cluster share",domain soft prevalence with deterministic parent-rule modifier; base shares normalized exactly,kr-v0.2.1,RUN-P2-20260824T170416Z
ARC-06-005,DOM-24-SUB-05,0.15739047860219835,0.23930854056695167,0.321226602531705,28868.392311755484,97547.97154645452,261896.6251061899,407624.27999999997,"N(P,k)=Σw_i×P(P|x_i)×P(k|P,x_i); implemented as parent exploratory count × normalized conditional soft cluster share",domain soft prevalence with deterministic parent-rule modifier; base shares normalized exactly,kr-v0.2.1,RUN-P2-20260824T170416Z
ARC-07-001,DOM-19-SUB-01,0.3920493003983924,0.4607690040409635,0.5294887076835345,276537.4564534229,722244.1342089913,1659921.1748207526,1567475.52,"N(P,k)=Σw_i×P(P|x_i)×P(k|P,x_i); implemented as parent exploratory count × normalized conditional soft cluster share",domain soft prevalence with deterministic parent-rule modifier; base shares normalized exactly,kr-v0.2.1,RUN-P2-20260824T170416Z
ARC-07-001,DOM-19-SUB-02,0.10647598808157631,0.1796584498556664,0.25284091162975647,75104.32715355718,281610.22210990463,792643.8788682532,1567475.52,"N(P,k)=Σw_i×P(P|x_i)×P(k|P,x_i); implemented as parent exploratory count × normalized conditional soft cluster share",domain soft prevalence with deterministic parent-rule modifier; base shares normalized exactly,kr-v0.2.1,RUN-P2-20260824T170416Z
ARC-07-001,DOM-19-SUB-03,0.1250820952045048,0.19719925332624322,0.26931641144798163,88228.40500051681,309105.0021511648,844293.7641579179,1567475.52,"N(P,k)=Σw_i×P(P|x_i)×P(k|P,x_i); implemented as parent exploratory count × normalized conditional soft cluster share",domain soft prevalence with deterministic parent-rule modifier; base shares normalized exactly,kr-v0.2.1,RUN-P2-20260824T170416Z
ARC-07-001,DOM-19-SUB-04,0.09656201568280683,0.16237329277712684,0.22818456987144686,68111.3680850951,254516.16152993936,715347.454630445,1567475.52,"N(P,k)=Σw_i×P(P|x_i)×P(k|P,x_i); implemented as parent exploratory count × normalized conditional soft cluster share",domain soft prevalence with deterministic parent-rule modifier; base shares normalized exactly,kr-v0.2.1,RUN-P2-20260824T170416Z
ARC-07-002,DOM-19-SUB-01,0.3886946927251452,0.45682638959176136,0.5249580864583775,229280.52391659422,598821.2794421789,1376260.567028297,1310829.0,"N(P,k)=Σw_i×P(P|x_i)×P(k|P,x_i); implemented as parent exploratory count × normalized conditional soft cluster share",domain soft prevalence with deterministic parent-rule modifier; base shares normalized exactly,kr-v0.2.1,RUN-P2-20260824T170416Z
ARC-07-002,DOM-19-SUB-02,0.10321622723707564,0.17415820899596668,0.2451001907548577,60884.47076982689,228291.630939974,642568.8758939988,1310829.0,"N(P,k)=Σw_i×P(P|x_i)×P(k|P,x_i); implemented as parent exploratory count × normalized conditional soft cluster share",domain soft prevalence with deterministic parent-rule modifier; base shares normalized exactly,kr-v0.2.1,RUN-P2-20260824T170416Z
ARC-07-002,DOM-19-SUB-03,0.12025047619440858,0.1895819228075141,0.2589133694206196,70932.5151567482,248509.4822918509,678782.3062485227,1310829.0,"N(P,k)=Σw_i×P(P|x_i)×P(k|P,x_i); implemented as parent exploratory count × normalized conditional soft cluster share",domain soft prevalence with deterministic parent-rule modifier; base shares normalized exactly,kr-v0.2.1,RUN-P2-20260824T170416Z
ARC-07-002,DOM-19-SUB-04,0.10670756304015744,0.17943347860475775,0.25215939416935806,62943.91566856494,235206.60732599624,661075.692999251,1310829.0,"N(P,k)=Σw_i×P(P|x_i)×P(k|P,x_i); implemented as parent exploratory count × normalized conditional soft cluster share",domain soft prevalence with deterministic parent-rule modifier; base shares normalized exactly,kr-v0.2.1,RUN-P2-20260824T170416Z
ARC-07-003,DOM-19-SUB-01,0.43762940466888717,0.5143385403912578,0.5910476761136284,280156.1170994464,731695.137551548,1681642.25198643,1422594.42,"N(P,k)=Σw_i×P(P|x_i)×P(k|P,x_i); implemented as parent exploratory count × normalized conditional soft cluster share",domain soft prevalence with deterministic parent-rule modifier; base shares normalized exactly,kr-v0.2.1,RUN-P2-20260824T170416Z
ARC-07-003,DOM-19-SUB-02,0.08412504657995017,0.1419453882034905,0.19976572982703084,53854.119831094744,201930.71720301942,568371.2251183232,1422594.42,"N(P,k)=Σw_i×P(P|x_i)×P(k|P,x_i); implemented as parent exploratory count × normalized conditional soft cluster share",domain soft prevalence with deterministic parent-rule modifier; base shares normalized exactly,kr-v0.2.1,RUN-P2-20260824T170416Z
ARC-07-003,DOM-19-SUB-03,0.11740800952766381,0.18510060752917346,0.25279320553068313,75160.79064781262,263323.09140961216,719244.4072037259,1422594.42,"N(P,k)=Σw_i×P(P|x_i)×P(k|P,x_i); implemented as parent exploratory count × normalized conditional soft cluster share",domain soft prevalence with deterministic parent-rule modifier; base shares normalized exactly,kr-v0.2.1,RUN-P2-20260824T170416Z
ARC-07-003,DOM-19-SUB-04,0.09432726680834498,0.15861546387607836,0.22290366094381175,60385.24953693125,225645.4738358204,634203.008512477,1422594.42,"N(P,k)=Σw_i×P(P|x_i)×P(k|P,x_i); implemented as parent exploratory count × normalized conditional soft cluster share",domain soft prevalence with deterministic parent-rule modifier; base shares normalized exactly,kr-v0.2.1,RUN-P2-20260824T170416Z
ARC-07-004,DOM-19-SUB-01,0.43903953694383036,0.5159958453353843,0.5929521537269382,314135.27408612927,820439.8853109955,1885602.7675278513,1590012.58,"N(P,k)=Σw_i×P(P|x_i)×P(k|P,x_i); implemented as parent exploratory count × normalized conditional soft cluster share",domain soft prevalence with deterministic parent-rule modifier; base shares normalized exactly,kr-v0.2.1,RUN-P2-20260824T170416Z
ARC-07-004,DOM-19-SUB-02,0.09047027718771432,0.15265178610133623,0.21483329501495815,64731.99548004876,242718.26026059376,683175.2833532696,1590012.58,"N(P,k)=Σw_i×P(P|x_i)×P(k|P,x_i); implemented as parent exploratory count × normalized conditional soft cluster share",domain soft prevalence with deterministic parent-rule modifier; base shares normalized exactly,kr-v0.2.1,RUN-P2-20260824T170416Z
ARC-07-004,DOM-19-SUB-03,0.10732613136650046,0.16920593577573798,0.2310857401849755,76792.45456596075,269039.56649409543,734858.4679054451,1590012.58,"N(P,k)=Σw_i×P(P|x_i)×P(k|P,x_i); implemented as parent exploratory count × normalized conditional soft cluster share",domain soft prevalence with deterministic parent-rule modifier; base shares normalized exactly,kr-v0.2.1,RUN-P2-20260824T170416Z
ARC-07-004,DOM-19-SUB-04,0.0964271039772087,0.16214643278754143,0.22786576159787417,68994.13876952845,257814.86793431535,724618.8549838017,1590012.58,"N(P,k)=Σw_i×P(P|x_i)×P(k|P,x_i); implemented as parent exploratory count × normalized conditional soft cluster share",domain soft prevalence with deterministic parent-rule modifier; base shares normalized exactly,kr-v0.2.1,RUN-P2-20260824T170416Z
ARC-07-005,DOM-19-SUB-01,0.4203690288865908,0.49405270860811284,0.5677363883296348,243657.61176359208,636370.5051336018,1462559.301585109,1288061.9700000002,"N(P,k)=Σw_i×P(P|x_i)×P(k|P,x_i); implemented as parent exploratory count × normalized conditional soft cluster share",domain soft prevalence with deterministic parent-rule modifier; base shares normalized exactly,kr-v0.2.1,RUN-P2-20260824T170416Z
ARC-07-005,DOM-19-SUB-02,0.09438336724663458,0.15925439864147642,0.22412543003631827,54707.23167792013,205129.53444530547,577374.8858793547,1288061.9700000002,"N(P,k)=Σw_i×P(P|x_i)×P(k|P,x_i); implemented as parent exploratory count × normalized conditional soft cluster share",domain soft prevalence with deterministic parent-rule modifier; base shares normalized exactly,kr-v0.2.1,RUN-P2-20260824T170416Z
ARC-07-005,DOM-19-SUB-03,0.12495024909858148,0.19699139021362472,0.26903253132866795,72424.64880265931,253737.1181516002,693061.1445945816,1288061.9700000002,"N(P,k)=Σw_i×P(P|x_i)×P(k|P,x_i); implemented as parent exploratory count × normalized conditional soft cluster share",domain soft prevalence with deterministic parent-rule modifier; base shares normalized exactly,kr-v0.2.1,RUN-P2-20260824T170416Z
ARC-07-005,DOM-19-SUB-04,0.08902620984313249,0.14970150253678607,0.21037679523043967,51602.07385448038,192824.8122694927,541956.6986136135,1288061.9700000002,"N(P,k)=Σw_i×P(P|x_i)×P(k|P,x_i); implemented as parent exploratory count × normalized conditional soft cluster share",domain soft prevalence with deterministic parent-rule modifier; base shares normalized exactly,kr-v0.2.1,RUN-P2-20260824T170416Z
ARC-08-001,DOM-14-SUB-01,0.26893819254765855,0.34550867686615944,0.42207916118466027,149955.97255349267,428112.32469709084,1045978.3096617291,1239078.36,"N(P,k)=Σw_i×P(P|x_i)×P(k|P,x_i); implemented as parent exploratory count × normalized conditional soft cluster share",domain soft prevalence with deterministic parent-rule modifier; base shares normalized exactly,kr-v0.2.1,RUN-P2-20260824T170416Z
ARC-08-001,DOM-14-SUB-02,0.24998287943046896,0.3264804373724951,0.4029779953145213,139386.76932275246,404534.844911594,998642.6271008095,1239078.36,"N(P,k)=Σw_i×P(P|x_i)×P(k|P,x_i); implemented as parent exploratory count × normalized conditional soft cluster share",domain soft prevalence with deterministic parent-rule modifier; base shares normalized exactly,kr-v0.2.1,RUN-P2-20260824T170416Z
ARC-08-001,DOM-14-SUB-03,0.24614773106887639,0.32801088576134546,0.40987404045381454,137248.347118745,406431.1903913153,1015732.1077041724,1239078.36,"N(P,k)=Σw_i×P(P|x_i)×P(k|P,x_i); implemented as parent exploratory count × normalized conditional soft cluster share",domain soft prevalence with deterministic parent-rule modifier; base shares normalized exactly,kr-v0.2.1,RUN-P2-20260824T170416Z
ARC-08-002,DOM-14-SUB-01,0.2911373786573138,0.3740282833511826,0.4569191880450513,208220.0561929994,594451.6299512181,1452384.0478359864,1589322.6700000002,"N(P,k)=Σw_i×P(P|x_i)×P(k|P,x_i); implemented as parent exploratory count × normalized conditional soft cluster share",domain soft prevalence with deterministic parent-rule modifier; base shares normalized exactly,kr-v0.2.1,RUN-P2-20260824T170416Z
ARC-08-002,DOM-14-SUB-02,0.2582959692067627,0.33733742562810914,0.41637888204945567,184732.03774346845,536138.0179901929,1323520.7931009121,1589322.6700000002,"N(P,k)=Σw_i×P(P|x_i)×P(k|P,x_i); implemented as parent exploratory count × normalized conditional soft cluster share",domain soft prevalence with deterministic parent-rule modifier; base shares normalized exactly,kr-v0.2.1,RUN-P2-20260824T170416Z
ARC-08-002,DOM-14-SUB-03,0.21659853049850714,0.28863429102070837,0.3606700515429096,154910.22966448372,458733.02205858903,1146442.1786144294,1589322.6700000002,"N(P,k)=Σw_i×P(P|x_i)×P(k|P,x_i); implemented as parent exploratory count × normalized conditional soft cluster share",domain soft prevalence with deterministic parent-rule modifier; base shares normalized exactly,kr-v0.2.1,RUN-P2-20260824T170416Z
ARC-08-003,DOM-14-SUB-01,0.28421325382998724,0.3651327628418679,0.4460522718537485,203562.07769083313,581153.4733590217,1419893.5481434949,1591622.3699999999,"N(P,k)=Σw_i×P(P|x_i)×P(k|P,x_i); implemented as parent exploratory count × normalized conditional soft cluster share",domain soft prevalence with deterministic parent-rule modifier; base shares normalized exactly,kr-v0.2.1,RUN-P2-20260824T170416Z
ARC-08-003,DOM-14-SUB-02,0.24163678195589505,0.3155803406936333,0.38952389943137156,173067.5284091167,502284.729780208,1239949.9039692024,1591622.3699999999,"N(P,k)=Σw_i×P(P|x_i)×P(k|P,x_i); implemented as parent exploratory count × normalized conditional soft cluster share",domain soft prevalence with deterministic parent-rule modifier; base shares normalized exactly,kr-v0.2.1,RUN-P2-20260824T170416Z
ARC-08-003,DOM-14-SUB-03,0.23960102708890432,0.3192868964644988,0.39897276584009334,171609.45956535422,508184.1668607702,1270027.9582637288,1591622.3699999999,"N(P,k)=Σw_i×P(P|x_i)×P(k|P,x_i); implemented as parent exploratory count × normalized conditional soft cluster share",domain soft prevalence with deterministic parent-rule modifier; base shares normalized exactly,kr-v0.2.1,RUN-P2-20260824T170416Z
ARC-08-004,DOM-14-SUB-01,0.27503505168214715,0.35334139750967014,0.43164774333719313,124893.07647546905,356559.75816109136,871158.6927533919,1009108.3600000001,"N(P,k)=Σw_i×P(P|x_i)×P(k|P,x_i); implemented as parent exploratory count × normalized conditional soft cluster share",domain soft prevalence with deterministic parent-rule modifier; base shares normalized exactly,kr-v0.2.1,RUN-P2-20260824T170416Z
ARC-08-004,DOM-14-SUB-02,0.2611015462440269,0.3410015406278847,0.4209015350117425,118565.88890569839,344107.5054204781,849470.5154343642,1009108.3600000001,"N(P,k)=Σw_i×P(P|x_i)×P(k|P,x_i); implemented as parent exploratory count × normalized conditional soft cluster share",domain soft prevalence with deterministic parent-rule modifier; base shares normalized exactly,kr-v0.2.1,RUN-P2-20260824T170416Z
ARC-08-004,DOM-14-SUB-03,0.22937285172102775,0.3056570618624452,0.3819412720038626,104157.92800292828,308441.0964184306,770840.2612162634,1009108.3600000001,"N(P,k)=Σw_i×P(P|x_i)×P(k|P,x_i); implemented as parent exploratory count × normalized conditional soft cluster share",domain soft prevalence with deterministic parent-rule modifier; base shares normalized exactly,kr-v0.2.1,RUN-P2-20260824T170416Z
ARC-08-005,DOM-14-SUB-01,0.27268710129884677,0.3503249526432991,0.4279628039877514,146233.10547777402,417483.83654030453,1020010.4329266669,1191704.54,"N(P,k)=Σw_i×P(P|x_i)×P(k|P,x_i); implemented as parent exploratory count × normalized conditional soft cluster share",domain soft prevalence with deterministic parent-rule modifier; base shares normalized exactly,kr-v0.2.1,RUN-P2-20260824T170416Z
ARC-08-005,DOM-14-SUB-02,0.2733453014116451,0.3569920218612908,0.4406387423109365,146586.07650596666,425429.0131958795,1050222.3794236663,1191704.54,"N(P,k)=Σw_i×P(P|x_i)×P(k|P,x_i); implemented as parent exploratory count × normalized conditional soft cluster share",domain soft prevalence with deterministic parent-rule modifier; base shares normalized exactly,kr-v0.2.1,RUN-P2-20260824T170416Z
ARC-08-005,DOM-14-SUB-03,0.2196368040677974,0.29268302549541014,0.3657292469230229,117783.9794514081,348791.69026381604,871682.4079378948,1191704.54,"N(P,k)=Σw_i×P(P|x_i)×P(k|P,x_i); implemented as parent exploratory count × normalized conditional soft cluster share",domain soft prevalence with deterministic parent-rule modifier; base shares normalized exactly,kr-v0.2.1,RUN-P2-20260824T170416Z
ARC-09-001,DOM-15-SUB-01,0.5309317879509786,0.6016668314335346,0.6724018749160906,822976.8827472281,2072490.0997861458,4632285.364712459,3444580.9399999995,"N(P,k)=Σw_i×P(P|x_i)×P(k|P,x_i); implemented as parent exploratory count × normalized conditional soft cluster share",domain soft prevalence with deterministic parent-rule modifier; base shares normalized exactly,kr-v0.2.1,RUN-P2-20260824T170416Z
ARC-09-001,DOM-15-SUB-02,0.16288632058431035,0.23584362469382472,0.3088009288033391,252483.80187215027,812382.4544408618,2127379.5872205575,3444580.9399999995,"N(P,k)=Σw_i×P(P|x_i)×P(k|P,x_i); implemented as parent exploratory count × normalized conditional soft cluster share",domain soft prevalence with deterministic parent-rule modifier; base shares normalized exactly,kr-v0.2.1,RUN-P2-20260824T170416Z
ARC-09-001,DOM-15-SUB-03,0.0946056030448468,0.16248954387264058,0.23037348470043434,146644.49567946835,559708.3857729919,1587080.2289609953,3444580.9399999995,"N(P,k)=Σw_i×P(P|x_i)×P(k|P,x_i); implemented as parent exploratory count × normalized conditional soft cluster share",domain soft prevalence with deterministic parent-rule modifier; base shares normalized exactly,kr-v0.2.1,RUN-P2-20260824T170416Z
ARC-09-002,DOM-15-SUB-01,0.5426739219385017,0.6149733478465118,0.6872727737545219,603968.0177904405,1520963.4240025275,3399551.3947192635,2473218.4400000004,"N(P,k)=Σw_i×P(P|x_i)×P(k|P,x_i); implemented as parent exploratory count × normalized conditional soft cluster share",domain soft prevalence with deterministic parent-rule modifier; base shares normalized exactly,kr-v0.2.1,RUN-P2-20260824T170416Z
ARC-09-002,DOM-15-SUB-02,0.15840065458474845,0.22934881454213402,0.3002969744995196,176291.7389221817,567229.7173177461,1485400.0296168434,2473218.4400000004,"N(P,k)=Σw_i×P(P|x_i)×P(k|P,x_i); implemented as parent exploratory count × normalized conditional soft cluster share",domain soft prevalence with deterministic parent-rule modifier; base shares normalized exactly,kr-v0.2.1,RUN-P2-20260824T170416Z
ARC-09-002,DOM-15-SUB-03,0.09063965198575309,0.15567783761135423,0.22071602323695536,100877.24640885624,385025.2986797269,1091757.8773462132,2473218.4400000004,"N(P,k)=Σw_i×P(P|x_i)×P(k|P,x_i); implemented as parent exploratory count × normalized conditional soft cluster share",domain soft prevalence with deterministic parent-rule modifier; base shares normalized exactly,kr-v0.2.1,RUN-P2-20260824T170416Z
ARC-09-003,DOM-15-SUB-01,0.5611701418897497,0.6359337843924445,0.7106974268951394,586091.124274126,1475944.3164137274,3298927.824436572,2320908.8000000003,"N(P,k)=Σw_i×P(P|x_i)×P(k|P,x_i); implemented as parent exploratory count × normalized conditional soft cluster share",domain soft prevalence with deterministic parent-rule modifier; base shares normalized exactly,kr-v0.2.1,RUN-P2-20260824T170416Z
ARC-09-003,DOM-15-SUB-02,0.15506480512916054,0.22451882744305432,0.2939728497569481,161951.07185754925,521087.72237826633,1364568.3479239575,2320908.8000000003,"N(P,k)=Σw_i×P(P|x_i)×P(k|P,x_i); implemented as parent exploratory count × normalized conditional soft cluster share",domain soft prevalence with deterministic parent-rule modifier; base shares normalized exactly,kr-v0.2.1,RUN-P2-20260824T170416Z
ARC-09-003,DOM-15-SUB-03,0.08124808831381575,0.13954738816450105,0.19784668801518634,84856.23141782047,323876.7612080068,918368.2385306011,2320908.8000000003,"N(P,k)=Σw_i×P(P|x_i)×P(k|P,x_i); implemented as parent exploratory count × normalized conditional soft cluster share",domain soft prevalence with deterministic parent-rule modifier; base shares normalized exactly,kr-v0.2.1,RUN-P2-20260824T170416Z
ARC-09-004,DOM-15-SUB-01,0.528021908749395,0.5983692744990969,0.6687166402487988,488076.28836084524,1229115.0538658637,2747232.2671930315,2054107.9000000001,"N(P,k)=Σw_i×P(P|x_i)×P(k|P,x_i); implemented as parent exploratory count × normalized conditional soft cluster share",domain soft prevalence with deterministic parent-rule modifier; base shares normalized exactly,kr-v0.2.1,RUN-P2-20260824T170416Z
ARC-09-004,DOM-15-SUB-02,0.163147836323999,0.23622227416998337,0.30929671201596776,150805.46675746504,485226.0395285288,1270657.6391920487,2054107.9000000001,"N(P,k)=Σw_i×P(P|x_i)×P(k|P,x_i); implemented as parent exploratory count × normalized conditional soft cluster share",domain soft prevalence with deterministic parent-rule modifier; base shares normalized exactly,kr-v0.2.1,RUN-P2-20260824T170416Z
ARC-09-004,DOM-15-SUB-03,0.09630506624562384,0.1654084513309197,0.23451183641621554,89019.44882332168,339766.8066056077,963425.2316521121,2054107.9000000001,"N(P,k)=Σw_i×P(P|x_i)×P(k|P,x_i); implemented as parent exploratory count × normalized conditional soft cluster share",domain soft prevalence with deterministic parent-rule modifier; base shares normalized exactly,kr-v0.2.1,RUN-P2-20260824T170416Z
ARC-09-005,DOM-15-SUB-01,0.5653335281227929,0.6406518507424299,0.7159701733620669,494624.79381829087,1245606.055026974,2784091.8031377145,1944279.18,"N(P,k)=Σw_i×P(P|x_i)×P(k|P,x_i); implemented as parent exploratory count × normalized conditional soft cluster share",domain soft prevalence with deterministic parent-rule modifier; base shares normalized exactly,kr-v0.2.1,RUN-P2-20260824T170416Z
ARC-09-005,DOM-15-SUB-02,0.14834414175702113,0.21478795744521453,0.2812317731334079,129790.09183191517,417607.7537754566,1093586.1625155366,1944279.18,"N(P,k)=Σw_i×P(P|x_i)×P(k|P,x_i); implemented as parent exploratory count × normalized conditional soft cluster share",domain soft prevalence with deterministic parent-rule modifier; base shares normalized exactly,kr-v0.2.1,RUN-P2-20260824T170416Z
ARC-09-005,DOM-15-SUB-03,0.08416667187770581,0.14456019181235555,0.20495371174700527,73639.57850177171,281065.37119756936,796974.4692268475,1944279.18,"N(P,k)=Σw_i×P(P|x_i)×P(k|P,x_i); implemented as parent exploratory count × normalized conditional soft cluster share",domain soft prevalence with deterministic parent-rule modifier; base shares normalized exactly,kr-v0.2.1,RUN-P2-20260824T170416Z
ARC-10-001,DOM-02-SUB-01,0.33241470951963464,0.3913324882190751,0.4502502669185156,469851.2390882328,1229174.4767379912,2828470.17767093,3140997.7800000003,"N(P,k)=Σw_i×P(P|x_i)×P(k|P,x_i); implemented as parent exploratory count × normalized conditional soft cluster share",domain soft prevalence with deterministic parent-rule modifier; base shares normalized exactly,kr-v0.2.1,RUN-P2-20260824T170416Z
ARC-10-001,DOM-02-SUB-02,0.4455125887276691,0.49830371990139083,0.5510948510751126,629709.3234700478,1565170.8779760106,3461975.407592719,3140997.7800000003,"N(P,k)=Σw_i×P(P|x_i)×P(k|P,x_i); implemented as parent exploratory count × normalized conditional soft cluster share",domain soft prevalence with deterministic parent-rule modifier; base shares normalized exactly,kr-v0.2.1,RUN-P2-20260824T170416Z
ARC-10-001,DOM-02-SUB-03,0.06794199164677447,0.110363791879534,0.15278559211229353,96032.54021908373,346652.4252859984,959798.4112813991,3140997.7800000003,"N(P,k)=Σw_i×P(P|x_i)×P(k|P,x_i); implemented as parent exploratory count × normalized conditional soft cluster share",domain soft prevalence with deterministic parent-rule modifier; base shares normalized exactly,kr-v0.2.1,RUN-P2-20260824T170416Z
ARC-10-002,DOM-02-SUB-01,0.3027680612557766,0.35643121489932145,0.4100943685428663,363857.4776034154,951884.9530082773,2190395.4671290414,2670599.3,"N(P,k)=Σw_i×P(P|x_i)×P(k|P,x_i); implemented as parent exploratory count × normalized conditional soft cluster share",domain soft prevalence with deterministic parent-rule modifier; base shares normalized exactly,kr-v0.2.1,RUN-P2-20260824T170416Z
ARC-10-002,DOM-02-SUB-02,0.4784296736389629,0.5351213234318586,0.5918129732247542,574962.2781837493,1429094.631772195,3160990.6240498945,2670599.3,"N(P,k)=Σw_i×P(P|x_i)×P(k|P,x_i); implemented as parent exploratory count × normalized conditional soft cluster share",domain soft prevalence with deterministic parent-rule modifier; base shares normalized exactly,kr-v0.2.1,RUN-P2-20260824T170416Z
ARC-10-002,DOM-02-SUB-03,0.0667622633232777,0.10844746166882005,0.1501326600143624,80232.8641639025,289619.71521952766,801888.3534829884,2670599.3,"N(P,k)=Σw_i×P(P|x_i)×P(k|P,x_i); implemented as parent exploratory count × normalized conditional soft cluster share",domain soft prevalence with deterministic parent-rule modifier; base shares normalized exactly,kr-v0.2.1,RUN-P2-20260824T170416Z
ARC-10-003,DOM-02-SUB-01,0.30270719291690396,0.35635955814700987,0.41001192337711573,479870.6943893457,1255386.3023167518,2888786.567536581,3522808.0000000005,"N(P,k)=Σw_i×P(P|x_i)×P(k|P,x_i); implemented as parent exploratory count × normalized conditional soft cluster share",domain soft prevalence with deterministic parent-rule modifier; base shares normalized exactly,kr-v0.2.1,RUN-P2-20260824T170416Z
ARC-10-003,DOM-02-SUB-02,0.4824166539070121,0.5395807419735797,0.5967448300401474,764757.5614725841,1900839.3544704628,4204434.922448144,3522808.0000000005,"N(P,k)=Σw_i×P(P|x_i)×P(k|P,x_i); implemented as parent exploratory count × normalized conditional soft cluster share",domain soft prevalence with deterministic parent-rule modifier; base shares normalized exactly,kr-v0.2.1,RUN-P2-20260824T170416Z
ARC-10-003,DOM-02-SUB-03,0.06406107600661215,0.10405969987941029,0.14405832375220842,101553.6919701156,366582.34321278613,1014979.6307617398,3522808.0000000005,"N(P,k)=Σw_i×P(P|x_i)×P(k|P,x_i); implemented as parent exploratory count × normalized conditional soft cluster share",domain soft prevalence with deterministic parent-rule modifier; base shares normalized exactly,kr-v0.2.1,RUN-P2-20260824T170416Z
ARC-10-004,DOM-02-SUB-01,0.29943420899780765,0.35250646469391966,0.4055787203900316,454159.12965975364,1188122.4611402543,2734004.8238510005,3370498.3600000003,"N(P,k)=Σw_i×P(P|x_i)×P(k|P,x_i); implemented as parent exploratory count × normalized conditional soft cluster share",domain soft prevalence with deterministic parent-rule modifier; base shares normalized exactly,kr-v0.2.1,RUN-P2-20260824T170416Z
ARC-10-004,DOM-02-SUB-02,0.4851397110800182,0.5426264685212588,0.6001132259624995,735823.170254734,1828921.6222434947,4045361.2878418285,3370498.3600000003,"N(P,k)=Σw_i×P(P|x_i)×P(k|P,x_i); implemented as parent exploratory count × normalized conditional soft cluster share",domain soft prevalence with deterministic parent-rule modifier; base shares normalized exactly,kr-v0.2.1,RUN-P2-20260824T170416Z
ARC-10-004,DOM-02-SUB-03,0.06455810600720517,0.10486706678482154,0.1451760275624379,97916.84568989606,353454.2766162515,978631.1256210235,3370498.3600000003,"N(P,k)=Σw_i×P(P|x_i)×P(k|P,x_i); implemented as parent exploratory count × normalized conditional soft cluster share",domain soft prevalence with deterministic parent-rule modifier; base shares normalized exactly,kr-v0.2.1,RUN-P2-20260824T170416Z
ARC-10-005,DOM-02-SUB-01,0.32726409962445413,0.3852689749977755,0.44327385037109684,317383.44665310456,830304.571979366,1910625.1916814437,2155129.6,"N(P,k)=Σw_i×P(P|x_i)×P(k|P,x_i); implemented as parent exploratory count × normalized conditional soft cluster share",domain soft prevalence with deterministic parent-rule modifier; base shares normalized exactly,kr-v0.2.1,RUN-P2-20260824T170416Z
ARC-10-005,DOM-02-SUB-02,0.4378645774254178,0.4897494554918406,0.5416343335582634,424644.71022045444,1055473.5481143484,2334584.3692553737,2155129.6,"N(P,k)=Σw_i×P(P|x_i)×P(k|P,x_i); implemented as parent exploratory count × normalized conditional soft cluster share",domain soft prevalence with deterministic parent-rule modifier; base shares normalized exactly,kr-v0.2.1,RUN-P2-20260824T170416Z
ARC-10-005,DOM-02-SUB-03,0.07694096593694456,0.12498156951038387,0.1730221730838232,74617.98891448545,269351.4799062858,745770.4133385414,2155129.6,"N(P,k)=Σw_i×P(P|x_i)×P(k|P,x_i); implemented as parent exploratory count × normalized conditional soft cluster share",domain soft prevalence with deterministic parent-rule modifier; base shares normalized exactly,kr-v0.2.1,RUN-P2-20260824T170416Z
ARC-10-006,DOM-21-SUB-01,0.4221500893090707,0.46626987796642183,0.5103896666237729,679651.1162086767,1668184.168194939,3652065.0451856367,3577722.3600000003,"N(P,k)=Σw_i×P(P|x_i)×P(k|P,x_i); implemented as parent exploratory count × normalized conditional soft cluster share",domain soft prevalence with deterministic parent-rule modifier; base shares normalized exactly,kr-v0.2.1,RUN-P2-20260824T170416Z
ARC-10-006,DOM-21-SUB-02,0.17217614317754223,0.2167582512848562,0.26134035939217015,277199.2967871845,775500.8423363288,1870006.4947356065,3577722.3600000003,"N(P,k)=Σw_i×P(P|x_i)×P(k|P,x_i); implemented as parent exploratory count × normalized conditional soft cluster share",domain soft prevalence with deterministic parent-rule modifier; base shares normalized exactly,kr-v0.2.1,RUN-P2-20260824T170416Z
ARC-10-006,DOM-21-SUB-03,0.2695529038249971,0.316971870748722,0.364390837672447,433973.45304792974,1134037.3494687327,2607378.495439688,3577722.3600000003,"N(P,k)=Σw_i×P(P|x_i)×P(k|P,x_i); implemented as parent exploratory count × normalized conditional soft cluster share",domain soft prevalence with deterministic parent-rule modifier; base shares normalized exactly,kr-v0.2.1,RUN-P2-20260824T170416Z
ARC-10-007,DOM-21-SUB-01,0.4794803033493342,0.5295917925681538,0.5797032817869734,695605.7245169207,1707344.296612049,3737796.1885952153,3223887.3800000004,"N(P,k)=Σw_i×P(P|x_i)×P(k|P,x_i); implemented as parent exploratory count × normalized conditional soft cluster share",domain soft prevalence with deterministic parent-rule modifier; base shares normalized exactly,kr-v0.2.1,RUN-P2-20260824T170416Z
ARC-10-007,DOM-21-SUB-02,0.14333147350130906,0.18044474093131993,0.2175580083613308,207938.03785995365,581733.5230758518,1402765.0351480579,3223887.3800000004,"N(P,k)=Σw_i×P(P|x_i)×P(k|P,x_i); implemented as parent exploratory count × normalized conditional soft cluster share",domain soft prevalence with deterministic parent-rule modifier; base shares normalized exactly,kr-v0.2.1,RUN-P2-20260824T170416Z
ARC-10-007,DOM-21-SUB-03,0.2465849547272302,0.2899634665005261,0.3333419782738221,357732.955639345,934809.5603120995,2149313.9939624188,3223887.3800000004,"N(P,k)=Σw_i×P(P|x_i)×P(k|P,x_i); implemented as parent exploratory count × normalized conditional soft cluster share",domain soft prevalence with deterministic parent-rule modifier; base shares normalized exactly,kr-v0.2.1,RUN-P2-20260824T170416Z
ARC-10-008,DOM-21-SUB-01,0.45246271041417346,0.49975053449465184,0.5470383585751303,550084.845426131,1350167.473310061,2955848.3580129957,2701682.9,"N(P,k)=Σw_i×P(P|x_i)×P(k|P,x_i); implemented as parent exploratory count × normalized conditional soft cluster share",domain soft prevalence with deterministic parent-rule modifier; base shares normalized exactly,kr-v0.2.1,RUN-P2-20260824T170416Z
ARC-10-008,DOM-21-SUB-02,0.173237325859336,0.21809420932267912,0.26295109278602224,210614.54441215316,589221.3959161027,1420820.9418326193,2701682.9,"N(P,k)=Σw_i×P(P|x_i)×P(k|P,x_i); implemented as parent exploratory count × normalized conditional soft cluster share",domain soft prevalence with deterministic parent-rule modifier; base shares normalized exactly,kr-v0.2.1,RUN-P2-20260824T170416Z
ARC-10-008,DOM-21-SUB-03,0.23994485205855143,0.282155256182669,0.32436566030678665,291714.70668732823,762294.0307738361,1752666.3155961086,2701682.9,"N(P,k)=Σw_i×P(P|x_i)×P(k|P,x_i); implemented as parent exploratory count × normalized conditional soft cluster share",domain soft prevalence with deterministic parent-rule modifier; base shares normalized exactly,kr-v0.2.1,RUN-P2-20260824T170416Z
ARC-10-009,DOM-21-SUB-01,0.4468758656245649,0.49357979687256187,0.5402837281205589,389003.75094165996,954798.5476861631,2090288.6310039416,1934436.0400000003,"N(P,k)=Σw_i×P(P|x_i)×P(k|P,x_i); implemented as parent exploratory count × normalized conditional soft cluster share",domain soft prevalence with deterministic parent-rule modifier; base shares normalized exactly,kr-v0.2.1,RUN-P2-20260824T170416Z
ARC-10-009,DOM-21-SUB-02,0.15598158865927347,0.19637039003454643,0.23675919140981935,135781.38300552926,379865.9596716835,915991.025328826,1934436.0400000003,"N(P,k)=Σw_i×P(P|x_i)×P(k|P,x_i); implemented as parent exploratory count × normalized conditional soft cluster share",domain soft prevalence with deterministic parent-rule modifier; base shares normalized exactly,kr-v0.2.1,RUN-P2-20260824T170416Z
ARC-10-009,DOM-21-SUB-03,0.26366638544983106,0.31004981309289176,0.3564332407359525,229520.5913478082,599771.5326421536,1378994.6134672456,1934436.0400000003,"N(P,k)=Σw_i×P(P|x_i)×P(k|P,x_i); implemented as parent exploratory count × normalized conditional soft cluster share",domain soft prevalence with deterministic parent-rule modifier; base shares normalized exactly,kr-v0.2.1,RUN-P2-20260824T170416Z
ARC-10-010,DOM-21-SUB-01,0.4288475396569111,0.47366729285619424,0.5184870460554775,646944.3101834285,1587906.2510366447,3476316.9588868977,3352366.2600000002,"N(P,k)=Σw_i×P(P|x_i)×P(k|P,x_i); implemented as parent exploratory count × normalized conditional soft cluster share",domain soft prevalence with deterministic parent-rule modifier; base shares normalized exactly,kr-v0.2.1,RUN-P2-20260824T170416Z
ARC-10-010,DOM-21-SUB-02,0.16704422516577522,0.2102975096661941,0.2535507941666129,251997.04096811454,704994.275966973,1699990.255120716,3352366.2600000002,"N(P,k)=Σw_i×P(P|x_i)×P(k|P,x_i); implemented as parent exploratory count × normalized conditional soft cluster share",domain soft prevalence with deterministic parent-rule modifier; base shares normalized exactly,kr-v0.2.1,RUN-P2-20260824T170416Z
ARC-10-010,DOM-21-SUB-03,0.26875635680154464,0.3160351974776117,0.36331403815367885,405436.38421590894,1059465.7329963823,2435923.4465814917,3352366.2600000002,"N(P,k)=Σw_i×P(P|x_i)×P(k|P,x_i); implemented as parent exploratory count × normalized conditional soft cluster share",domain soft prevalence with deterministic parent-rule modifier; base shares normalized exactly,kr-v0.2.1,RUN-P2-20260824T170416Z
ARC-10-011,DOM-22-SUB-01,0.07987476426578666,0.1452268441196121,0.21057892397343753,99454.56962657585,401836.6449558619,1165326.2703719996,2766958.46,"N(P,k)=Σw_i×P(P|x_i)×P(k|P,x_i); implemented as parent exploratory count × normalized conditional soft cluster share",domain soft prevalence with deterministic parent-rule modifier; base shares normalized exactly,kr-v0.2.1,RUN-P2-20260824T170416Z
ARC-10-011,DOM-22-SUB-02,0.038175968784928745,0.06941085233623408,0.1006457358875394,47534.09390916953,192056.94508755364,556965.1407539055,2766958.46,"N(P,k)=Σw_i×P(P|x_i)×P(k|P,x_i); implemented as parent exploratory count × normalized conditional soft cluster share",domain soft prevalence with deterministic parent-rule modifier; base shares normalized exactly,kr-v0.2.1,RUN-P2-20260824T170416Z
ARC-10-011,DOM-22-SUB-03,0.3832430492932094,0.46571982926879224,0.5481966092443751,477187.9188651193,1288627.4215850404,3033674.4913840755,2766958.46,"N(P,k)=Σw_i×P(P|x_i)×P(k|P,x_i); implemented as parent exploratory count × normalized conditional soft cluster share",domain soft prevalence with deterministic parent-rule modifier; base shares normalized exactly,kr-v0.2.1,RUN-P2-20260824T170416Z
ARC-10-011,DOM-22-SUB-04,0.23645991406736785,0.3196424742753616,0.40282503448335527,294423.64185580943,884437.448371544,2229200.2741270233,2766958.46,"N(P,k)=Σw_i×P(P|x_i)×P(k|P,x_i); implemented as parent exploratory count × normalized conditional soft cluster share",domain soft prevalence with deterministic parent-rule modifier; base shares normalized exactly,kr-v0.2.1,RUN-P2-20260824T170416Z
ARC-10-012,DOM-22-SUB-01,0.07936756462724144,0.1443046629586208,0.20924176129000013,85038.51140977719,343589.94509000884,996410.8407610257,2381003.7600000002,"N(P,k)=Σw_i×P(P|x_i)×P(k|P,x_i); implemented as parent exploratory count × normalized conditional soft cluster share",domain soft prevalence with deterministic parent-rule modifier; base shares normalized exactly,kr-v0.2.1,RUN-P2-20260824T170416Z
ARC-10-012,DOM-22-SUB-02,0.040404293161151524,0.07346235120209367,0.10652040924303582,43291.24827157983,174914.13443062556,507250.98984881415,2381003.7600000002,"N(P,k)=Σw_i×P(P|x_i)×P(k|P,x_i); implemented as parent exploratory count × normalized conditional soft cluster share",domain soft prevalence with deterministic parent-rule modifier; base shares normalized exactly,kr-v0.2.1,RUN-P2-20260824T170416Z
ARC-10-012,DOM-22-SUB-03,0.372188035671236,0.45228569376109096,0.5323833518509459,398781.5005621022,1076893.9374393662,2535213.52503701,2381003.7600000002,"N(P,k)=Σw_i×P(P|x_i)×P(k|P,x_i); implemented as parent exploratory count × normalized conditional soft cluster share",domain soft prevalence with deterministic parent-rule modifier; base shares normalized exactly,kr-v0.2.1,RUN-P2-20260824T170416Z
ARC-10-012,DOM-22-SUB-04,0.24408304468435416,0.32994729207819457,0.4158115394720349,261523.19121556287,785605.7430399995,1980097.6778686072,2381003.7600000002,"N(P,k)=Σw_i×P(P|x_i)×P(k|P,x_i); implemented as parent exploratory count × normalized conditional soft cluster share",domain soft prevalence with deterministic parent-rule modifier; base shares normalized exactly,kr-v0.2.1,RUN-P2-20260824T170416Z
ARC-10-013,DOM-22-SUB-01,0.0767313110968068,0.13951147472146688,0.20229163834612698,109815.29368271874,443698.156293813,1286724.6532520577,3180370.34,"N(P,k)=Σw_i×P(P|x_i)×P(k|P,x_i); implemented as parent exploratory count × normalized conditional soft cluster share",domain soft prevalence with deterministic parent-rule modifier; base shares normalized exactly,kr-v0.2.1,RUN-P2-20260824T170416Z
ARC-10-013,DOM-22-SUB-02,0.03884021271236346,0.07061856856793355,0.10239692442350365,55586.81722936126,224593.20092671213,651320.2826874652,3180370.34,"N(P,k)=Σw_i×P(P|x_i)×P(k|P,x_i); implemented as parent exploratory count × normalized conditional soft cluster share",domain soft prevalence with deterministic parent-rule modifier; base shares normalized exactly,kr-v0.2.1,RUN-P2-20260824T170416Z
ARC-10-013,DOM-22-SUB-03,0.4137737277787814,0.5028209388596477,0.5918681499405141,592179.1610844916,1599156.800280177,3764719.8185229674,3180370.34,"N(P,k)=Σw_i×P(P|x_i)×P(k|P,x_i); implemented as parent exploratory count × normalized conditional soft cluster share",domain soft prevalence with deterministic parent-rule modifier; base shares normalized exactly,kr-v0.2.1,RUN-P2-20260824T170416Z
ARC-10-013,DOM-22-SUB-04,0.21234845665625088,0.2870490178509518,0.36174957904565275,303906.02998244215,912922.1824992977,2300995.263408559,3180370.34,"N(P,k)=Σw_i×P(P|x_i)×P(k|P,x_i); implemented as parent exploratory count × normalized conditional soft cluster share",domain soft prevalence with deterministic parent-rule modifier; base shares normalized exactly,kr-v0.2.1,RUN-P2-20260824T170416Z
ARC-10-014,DOM-22-SUB-01,0.08786204487701324,0.1597491725036604,0.2316363001303076,128018.84335027167,517247.85192028945,1500018.7705688393,3237875.0,"N(P,k)=Σw_i×P(P|x_i)×P(k|P,x_i); implemented as parent exploratory count × normalized conditional soft cluster share",domain soft prevalence with deterministic parent-rule modifier; base shares normalized exactly,kr-v0.2.1,RUN-P2-20260824T170416Z
ARC-10-014,DOM-22-SUB-02,0.03895917018488314,0.0708348548816057,0.10271053957832825,56765.21542307032,229354.40574977905,665127.7766743592,3237875.0,"N(P,k)=Σw_i×P(P|x_i)×P(k|P,x_i); implemented as parent exploratory count × normalized conditional soft cluster share",domain soft prevalence with deterministic parent-rule modifier; base shares normalized exactly,kr-v0.2.1,RUN-P2-20260824T170416Z
ARC-10-014,DOM-22-SUB-03,0.3801543416534334,0.4619664085679848,0.5437784754825362,553901.5075414998,1495789.4851420638,3521373.462606034,3237875.0,"N(P,k)=Σw_i×P(P|x_i)×P(k|P,x_i); implemented as parent exploratory count × normalized conditional soft cluster share",domain soft prevalence with deterministic parent-rule modifier; base shares normalized exactly,kr-v0.2.1,RUN-P2-20260824T170416Z
ARC-10-014,DOM-22-SUB-04,0.22744004112518457,0.30744956404674906,0.3874590869683135,331390.09042119316,995483.2571878677,2509088.182435056,3237875.0,"N(P,k)=Σw_i×P(P|x_i)×P(k|P,x_i); implemented as parent exploratory count × normalized conditional soft cluster share",domain soft prevalence with deterministic parent-rule modifier; base shares normalized exactly,kr-v0.2.1,RUN-P2-20260824T170416Z
ARC-10-015,DOM-22-SUB-01,0.08032200851334424,0.1460400154788077,0.21175802244427117,122874.95190196644,496464.4521291574,1439746.9111745562,3399509.7200000007,"N(P,k)=Σw_i×P(P|x_i)×P(k|P,x_i); implemented as parent exploratory count × normalized conditional soft cluster share",domain soft prevalence with deterministic parent-rule modifier; base shares normalized exactly,kr-v0.2.1,RUN-P2-20260824T170416Z
ARC-10-015,DOM-22-SUB-02,0.039749208496752474,0.07227128817591358,0.10479336785507469,60807.51929115749,245686.94663093932,712492.145229724,3399509.7200000007,"N(P,k)=Σw_i×P(P|x_i)×P(k|P,x_i); implemented as parent exploratory count × normalized conditional soft cluster share",domain soft prevalence with deterministic parent-rule modifier; base shares normalized exactly,kr-v0.2.1,RUN-P2-20260824T170416Z
ARC-10-015,DOM-22-SUB-03,0.40938379166586747,0.4974862555541639,0.5855887194424604,626266.8805403573,1691209.3613227846,3981429.087333995,3399509.7200000007,"N(P,k)=Σw_i×P(P|x_i)×P(k|P,x_i); implemented as parent exploratory count × normalized conditional soft cluster share",domain soft prevalence with deterministic parent-rule modifier; base shares normalized exactly,kr-v0.2.1,RUN-P2-20260824T170416Z
ARC-10-015,DOM-22-SUB-04,0.21024266214792983,0.2842024407911148,0.3581622194342997,321624.8880887537,966148.9599171194,2435151.89260735,3399509.7200000007,"N(P,k)=Σw_i×P(P|x_i)×P(k|P,x_i); implemented as parent exploratory count × normalized conditional soft cluster share",domain soft prevalence with deterministic parent-rule modifier; base shares normalized exactly,kr-v0.2.1,RUN-P2-20260824T170416Z
ARC-11-001,DOM-08-SUB-01,0.57440238976971,0.6547735029746561,0.7351446161796021,805728.6835196965,2041038.36904247,4583137.104971228,3117167.02,"N(P,k)=Σw_i×P(P|x_i)×P(k|P,x_i); implemented as parent exploratory count × normalized conditional soft cluster share",domain soft prevalence with deterministic parent-rule modifier; base shares normalized exactly,kr-v0.2.1,RUN-P2-20260824T170416Z
ARC-11-001,DOM-08-SUB-02,0.127294209398576,0.1955650924510699,0.2638359755035638,178558.7901183968,609609.056451726,1644841.603058474,3117167.02,"N(P,k)=Σw_i×P(P|x_i)×P(k|P,x_i); implemented as parent exploratory count × normalized conditional soft cluster share",domain soft prevalence with deterministic parent-rule modifier; base shares normalized exactly,kr-v0.2.1,RUN-P2-20260824T170416Z
ARC-11-001,DOM-08-SUB-03,0.08231377251585072,0.14966140457427402,0.21700903663269733,115463.59964018653,466519.5945058041,1352906.824066832,3117167.02,"N(P,k)=Σw_i×P(P|x_i)×P(k|P,x_i); implemented as parent exploratory count × normalized conditional soft cluster share",domain soft prevalence with deterministic parent-rule modifier; base shares normalized exactly,kr-v0.2.1,RUN-P2-20260824T170416Z
ARC-11-002,DOM-08-SUB-01,0.5571087808995804,0.6350601503482715,0.7130115197969625,674062.1425891899,1707506.1671301182,3834192.9236796293,2688731.4,"N(P,k)=Σw_i×P(P|x_i)×P(k|P,x_i); implemented as parent exploratory count × normalized conditional soft cluster share",domain soft prevalence with deterministic parent-rule modifier; base shares normalized exactly,kr-v0.2.1,RUN-P2-20260824T170416Z
ARC-11-002,DOM-08-SUB-02,0.1428694615714904,0.21949371925613814,0.29611797694078584,172861.92334276185,590159.6550667633,1592363.4054103335,2688731.4,"N(P,k)=Σw_i×P(P|x_i)×P(k|P,x_i); implemented as parent exploratory count × normalized conditional soft cluster share",domain soft prevalence with deterministic parent-rule modifier; base shares normalized exactly,kr-v0.2.1,RUN-P2-20260824T170416Z
ARC-11-002,DOM-08-SUB-03,0.07999537171757476,0.14544613039559046,0.21089688907360615,96788.73050627184,391065.57780311845,1134090.1756290435,2688731.4,"N(P,k)=Σw_i×P(P|x_i)×P(k|P,x_i); implemented as parent exploratory count × normalized conditional soft cluster share",domain soft prevalence with deterministic parent-rule modifier; base shares normalized exactly,kr-v0.2.1,RUN-P2-20260824T170416Z
ARC-11-003,DOM-08-SUB-01,0.5865214457202234,0.6685882726531821,0.7506550995861409,761334.8289054984,1928581.7040749798,4330616.465608816,2884558.0800000005,"N(P,k)=Σw_i×P(P|x_i)×P(k|P,x_i); implemented as parent exploratory count × normalized conditional soft cluster share",domain soft prevalence with deterministic parent-rule modifier; base shares normalized exactly,kr-v0.2.1,RUN-P2-20260824T170416Z
ARC-11-003,DOM-08-SUB-02,0.1315622431437816,0.20212217323195542,0.2726821033201292,170774.51916749394,583033.1479433968,1573134.7288069474,2884558.0800000005,"N(P,k)=Σw_i×P(P|x_i)×P(k|P,x_i); implemented as parent exploratory count × normalized conditional soft cluster share",domain soft prevalence with deterministic parent-rule modifier; base shares normalized exactly,kr-v0.2.1,RUN-P2-20260824T170416Z
ARC-11-003,DOM-08-SUB-03,0.07110925476317438,0.1292895541148625,0.18746985346655062,92303.44892545193,372943.22798162396,1081535.3611467094,2884558.0800000005,"N(P,k)=Σw_i×P(P|x_i)×P(k|P,x_i); implemented as parent exploratory count × normalized conditional soft cluster share",domain soft prevalence with deterministic parent-rule modifier; base shares normalized exactly,kr-v0.2.1,RUN-P2-20260824T170416Z
ARC-11-004,DOM-08-SUB-01,0.5610511065978921,0.6395540912742231,0.7180570759505541,714016.2446887158,1808716.2357968357,4061459.4112374955,2828089.54,"N(P,k)=Σw_i×P(P|x_i)×P(k|P,x_i); implemented as parent exploratory count × normalized conditional soft cluster share",domain soft prevalence with deterministic parent-rule modifier; base shares normalized exactly,kr-v0.2.1,RUN-P2-20260824T170416Z
ARC-11-004,DOM-08-SUB-02,0.14052463886468342,0.21589131289684926,0.2912579869290151,178837.3175784699,610559.9637804466,1647407.3325508088,2828089.54,"N(P,k)=Σw_i×P(P|x_i)×P(k|P,x_i); implemented as parent exploratory count × normalized conditional soft cluster share",domain soft prevalence with deterministic parent-rule modifier; base shares normalized exactly,kr-v0.2.1,RUN-P2-20260824T170416Z
ARC-11-004,DOM-08-SUB-03,0.07950502770591018,0.1445545958289276,0.209604163951945,101181.30175462266,408813.3404227178,1185558.6872258815,2828089.54,"N(P,k)=Σw_i×P(P|x_i)×P(k|P,x_i); implemented as parent exploratory count × normalized conditional soft cluster share",domain soft prevalence with deterministic parent-rule modifier; base shares normalized exactly,kr-v0.2.1,RUN-P2-20260824T170416Z
ARC-11-005,DOM-08-SUB-01,0.5779607867138453,0.6588297953466636,0.739698803979482,578835.5835369291,1466282.210787249,3292526.249651533,2225585.7600000002,"N(P,k)=Σw_i×P(P|x_i)×P(k|P,x_i); implemented as parent exploratory count × normalized conditional soft cluster share",domain soft prevalence with deterministic parent-rule modifier; base shares normalized exactly,kr-v0.2.1,RUN-P2-20260824T170416Z
ARC-11-005,DOM-08-SUB-02,0.1316407816471712,0.20224283378477176,0.2728448859223723,131840.0320811461,450108.770933435,1214479.3855953128,2225585.7600000002,"N(P,k)=Σw_i×P(P|x_i)×P(k|P,x_i); implemented as parent exploratory count × normalized conditional soft cluster share",domain soft prevalence with deterministic parent-rule modifier; base shares normalized exactly,kr-v0.2.1,RUN-P2-20260824T170416Z
ARC-11-005,DOM-08-SUB-03,0.07641005397771053,0.13892737086856458,0.20144468775941862,76525.70762413077,309194.7782793162,896664.8570100169,2225585.7600000002,"N(P,k)=Σw_i×P(P|x_i)×P(k|P,x_i); implemented as parent exploratory count × normalized conditional soft cluster share",domain soft prevalence with deterministic parent-rule modifier; base shares normalized exactly,kr-v0.2.1,RUN-P2-20260824T170416Z
ARC-11-006,DOM-09-SUB-01,0.031177380827049104,0.056686146958271094,0.08219491308949309,39924.71290555066,161311.9713355582,467804.71687311877,2845703.5800000005,"N(P,k)=Σw_i×P(P|x_i)×P(k|P,x_i); implemented as parent exploratory count × normalized conditional soft cluster share",domain soft prevalence with deterministic parent-rule modifier; base shares normalized exactly,kr-v0.2.1,RUN-P2-20260824T170416Z
ARC-11-006,DOM-09-SUB-02,0.5106335321121465,0.597138878530993,0.6836442249498396,653900.2516798112,1699280.2443928323,3890897.6367721683,2845703.5800000005,"N(P,k)=Σw_i×P(P|x_i)×P(k|P,x_i); implemented as parent exploratory count × normalized conditional soft cluster share",domain soft prevalence with deterministic parent-rule modifier; base shares normalized exactly,kr-v0.2.1,RUN-P2-20260824T170416Z
ARC-11-006,DOM-09-SUB-03,0.06589883112816437,0.11981605659666249,0.1737332820651606,84387.84284665478,340960.98119860515,988786.8454759547,2845703.5800000005,"N(P,k)=Σw_i×P(P|x_i)×P(k|P,x_i); implemented as parent exploratory count × normalized conditional soft cluster share",domain soft prevalence with deterministic parent-rule modifier; base shares normalized exactly,kr-v0.2.1,RUN-P2-20260824T170416Z
ARC-11-006,DOM-09-SUB-04,0.034540073319078594,0.06280013330741561,0.09106019329575264,44230.864633904006,178710.5641773899,518260.6361144307,2845703.5800000005,"N(P,k)=Σw_i×P(P|x_i)×P(k|P,x_i); implemented as parent exploratory count × normalized conditional soft cluster share",domain soft prevalence with deterministic parent-rule modifier; base shares normalized exactly,kr-v0.2.1,RUN-P2-20260824T170416Z
ARC-11-006,DOM-09-SUB-05,0.08995733153366174,0.1635587846066577,0.23716023767965366,115196.35517666467,465439.8188956148,1349775.4747972828,2845703.5800000005,"N(P,k)=Σw_i×P(P|x_i)×P(k|P,x_i); implemented as parent exploratory count × normalized conditional soft cluster share",domain soft prevalence with deterministic parent-rule modifier; base shares normalized exactly,kr-v0.2.1,RUN-P2-20260824T170416Z
ARC-11-007,DOM-09-SUB-01,0.03580610834946554,0.06510201518084643,0.09439792201222733,33381.13511412223,134873.27318837264,391132.49224628066,2071721.9400000002,"N(P,k)=Σw_i×P(P|x_i)×P(k|P,x_i); implemented as parent exploratory count × normalized conditional soft cluster share",domain soft prevalence with deterministic parent-rule modifier; base shares normalized exactly,kr-v0.2.1,RUN-P2-20260824T170416Z
ARC-11-007,DOM-09-SUB-02,0.510136235952901,0.5965573364814506,0.6829784370100002,475587.1945856889,1235900.9224565837,2829882.8250010507,2071721.9400000002,"N(P,k)=Σw_i×P(P|x_i)×P(k|P,x_i); implemented as parent exploratory count × normalized conditional soft cluster share",domain soft prevalence with deterministic parent-rule modifier; base shares normalized exactly,kr-v0.2.1,RUN-P2-20260824T170416Z
ARC-11-007,DOM-09-SUB-03,0.06792107362196913,0.12349286113085295,0.17906464863973678,63321.110284944916,255842.86983816128,741944.3225306678,2071721.9400000002,"N(P,k)=Σw_i×P(P|x_i)×P(k|P,x_i); implemented as parent exploratory count × normalized conditional soft cluster share",domain soft prevalence with deterministic parent-rule modifier; base shares normalized exactly,kr-v0.2.1,RUN-P2-20260824T170416Z
ARC-11-007,DOM-09-SUB-04,0.030506685007833132,0.05546670001424205,0.08042671502065098,28440.615891328638,114911.57935890359,333243.5801408204,2071721.9400000002,"N(P,k)=Σw_i×P(P|x_i)×P(k|P,x_i); implemented as parent exploratory count × normalized conditional soft cluster share",domain soft prevalence with deterministic parent-rule modifier; base shares normalized exactly,kr-v0.2.1,RUN-P2-20260824T170416Z
ARC-11-007,DOM-09-SUB-05,0.08765959795593442,0.15938108719260802,0.23110257642928161,81722.84055159982,330193.29515797907,957560.5559581392,2071721.9400000002,"N(P,k)=Σw_i×P(P|x_i)×P(k|P,x_i); implemented as parent exploratory count × normalized conditional soft cluster share",domain soft prevalence with deterministic parent-rule modifier; base shares normalized exactly,kr-v0.2.1,RUN-P2-20260824T170416Z
ARC-11-008,DOM-09-SUB-01,0.035288401554568666,0.06416073009921575,0.09303305864386283,55159.88396366599,222868.21803501403,646317.8323015406,3473592.3,"N(P,k)=Σw_i×P(P|x_i)×P(k|P,x_i); implemented as parent exploratory count × normalized conditional soft cluster share",domain soft prevalence with deterministic parent-rule modifier; base shares normalized exactly,kr-v0.2.1,RUN-P2-20260824T170416Z
ARC-11-008,DOM-09-SUB-02,0.5274814286164394,0.6168409415399891,0.7062004544635389,824514.9429757787,2142653.9448580565,4906104.921762099,3473592.3,"N(P,k)=Σw_i×P(P|x_i)×P(k|P,x_i); implemented as parent exploratory count × normalized conditional soft cluster share",domain soft prevalence with deterministic parent-rule modifier; base shares normalized exactly,kr-v0.2.1,RUN-P2-20260824T170416Z
ARC-11-008,DOM-09-SUB-03,0.061422866720810265,0.11167793949238229,0.16193301226395432,96011.09859839977,387923.630700605,1124978.5290317545,3473592.3,"N(P,k)=Σw_i×P(P|x_i)×P(k|P,x_i); implemented as parent exploratory count × normalized conditional soft cluster share",domain soft prevalence with deterministic parent-rule modifier; base shares normalized exactly,kr-v0.2.1,RUN-P2-20260824T170416Z
ARC-11-008,DOM-09-SUB-04,0.028527874990912992,0.0518688636198418,0.07520985224877061,44592.393106709074,180171.28527963258,522496.7273109345,3473592.3,"N(P,k)=Σw_i×P(P|x_i)×P(k|P,x_i); implemented as parent exploratory count × normalized conditional soft cluster share",domain soft prevalence with deterministic parent-rule modifier; base shares normalized exactly,kr-v0.2.1,RUN-P2-20260824T170416Z
ARC-11-008,DOM-09-SUB-05,0.085498338886714,0.1554515252485709,0.2254047116104278,133643.86722885616,539975.2211266919,1565928.1412674051,3473592.3,"N(P,k)=Σw_i×P(P|x_i)×P(k|P,x_i); implemented as parent exploratory count × normalized conditional soft cluster share",domain soft prevalence with deterministic parent-rule modifier; base shares normalized exactly,kr-v0.2.1,RUN-P2-20260824T170416Z
ARC-11-009,DOM-09-SUB-01,0.03378545772460183,0.0614281049538215,0.08907075218304117,47454.72197785359,191736.25041557004,556035.1262051531,3121311.5000000005,"N(P,k)=Σw_i×P(P|x_i)×P(k|P,x_i); implemented as parent exploratory count × normalized conditional soft cluster share",domain soft prevalence with deterministic parent-rule modifier; base shares normalized exactly,kr-v0.2.1,RUN-P2-20260824T170416Z
ARC-11-009,DOM-09-SUB-02,0.5259413903288899,0.6150400086241301,0.7041386269193703,738732.1094817987,1919731.4518785968,4395671.987595282,3121311.5000000005,"N(P,k)=Σw_i×P(P|x_i)×P(k|P,x_i); implemented as parent exploratory count × normalized conditional soft cluster share",domain soft prevalence with deterministic parent-rule modifier; base shares normalized exactly,kr-v0.2.1,RUN-P2-20260824T170416Z
ARC-11-009,DOM-09-SUB-03,0.06942578296390475,0.12622869629800862,0.18303160963211249,97514.772642783,393999.0813849818,1142597.336016447,3121311.5000000005,"N(P,k)=Σw_i×P(P|x_i)×P(k|P,x_i); implemented as parent exploratory count × normalized conditional soft cluster share",domain soft prevalence with deterministic parent-rule modifier; base shares normalized exactly,kr-v0.2.1,RUN-P2-20260824T170416Z
ARC-11-009,DOM-09-SUB-04,0.027157623588356397,0.049377497433375266,0.07159737127839413,38145.331268553644,154122.55058001474,446955.3966820427,3121311.5000000005,"N(P,k)=Σw_i×P(P|x_i)×P(k|P,x_i); implemented as parent exploratory count × normalized conditional soft cluster share",domain soft prevalence with deterministic parent-rule modifier; base shares normalized exactly,kr-v0.2.1,RUN-P2-20260824T170416Z
ARC-11-009,DOM-09-SUB-05,0.08135913097986548,0.1479256926906645,0.21449225440146352,114276.23602085718,461722.1657408371,1338994.2806484275,3121311.5000000005,"N(P,k)=Σw_i×P(P|x_i)×P(k|P,x_i); implemented as parent exploratory count × normalized conditional soft cluster share",domain soft prevalence with deterministic parent-rule modifier; base shares normalized exactly,kr-v0.2.1,RUN-P2-20260824T170416Z
ARC-11-010,DOM-09-SUB-01,0.03227192058986174,0.05867621925429406,0.08508051791872638,30763.411712201178,124296.61297859062,360460.1776379128,2118347.3400000003,"N(P,k)=Σw_i×P(P|x_i)×P(k|P,x_i); implemented as parent exploratory count × normalized conditional soft cluster share",domain soft prevalence with deterministic parent-rule modifier; base shares normalized exactly,kr-v0.2.1,RUN-P2-20260824T170416Z
ARC-11-010,DOM-09-SUB-02,0.50987053307923,0.5962466214460512,0.6826227098128724,486037.299371746,1263057.4445242297,2892064.003111381,2118347.3400000003,"N(P,k)=Σw_i×P(P|x_i)×P(k|P,x_i); implemented as parent exploratory count × normalized conditional soft cluster share",domain soft prevalence with deterministic parent-rule modifier; base shares normalized exactly,kr-v0.2.1,RUN-P2-20260824T170416Z
ARC-11-010,DOM-09-SUB-03,0.06384928386072056,0.11608960701949192,0.16832993017826328,60864.73228226804,245918.11023138606,713162.5196710196,2118347.3400000003,"N(P,k)=Σw_i×P(P|x_i)×P(k|P,x_i); implemented as parent exploratory count × normalized conditional soft cluster share",domain soft prevalence with deterministic parent-rule modifier; base shares normalized exactly,kr-v0.2.1,RUN-P2-20260824T170416Z
ARC-11-010,DOM-09-SUB-04,0.034158957749207214,0.06210719590764947,0.09005543406609173,32562.241778342468,131564.61324582816,381537.37841290166,2118347.3400000003,"N(P,k)=Σw_i×P(P|x_i)×P(k|P,x_i); implemented as parent exploratory count × normalized conditional soft cluster share",domain soft prevalence with deterministic parent-rule modifier; base shares normalized exactly,kr-v0.2.1,RUN-P2-20260824T170416Z
ARC-11-010,DOM-09-SUB-05,0.09178419600488236,0.16688035637251336,0.24197651674014437,87493.86335744151,353510.55901996576,1025180.6211579008,2118347.3400000003,"N(P,k)=Σw_i×P(P|x_i)×P(k|P,x_i); implemented as parent exploratory count × normalized conditional soft cluster share",domain soft prevalence with deterministic parent-rule modifier; base shares normalized exactly,kr-v0.2.1,RUN-P2-20260824T170416Z
ARC-12-001,DOM-06-SUB-01,0.09965732574403348,0.18119513771642448,0.2627329496888155,96044.4505076669,388058.3858895632,1125369.3190797332,2141660.04,"N(P,k)=Σw_i×P(P|x_i)×P(k|P,x_i); implemented as parent exploratory count × normalized conditional soft cluster share",domain soft prevalence with deterministic parent-rule modifier; base shares normalized exactly,kr-v0.2.1,RUN-P2-20260824T170416Z
ARC-12-001,DOM-06-SUB-02,0.40823070922684684,0.5028500833347181,0.5974694574425895,393431.12867339875,1076933.929588636,2559152.924250549,2141660.04,"N(P,k)=Σw_i×P(P|x_i)×P(k|P,x_i); implemented as parent exploratory count × normalized conditional soft cluster share",domain soft prevalence with deterministic parent-rule modifier; base shares normalized exactly,kr-v0.2.1,RUN-P2-20260824T170416Z
ARC-12-001,DOM-06-SUB-03,0.17667438994717177,0.2613738408526264,0.346073291758081,170269.41646855598,559773.9104553894,1482342.679739087,2141660.04,"N(P,k)=Σw_i×P(P|x_i)×P(k|P,x_i); implemented as parent exploratory count × normalized conditional soft cluster share",domain soft prevalence with deterministic parent-rule modifier; base shares normalized exactly,kr-v0.2.1,RUN-P2-20260824T170416Z
ARC-12-001,DOM-06-SUB-04,0.030019515952927067,0.054580938096231026,0.07914236023953498,28931.21898143689,116893.81406641167,338992.0607925938,2141660.04,"N(P,k)=Σw_i×P(P|x_i)×P(k|P,x_i); implemented as parent exploratory count × normalized conditional soft cluster share",domain soft prevalence with deterministic parent-rule modifier; base shares normalized exactly,kr-v0.2.1,RUN-P2-20260824T170416Z
ARC-12-002,DOM-06-SUB-01,0.09761085030050859,0.17747427327365198,0.25733769624679537,107975.91369204165,436266.317947643,1265172.3220481647,2458194.7,"N(P,k)=Σw_i×P(P|x_i)×P(k|P,x_i); implemented as parent exploratory count × normalized conditional soft cluster share",domain soft prevalence with deterministic parent-rule modifier; base shares normalized exactly,kr-v0.2.1,RUN-P2-20260824T170416Z
ARC-12-002,DOM-06-SUB-02,0.4230471243966273,0.5211006348842484,0.6191541453718695,467969.48956891353,1280966.8188390946,3044002.8772723186,2458194.7,"N(P,k)=Σw_i×P(P|x_i)×P(k|P,x_i); implemented as parent exploratory count × normalized conditional soft cluster share",domain soft prevalence with deterministic parent-rule modifier; base shares normalized exactly,kr-v0.2.1,RUN-P2-20260824T170416Z
ARC-12-002,DOM-06-SUB-03,0.16963677494546836,0.25096232357506676,0.33228787220466516,187650.09949321943,616914.2537119142,1633656.5726555705,2458194.7,"N(P,k)=Σw_i×P(P|x_i)×P(k|P,x_i); implemented as parent exploratory count × normalized conditional soft cluster share",domain soft prevalence with deterministic parent-rule modifier; base shares normalized exactly,kr-v0.2.1,RUN-P2-20260824T170416Z
ARC-12-002,DOM-06-SUB-04,0.027754522546868124,0.05046276826703295,0.07317101398719777,30701.709101583783,124047.30950134859,359737.1975539109,2458194.7,"N(P,k)=Σw_i×P(P|x_i)×P(k|P,x_i); implemented as parent exploratory count × normalized conditional soft cluster share",domain soft prevalence with deterministic parent-rule modifier; base shares normalized exactly,kr-v0.2.1,RUN-P2-20260824T170416Z
ARC-12-003,DOM-06-SUB-01,0.09708417544403673,0.1765166826255213,0.2559491898070059,80776.97202784003,326371.604152889,946477.652043378,1848956.1400000004,"N(P,k)=Σw_i×P(P|x_i)×P(k|P,x_i); implemented as parent exploratory count × normalized conditional soft cluster share",domain soft prevalence with deterministic parent-rule modifier; base shares normalized exactly,kr-v0.2.1,RUN-P2-20260824T170416Z
ARC-12-003,DOM-06-SUB-02,0.38620692847617544,0.4757216490069942,0.565236369537813,321335.8522724545,879588.463862407,2090194.5120164969,1848956.1400000004,"N(P,k)=Σw_i×P(P|x_i)×P(k|P,x_i); implemented as parent exploratory count × normalized conditional soft cluster share",domain soft prevalence with deterministic parent-rule modifier; base shares normalized exactly,kr-v0.2.1,RUN-P2-20260824T170416Z
ARC-12-003,DOM-06-SUB-03,0.1962421322046267,0.2903225523901307,0.3844029725756347,163279.39286989634,536793.665822204,1421488.4727559432,1848956.1400000004,"N(P,k)=Σw_i×P(P|x_i)×P(k|P,x_i); implemented as parent exploratory count × normalized conditional soft cluster share",domain soft prevalence with deterministic parent-rule modifier; base shares normalized exactly,kr-v0.2.1,RUN-P2-20260824T170416Z
ARC-12-003,DOM-06-SUB-04,0.03159151378754459,0.057439115977353794,0.083286718167163,26285.095525218854,106202.40616250043,307986.97787125123,1848956.1400000004,"N(P,k)=Σw_i×P(P|x_i)×P(k|P,x_i); implemented as parent exploratory count × normalized conditional soft cluster share",domain soft prevalence with deterministic parent-rule modifier; base shares normalized exactly,kr-v0.2.1,RUN-P2-20260824T170416Z
ARC-12-004,DOM-06-SUB-01,0.0947475334583051,0.1722682426514638,0.2497889518446225,141541.23835407975,571883.791329615,1658462.9948558835,3319728.48,"N(P,k)=Σw_i×P(P|x_i)×P(k|P,x_i); implemented as parent exploratory count × normalized conditional soft cluster share",domain soft prevalence with deterministic parent-rule modifier; base shares normalized exactly,kr-v0.2.1,RUN-P2-20260824T170416Z
ARC-12-004,DOM-06-SUB-02,0.4265419544253941,0.5254054937091379,0.6242690329928817,637201.5633093794,1744203.581014686,4144807.3760170583,3319728.48,"N(P,k)=Σw_i×P(P|x_i)×P(k|P,x_i); implemented as parent exploratory count × normalized conditional soft cluster share",domain soft prevalence with deterministic parent-rule modifier; base shares normalized exactly,kr-v0.2.1,RUN-P2-20260824T170416Z
ARC-12-004,DOM-06-SUB-03,0.16380663649280752,0.2423371590533146,0.3208676816138217,244707.10037018123,804493.5686715783,2130387.1619299524,3319728.48,"N(P,k)=Σw_i×P(P|x_i)×P(k|P,x_i); implemented as parent exploratory count × normalized conditional soft cluster share",domain soft prevalence with deterministic parent-rule modifier; base shares normalized exactly,kr-v0.2.1,RUN-P2-20260824T170416Z
ARC-12-004,DOM-06-SUB-04,0.03299400752234603,0.05998910458608369,0.08698420164982135,49289.015898569865,199147.53898412065,577527.8630539498,3319728.48,"N(P,k)=Σw_i×P(P|x_i)×P(k|P,x_i); implemented as parent exploratory count × normalized conditional soft cluster share",domain soft prevalence with deterministic parent-rule modifier; base shares normalized exactly,kr-v0.2.1,RUN-P2-20260824T170416Z
ARC-12-005,DOM-06-SUB-01,0.09263769857889143,0.16843217923434803,0.24422665988980463,103964.82291427828,420059.8905627405,1218173.6826319476,2493940.8400000003,"N(P,k)=Σw_i×P(P|x_i)×P(k|P,x_i); implemented as parent exploratory count × normalized conditional soft cluster share",domain soft prevalence with deterministic parent-rule modifier; base shares normalized exactly,kr-v0.2.1,RUN-P2-20260824T170416Z
ARC-12-005,DOM-06-SUB-02,0.43484562827235873,0.53563378617111,0.6364219440698613,488015.6721497523,1335838.9746159588,3174397.3555760463,2493940.8400000003,"N(P,k)=Σw_i×P(P|x_i)×P(k|P,x_i); implemented as parent exploratory count × normalized conditional soft cluster share",domain soft prevalence with deterministic parent-rule modifier; base shares normalized exactly,kr-v0.2.1,RUN-P2-20260824T170416Z
ARC-12-005,DOM-06-SUB-03,0.1643119977473095,0.24308479549426557,0.3218575932412216,184402.98075780144,606239.0990661969,1605387.5928967812,2493940.8400000003,"N(P,k)=Σw_i×P(P|x_i)×P(k|P,x_i); implemented as parent exploratory count × normalized conditional soft cluster share",domain soft prevalence with deterministic parent-rule modifier; base shares normalized exactly,kr-v0.2.1,RUN-P2-20260824T170416Z
ARC-12-005,DOM-06-SUB-04,0.02906708150515204,0.05284923910027643,0.07663139669540082,32621.211749388305,131802.87575510427,382228.3396898024,2493940.8400000003,"N(P,k)=Σw_i×P(P|x_i)×P(k|P,x_i); implemented as parent exploratory count × normalized conditional soft cluster share",domain soft prevalence with deterministic parent-rule modifier; base shares normalized exactly,kr-v0.2.1,RUN-P2-20260824T170416Z
ARC-12-006,DOM-07-SUB-01,0.059164383583104246,0.10757160651473499,0.15597882944636574,62991.7872539583,254512.27173316482,738085.588026178,2365980.02,"N(P,k)=Σw_i×P(P|x_i)×P(k|P,x_i); implemented as parent exploratory count × normalized conditional soft cluster share",domain soft prevalence with deterministic parent-rule modifier; base shares normalized exactly,kr-v0.2.1,RUN-P2-20260824T170416Z
ARC-12-006,DOM-07-SUB-02,0.22546496392335105,0.3055782153762866,0.3856914668292221,240050.51993370126,722991.9521275508,1825076.6088048646,2365980.02,"N(P,k)=Σw_i×P(P|x_i)×P(k|P,x_i); implemented as parent exploratory count × normalized conditional soft cluster share",domain soft prevalence with deterministic parent-rule modifier; base shares normalized exactly,kr-v0.2.1,RUN-P2-20260824T170416Z
ARC-12-006,DOM-07-SUB-03,0.06220026069748832,0.11309138308634238,0.16398250547519644,66224.05832207188,267571.952816452,775958.6631677108,2365980.02,"N(P,k)=Σw_i×P(P|x_i)×P(k|P,x_i); implemented as parent exploratory count × normalized conditional soft cluster share",domain soft prevalence with deterministic parent-rule modifier; base shares normalized exactly,kr-v0.2.1,RUN-P2-20260824T170416Z
ARC-12-006,DOM-07-SUB-04,0.2986286740734752,0.3748674616962556,0.45110624931903603,317947.2643156205,886928.9245214561,2134616.7455719556,2365980.02,"N(P,k)=Σw_i×P(P|x_i)×P(k|P,x_i); implemented as parent exploratory count × normalized conditional soft cluster share",domain soft prevalence with deterministic parent-rule modifier; base shares normalized exactly,kr-v0.2.1,RUN-P2-20260824T170416Z
ARC-12-006,DOM-07-SUB-05,0.054390233329509256,0.09889133332638046,0.14339243332325166,57908.792403340645,233974.9188013763,678527.2645239913,2365980.02,"N(P,k)=Σw_i×P(P|x_i)×P(k|P,x_i); implemented as parent exploratory count × normalized conditional soft cluster share",domain soft prevalence with deterministic parent-rule modifier; base shares normalized exactly,kr-v0.2.1,RUN-P2-20260824T170416Z
ARC-12-007,DOM-07-SUB-01,0.062129373688819836,0.11296249761603605,0.16379562154325228,90003.79038271107,363651.678313984,1054589.8671105537,3219224.84,"N(P,k)=Σw_i×P(P|x_i)×P(k|P,x_i); implemented as parent exploratory count × normalized conditional soft cluster share",domain soft prevalence with deterministic parent-rule modifier; base shares normalized exactly,kr-v0.2.1,RUN-P2-20260824T170416Z
ARC-12-007,DOM-07-SUB-02,0.21703614954618608,0.29415443577748523,0.3712727220087844,314409.67370866664,946949.2664510651,2390420.738210187,3219224.84,"N(P,k)=Σw_i×P(P|x_i)×P(k|P,x_i); implemented as parent exploratory count × normalized conditional soft cluster share",domain soft prevalence with deterministic parent-rule modifier; base shares normalized exactly,kr-v0.2.1,RUN-P2-20260824T170416Z
ARC-12-007,DOM-07-SUB-03,0.050021771577617426,0.09094867559566804,0.13187557961371865,72464.0983215624,292784.2356426763,849074.2833637614,3219224.84,"N(P,k)=Σw_i×P(P|x_i)×P(k|P,x_i); implemented as parent exploratory count × normalized conditional soft cluster share",domain soft prevalence with deterministic parent-rule modifier; base shares normalized exactly,kr-v0.2.1,RUN-P2-20260824T170416Z
ARC-12-007,DOM-07-SUB-04,0.3358618988229707,0.4216061899711414,0.5073504811193121,486546.7353752133,1357245.1194528572,3266550.542810481,3219224.84,"N(P,k)=Σw_i×P(P|x_i)×P(k|P,x_i); implemented as parent exploratory count × normalized conditional soft cluster share",domain soft prevalence with deterministic parent-rule modifier; base shares normalized exactly,kr-v0.2.1,RUN-P2-20260824T170416Z
ARC-12-007,DOM-07-SUB-05,0.04418051057181816,0.08032820103966938,0.11647589150752059,64002.14868450584,258594.54013941748,749924.1664043106,3219224.84,"N(P,k)=Σw_i×P(P|x_i)×P(k|P,x_i); implemented as parent exploratory count × normalized conditional soft cluster share",domain soft prevalence with deterministic parent-rule modifier; base shares normalized exactly,kr-v0.2.1,RUN-P2-20260824T170416Z
ARC-12-008,DOM-07-SUB-01,0.05796842727496785,0.10539714049994153,0.15282585372491522,90706.00522026457,366488.90998086694,1062817.838944514,3477218.7200000007,"N(P,k)=Σw_i×P(P|x_i)×P(k|P,x_i); implemented as parent exploratory count × normalized conditional soft cluster share",domain soft prevalence with deterministic parent-rule modifier; base shares normalized exactly,kr-v0.2.1,RUN-P2-20260824T170416Z
ARC-12-008,DOM-07-SUB-02,0.22046601346695088,0.298803014774651,0.3771400160823511,344973.84711797425,1039003.4365668532,2622796.647965305,3477218.7200000007,"N(P,k)=Σw_i×P(P|x_i)×P(k|P,x_i); implemented as parent exploratory count × normalized conditional soft cluster share",domain soft prevalence with deterministic parent-rule modifier; base shares normalized exactly,kr-v0.2.1,RUN-P2-20260824T170416Z
ARC-12-008,DOM-07-SUB-03,0.059718267617818246,0.10857866839603317,0.15743906917424808,93444.06513899135,377551.778339359,1094900.157184141,3477218.7200000007,"N(P,k)=Σw_i×P(P|x_i)×P(k|P,x_i); implemented as parent exploratory count × normalized conditional soft cluster share",domain soft prevalence with deterministic parent-rule modifier; base shares normalized exactly,kr-v0.2.1,RUN-P2-20260824T170416Z
ARC-12-008,DOM-07-SUB-04,0.3191239807602127,0.4005951438024061,0.48206630684459945,499348.74595514924,1392956.9331708187,3352499.972882611,3477218.7200000007,"N(P,k)=Σw_i×P(P|x_i)×P(k|P,x_i); implemented as parent exploratory count × normalized conditional soft cluster share",domain soft prevalence with deterministic parent-rule modifier; base shares normalized exactly,kr-v0.2.1,RUN-P2-20260824T170416Z
ARC-12-008,DOM-07-SUB-05,0.04764431788983257,0.0866260325269683,0.12560774716410403,74551.37133067053,301217.66194210266,873531.219632099,3477218.7200000007,"N(P,k)=Σw_i×P(P|x_i)×P(k|P,x_i); implemented as parent exploratory count × normalized conditional soft cluster share",domain soft prevalence with deterministic parent-rule modifier; base shares normalized exactly,kr-v0.2.1,RUN-P2-20260824T170416Z
ARC-12-009,DOM-07-SUB-01,0.06594451766266354,0.11989912302302462,0.1738537283833857,106953.07473853318,432133.6353072046,1253187.5423908934,3604143.4199999995,"N(P,k)=Σw_i×P(P|x_i)×P(k|P,x_i); implemented as parent exploratory count × normalized conditional soft cluster share",domain soft prevalence with deterministic parent-rule modifier; base shares normalized exactly,kr-v0.2.1,RUN-P2-20260824T170416Z
ARC-12-009,DOM-07-SUB-02,0.20274697865969063,0.2747879707501895,0.34682896284068837,328828.135077542,990375.2566744478,2500042.648575383,3604143.4199999995,"N(P,k)=Σw_i×P(P|x_i)×P(k|P,x_i); implemented as parent exploratory count × normalized conditional soft cluster share",domain soft prevalence with deterministic parent-rule modifier; base shares normalized exactly,kr-v0.2.1,RUN-P2-20260824T170416Z
ARC-12-009,DOM-07-SUB-03,0.053482430914842005,0.09724078348153091,0.14099913604821981,86741.25816029958,350469.72994060424,1016362.2168277523,3604143.4199999995,"N(P,k)=Σw_i×P(P|x_i)×P(k|P,x_i); implemented as parent exploratory count × normalized conditional soft cluster share",domain soft prevalence with deterministic parent-rule modifier; base shares normalized exactly,kr-v0.2.1,RUN-P2-20260824T170416Z
ARC-12-009,DOM-07-SUB-04,0.3336174321319055,0.418788719298066,0.5039600064642266,541082.2827669767,1509374.6070283514,3632688.2824823987,3604143.4199999995,"N(P,k)=Σw_i×P(P|x_i)×P(k|P,x_i); implemented as parent exploratory count × normalized conditional soft cluster share",domain soft prevalence with deterministic parent-rule modifier; base shares normalized exactly,kr-v0.2.1,RUN-P2-20260824T170416Z
ARC-12-009,DOM-07-SUB-05,0.0491058718959539,0.0892834034471889,0.1294609349984239,79643.07228472433,321790.1910493916,933191.5540432343,3604143.4199999995,"N(P,k)=Σw_i×P(P|x_i)×P(k|P,x_i); implemented as parent exploratory count × normalized conditional soft cluster share",domain soft prevalence with deterministic parent-rule modifier; base shares normalized exactly,kr-v0.2.1,RUN-P2-20260824T170416Z
ARC-12-010,DOM-07-SUB-01,0.053535865849433775,0.0973379379080614,0.14114000996668902,71526.63837765572,288996.5186975988,838089.9042230364,2969001.86,"N(P,k)=Σw_i×P(P|x_i)×P(k|P,x_i); implemented as parent exploratory count × normalized conditional soft cluster share",domain soft prevalence with deterministic parent-rule modifier; base shares normalized exactly,kr-v0.2.1,RUN-P2-20260824T170416Z
ARC-12-010,DOM-07-SUB-02,0.20654057104779033,0.27992951989223125,0.35331846873667216,275948.70282285823,831111.2652289416,2098006.381703063,2969001.86,"N(P,k)=Σw_i×P(P|x_i)×P(k|P,x_i); implemented as parent exploratory count × normalized conditional soft cluster share",domain soft prevalence with deterministic parent-rule modifier; base shares normalized exactly,kr-v0.2.1,RUN-P2-20260824T170416Z
ARC-12-010,DOM-07-SUB-03,0.05828771075078763,0.10597765591052297,0.1536676010702583,77875.34473540372,314647.85751678265,912478.7867986696,2969001.86,"N(P,k)=Σw_i×P(P|x_i)×P(k|P,x_i); implemented as parent exploratory count × normalized conditional soft cluster share",domain soft prevalence with deterministic parent-rule modifier; base shares normalized exactly,kr-v0.2.1,RUN-P2-20260824T170416Z
ARC-12-010,DOM-07-SUB-04,0.3411195477296726,0.42820609705059526,0.5152926463715178,455753.05726129055,1271344.6986065577,3059809.6510427175,2969001.86,"N(P,k)=Σw_i×P(P|x_i)×P(k|P,x_i); implemented as parent exploratory count × normalized conditional soft cluster share",domain soft prevalence with deterministic parent-rule modifier; base shares normalized exactly,kr-v0.2.1,RUN-P2-20260824T170416Z
ARC-12-010,DOM-07-SUB-05,0.04870183408122405,0.08854878923858917,0.12839574439595428,65068.12618765452,262901.5199501192,762414.4078553456,2969001.86,"N(P,k)=Σw_i×P(P|x_i)×P(k|P,x_i); implemented as parent exploratory count × normalized conditional soft cluster share",domain soft prevalence with deterministic parent-rule modifier; base shares normalized exactly,kr-v0.2.1,RUN-P2-20260824T170416Z
ARC-13-001,DOM-18-SUB-01,0.46017717322497403,0.5168078607042755,0.573438548183577,431157.21020306007,1076036.9333918407,2387893.4659982068,2082083.1400000001,"N(P,k)=Σw_i×P(P|x_i)×P(k|P,x_i); implemented as parent exploratory count × normalized conditional soft cluster share",domain soft prevalence with deterministic parent-rule modifier; base shares normalized exactly,kr-v0.2.1,RUN-P2-20260824T170416Z
ARC-13-001,DOM-18-SUB-02,0.3574805623911116,0.4183928704387601,0.4793051784864087,334936.9133245132,871128.7414367469,1995906.4620824847,2082083.1400000001,"N(P,k)=Σw_i×P(P|x_i)×P(k|P,x_i); implemented as parent exploratory count × normalized conditional soft cluster share",domain soft prevalence with deterministic parent-rule modifier; base shares normalized exactly,kr-v0.2.1,RUN-P2-20260824T170416Z
ARC-13-001,DOM-18-SUB-03,0.03563959787133034,0.06479926885696426,0.09395893984259816,33392.07262992456,134917.4651714126,391260.6489970958,2082083.1400000001,"N(P,k)=Σw_i×P(P|x_i)×P(k|P,x_i); implemented as parent exploratory count × normalized conditional soft cluster share",domain soft prevalence with deterministic parent-rule modifier; base shares normalized exactly,kr-v0.2.1,RUN-P2-20260824T170416Z
ARC-13-002,DOM-18-SUB-01,0.49124479766122736,0.5516987537260691,0.6121527097909109,474466.4106875205,1184123.4924801213,2627754.366864838,2146322.58,"N(P,k)=Σw_i×P(P|x_i)×P(k|P,x_i); implemented as parent exploratory count × normalized conditional soft cluster share",domain soft prevalence with deterministic parent-rule modifier; base shares normalized exactly,kr-v0.2.1,RUN-P2-20260824T170416Z
ARC-13-002,DOM-18-SUB-02,0.3272786629698414,0.3830447684131655,0.4388108738564896,316100.5129279712,822137.6355960479,1883659.3738154306,2146322.58,"N(P,k)=Σw_i×P(P|x_i)×P(k|P,x_i); implemented as parent exploratory count × normalized conditional soft cluster share",domain soft prevalence with deterministic parent-rule modifier; base shares normalized exactly,kr-v0.2.1,RUN-P2-20260824T170416Z
ARC-13-002,DOM-18-SUB-03,0.0358910628234209,0.06525647786076527,0.09462189289810964,34665.20935114808,140061.45192383107,406178.21057910874,2146322.58,"N(P,k)=Σw_i×P(P|x_i)×P(k|P,x_i); implemented as parent exploratory count × normalized conditional soft cluster share",domain soft prevalence with deterministic parent-rule modifier; base shares normalized exactly,kr-v0.2.1,RUN-P2-20260824T170416Z
ARC-13-003,DOM-18-SUB-01,0.4833529901396538,0.5428357583416362,0.6023185265436185,778636.9907981036,1943240.5163982941,4312353.217601604,3579794.5999999996,"N(P,k)=Σw_i×P(P|x_i)×P(k|P,x_i); implemented as parent exploratory count × normalized conditional soft cluster share",domain soft prevalence with deterministic parent-rule modifier; base shares normalized exactly,kr-v0.2.1,RUN-P2-20260824T170416Z
ARC-13-003,DOM-18-SUB-02,0.33509585672843695,0.39219395994838635,0.44929206316833575,539808.4522794745,1403973.8199758495,3216746.603105734,3579794.5999999996,"N(P,k)=Σw_i×P(P|x_i)×P(k|P,x_i); implemented as parent exploratory count × normalized conditional soft cluster share",domain soft prevalence with deterministic parent-rule modifier; base shares normalized exactly,kr-v0.2.1,RUN-P2-20260824T170416Z
ARC-13-003,DOM-18-SUB-03,0.035733654940487546,0.06497028170997735,0.09420690847946715,57563.615247399284,232580.2636258561,674482.7645149814,3579794.5999999996,"N(P,k)=Σw_i×P(P|x_i)×P(k|P,x_i); implemented as parent exploratory count × normalized conditional soft cluster share",domain soft prevalence with deterministic parent-rule modifier; base shares normalized exactly,kr-v0.2.1,RUN-P2-20260824T170416Z
ARC-13-004,DOM-18-SUB-01,0.4489602659295903,0.5042105694861573,0.5594608730427242,537453.5421654128,1341320.1673697734,2976598.259855036,2660238.1000000006,"N(P,k)=Σw_i×P(P|x_i)×P(k|P,x_i); implemented as parent exploratory count × normalized conditional soft cluster share",domain soft prevalence with deterministic parent-rule modifier; base shares normalized exactly,kr-v0.2.1,RUN-P2-20260824T170416Z
ARC-13-004,DOM-18-SUB-02,0.3613705204629533,0.42294565147020435,0.48452078247745545,432599.2320385702,1125136.136270359,2577881.2915766793,2660238.1000000006,"N(P,k)=Σw_i×P(P|x_i)×P(k|P,x_i); implemented as parent exploratory count × normalized conditional soft cluster share",domain soft prevalence with deterministic parent-rule modifier; base shares normalized exactly,kr-v0.2.1,RUN-P2-20260824T170416Z
ARC-13-004,DOM-18-SUB-03,0.04006407847400115,0.07284377904363844,0.10562347961327573,47960.99459906748,193781.7963598681,561967.2094436188,2660238.1000000006,"N(P,k)=Σw_i×P(P|x_i)×P(k|P,x_i); implemented as parent exploratory count × normalized conditional soft cluster share",domain soft prevalence with deterministic parent-rule modifier; base shares normalized exactly,kr-v0.2.1,RUN-P2-20260824T170416Z
ARC-13-005,DOM-18-SUB-01,0.48128212666085435,0.5405100486225108,0.5997379705841672,588151.6574291049,1467847.2048079195,3257381.452880101,2715670.5200000005,"N(P,k)=Σw_i×P(P|x_i)×P(k|P,x_i); implemented as parent exploratory count × normalized conditional soft cluster share",domain soft prevalence with deterministic parent-rule modifier; base shares normalized exactly,kr-v0.2.1,RUN-P2-20260824T170416Z
ARC-13-005,DOM-18-SUB-02,0.33890609234740465,0.3966534343517072,0.45440077635600973,414160.7778163101,1077180.0383256867,2468005.585230258,2715670.5200000005,"N(P,k)=Σw_i×P(P|x_i)×P(k|P,x_i); implemented as parent exploratory count × normalized conditional soft cluster share",domain soft prevalence with deterministic parent-rule modifier; base shares normalized exactly,kr-v0.2.1,RUN-P2-20260824T170416Z
ARC-13-005,DOM-18-SUB-03,0.03456008436418013,0.06283651702578205,0.09111294968738397,42234.211024432625,170643.27686639442,494865.50291254383,2715670.5200000005,"N(P,k)=Σw_i×P(P|x_i)×P(k|P,x_i); implemented as parent exploratory count × normalized conditional soft cluster share",domain soft prevalence with deterministic parent-rule modifier; base shares normalized exactly,kr-v0.2.1,RUN-P2-20260824T170416Z
ARC-14-001,DOM-01-SUB-01,0.15629401967428577,0.24467262284066083,0.3330512260070359,241718.7852038443,840893.3266919166,2289267.5947505804,3436810.0400000005,"N(P,k)=Σw_i×P(P|x_i)×P(k|P,x_i); implemented as parent exploratory count × normalized conditional soft cluster share",domain soft prevalence with deterministic parent-rule modifier; base shares normalized exactly,kr-v0.2.1,RUN-P2-20260824T170416Z
ARC-14-001,DOM-01-SUB-02,0.4950389600976957,0.5705195113423721,0.6460000625870486,765609.6907147141,1960767.1845973586,4440359.001879594,3436810.0400000005,"N(P,k)=Σw_i×P(P|x_i)×P(k|P,x_i); implemented as parent exploratory count × normalized conditional soft cluster share",domain soft prevalence with deterministic parent-rule modifier; base shares normalized exactly,kr-v0.2.1,RUN-P2-20260824T170416Z
ARC-14-001,DOM-01-SUB-03,0.028709579764076055,0.05219923593468373,0.07568889210529141,44401.217389810845,179398.85814064986,520256.6886078846,3436810.0400000005,"N(P,k)=Σw_i×P(P|x_i)×P(k|P,x_i); implemented as parent exploratory count × normalized conditional soft cluster share",domain soft prevalence with deterministic parent-rule modifier; base shares normalized exactly,kr-v0.2.1,RUN-P2-20260824T170416Z
ARC-14-001,DOM-01-SUB-04,0.0729347464352558,0.13260862988228325,0.1922825133293107,112798.29096609361,455750.6705700756,1321676.944653218,3436810.0400000005,"N(P,k)=Σw_i×P(P|x_i)×P(k|P,x_i); implemented as parent exploratory count × normalized conditional soft cluster share",domain soft prevalence with deterministic parent-rule modifier; base shares normalized exactly,kr-v0.2.1,RUN-P2-20260824T170416Z
ARC-14-002,DOM-01-SUB-01,0.1248357711670308,0.19542587502341394,0.26601597887979705,114518.6870258099,398388.56388556835,1084582.3132053406,2038566.1,"N(P,k)=Σw_i×P(P|x_i)×P(k|P,x_i); implemented as parent exploratory count × normalized conditional soft cluster share",domain soft prevalence with deterministic parent-rule modifier; base shares normalized exactly,kr-v0.2.1,RUN-P2-20260824T170416Z
ARC-14-002,DOM-01-SUB-02,0.5399607947950171,0.6222907561249258,0.7046207174548346,495335.59721918026,1268580.8397796412,2872831.815922208,2038566.1,"N(P,k)=Σw_i×P(P|x_i)×P(k|P,x_i); implemented as parent exploratory count × normalized conditional soft cluster share",domain soft prevalence with deterministic parent-rule modifier; base shares normalized exactly,kr-v0.2.1,RUN-P2-20260824T170416Z
ARC-14-002,DOM-01-SUB-03,0.02762969015271771,0.05023580027766856,0.0728419104026194,25346.227364475366,102408.99945242572,296986.09841203457,2038566.1,"N(P,k)=Σw_i×P(P|x_i)×P(k|P,x_i); implemented as parent exploratory count × normalized conditional soft cluster share",domain soft prevalence with deterministic parent-rule modifier; base shares normalized exactly,kr-v0.2.1,RUN-P2-20260824T170416Z
ARC-14-002,DOM-01-SUB-04,0.07262616271569547,0.13204756857399175,0.19146897443228802,66623.95497838533,269187.6968823647,780644.3209588582,2038566.1,"N(P,k)=Σw_i×P(P|x_i)×P(k|P,x_i); implemented as parent exploratory count × normalized conditional soft cluster share",domain soft prevalence with deterministic parent-rule modifier; base shares normalized exactly,kr-v0.2.1,RUN-P2-20260824T170416Z
ARC-14-003,DOM-01-SUB-01,0.1276428888224808,0.1998203159675563,0.2719977431126318,155629.12957337164,541403.914415496,1473930.637335888,2709453.8,"N(P,k)=Σw_i×P(P|x_i)×P(k|P,x_i); implemented as parent exploratory count × normalized conditional soft cluster share",domain soft prevalence with deterministic parent-rule modifier; base shares normalized exactly,kr-v0.2.1,RUN-P2-20260824T170416Z
ARC-14-003,DOM-01-SUB-02,0.558432597088151,0.6435790272860721,0.7287254574839933,680871.2950009617,1743747.6410805515,3948895.919873488,2709453.8,"N(P,k)=Σw_i×P(P|x_i)×P(k|P,x_i); implemented as parent exploratory count × normalized conditional soft cluster share",domain soft prevalence with deterministic parent-rule modifier; base shares normalized exactly,kr-v0.2.1,RUN-P2-20260824T170416Z
ARC-14-003,DOM-01-SUB-03,0.022970902714327304,0.041765277662413273,0.06055965261049925,28007.36984194399,113161.09027048075,328167.1617843942,2709453.8,"N(P,k)=Σw_i×P(P|x_i)×P(k|P,x_i); implemented as parent exploratory count × normalized conditional soft cluster share",domain soft prevalence with deterministic parent-rule modifier; base shares normalized exactly,kr-v0.2.1,RUN-P2-20260824T170416Z
ARC-14-003,DOM-01-SUB-04,0.06315945849617705,0.11483537908395826,0.16651129967173947,77007.43567278412,311141.15423347167,902309.3472770664,2709453.8,"N(P,k)=Σw_i×P(P|x_i)×P(k|P,x_i); implemented as parent exploratory count × normalized conditional soft cluster share",domain soft prevalence with deterministic parent-rule modifier; base shares normalized exactly,kr-v0.2.1,RUN-P2-20260824T170416Z
ARC-14-004,DOM-01-SUB-01,0.12999299565740896,0.20349932303677074,0.2770056504161325,184193.0430054414,640772.2947793863,1744453.432426694,3148768.68,"N(P,k)=Σw_i×P(P|x_i)×P(k|P,x_i); implemented as parent exploratory count × normalized conditional soft cluster share",domain soft prevalence with deterministic parent-rule modifier; base shares normalized exactly,kr-v0.2.1,RUN-P2-20260824T170416Z
ARC-14-004,DOM-01-SUB-02,0.5627176886913333,0.6485174837805314,0.7343172788697296,797340.5252249672,2042031.5413605454,4624390.497775661,3148768.68,"N(P,k)=Σw_i×P(P|x_i)×P(k|P,x_i); implemented as parent exploratory count × normalized conditional soft cluster share",domain soft prevalence with deterministic parent-rule modifier; base shares normalized exactly,kr-v0.2.1,RUN-P2-20260824T170416Z
ARC-14-004,DOM-01-SUB-03,0.024176291221494846,0.043956893129990626,0.0637374950384864,34256.49686856086,138410.08835782166,401389.25623768277,3148768.68,"N(P,k)=Σw_i×P(P|x_i)×P(k|P,x_i); implemented as parent exploratory count × normalized conditional soft cluster share",domain soft prevalence with deterministic parent-rule modifier; base shares normalized exactly,kr-v0.2.1,RUN-P2-20260824T170416Z
ARC-14-004,DOM-01-SUB-04,0.05721446502898903,0.10402630005270733,0.15083813507642563,81069.80198680618,327554.7555022467,949908.7909565169,3148768.68,"N(P,k)=Σw_i×P(P|x_i)×P(k|P,x_i); implemented as parent exploratory count × normalized conditional soft cluster share",domain soft prevalence with deterministic parent-rule modifier; base shares normalized exactly,kr-v0.2.1,RUN-P2-20260824T170416Z
ARC-14-005,DOM-01-SUB-01,0.1298473276030083,0.20327128497742222,0.2766952423518361,199909.14208967143,695445.5913972438,1893297.28963488,3421268.24,"N(P,k)=Σw_i×P(P|x_i)×P(k|P,x_i); implemented as parent exploratory count × normalized conditional soft cluster share",domain soft prevalence with deterministic parent-rule modifier; base shares normalized exactly,kr-v0.2.1,RUN-P2-20260824T170416Z
ARC-14-005,DOM-01-SUB-02,0.5553268443436283,0.6399997281177691,0.7246726118919098,854964.9429175258,2189610.7434179583,4958598.782927275,3421268.24,"N(P,k)=Σw_i×P(P|x_i)×P(k|P,x_i); implemented as parent exploratory count × normalized conditional soft cluster share",domain soft prevalence with deterministic parent-rule modifier; base shares normalized exactly,kr-v0.2.1,RUN-P2-20260824T170416Z
ARC-14-005,DOM-01-SUB-03,0.02775597796500441,0.0504654144818262,0.07317485099864798,42732.29064681425,172655.71978510803,500701.5873768133,3421268.24,"N(P,k)=Σw_i×P(P|x_i)×P(k|P,x_i); implemented as parent exploratory count × normalized conditional soft cluster share",domain soft prevalence with deterministic parent-rule modifier; base shares normalized exactly,kr-v0.2.1,RUN-P2-20260824T170416Z
ARC-14-005,DOM-01-SUB-04,0.0584449648326403,0.10626357242298236,0.1540821800133244,89980.15588642313,363556.18539969035,1054312.9376590992,3421268.24,"N(P,k)=Σw_i×P(P|x_i)×P(k|P,x_i); implemented as parent exploratory count × normalized conditional soft cluster share",domain soft prevalence with deterministic parent-rule modifier; base shares normalized exactly,kr-v0.2.1,RUN-P2-20260824T170416Z
ARC-14-006,DOM-03-SUB-01,0.31688524929214296,0.3825586237168952,0.4482319981416475,450191.24877647904,1207759.6257533093,2830188.5084511084,3157057.6400000006,"N(P,k)=Σw_i×P(P|x_i)×P(k|P,x_i); implemented as parent exploratory count × normalized conditional soft cluster share",domain soft prevalence with deterministic parent-rule modifier; base shares normalized exactly,kr-v0.2.1,RUN-P2-20260824T170416Z
ARC-14-006,DOM-03-SUB-02,0.02513622932826913,0.04570223514230751,0.06626824095634588,35710.43617872186,144284.59062109844,418425.3128011854,3157057.6400000006,"N(P,k)=Σw_i×P(P|x_i)×P(k|P,x_i); implemented as parent exploratory count × normalized conditional soft cluster share",domain soft prevalence with deterministic parent-rule modifier; base shares normalized exactly,kr-v0.2.1,RUN-P2-20260824T170416Z
ARC-14-006,DOM-03-SUB-03,0.510976846365259,0.5717391411407972,0.6325014359163353,725932.5105062462,1805013.4236255928,3993686.9811412743,3157057.6400000006,"N(P,k)=Σw_i×P(P|x_i)×P(k|P,x_i); implemented as parent exploratory count × normalized conditional soft cluster share",domain soft prevalence with deterministic parent-rule modifier; base shares normalized exactly,kr-v0.2.1,RUN-P2-20260824T170416Z
ARC-14-007,DOM-03-SUB-01,0.29299899750051844,0.3537220286668849,0.4144450598332514,390846.80205511587,1048552.1179274142,2457111.57368692,2964339.3200000003,"N(P,k)=Σw_i×P(P|x_i)×P(k|P,x_i); implemented as parent exploratory count × normalized conditional soft cluster share",domain soft prevalence with deterministic parent-rule modifier; base shares normalized exactly,kr-v0.2.1,RUN-P2-20260824T170416Z
ARC-14-007,DOM-03-SUB-02,0.021341204204928136,0.0388021894635057,0.05626317472208326,28468.15684236802,115022.85592875966,333566.282193403,2964339.3200000003,"N(P,k)=Σw_i×P(P|x_i)×P(k|P,x_i); implemented as parent exploratory count × normalized conditional soft cluster share",domain soft prevalence with deterministic parent-rule modifier; base shares normalized exactly,kr-v0.2.1,RUN-P2-20260824T170416Z
ARC-14-007,DOM-03-SUB-03,0.5429155307499964,0.6074757818696095,0.6720360329892225,724223.6348583977,1800764.3461438266,3984285.6740935394,2964339.3200000003,"N(P,k)=Σw_i×P(P|x_i)×P(k|P,x_i); implemented as parent exploratory count × normalized conditional soft cluster share",domain soft prevalence with deterministic parent-rule modifier; base shares normalized exactly,kr-v0.2.1,RUN-P2-20260824T170416Z
ARC-14-008,DOM-03-SUB-01,0.32695124568294304,0.39471076312447473,0.4624702805660065,444598.04408422613,1192754.3433889002,2795026.066514596,3021843.9800000004,"N(P,k)=Σw_i×P(P|x_i)×P(k|P,x_i); implemented as parent exploratory count × normalized conditional soft cluster share",domain soft prevalence with deterministic parent-rule modifier; base shares normalized exactly,kr-v0.2.1,RUN-P2-20260824T170416Z
ARC-14-008,DOM-03-SUB-02,0.02370015410054392,0.04309118927371622,0.062482224446888515,32228.17559721044,130214.85089781994,377623.06760367786,3021843.9800000004,"N(P,k)=Σw_i×P(P|x_i)×P(k|P,x_i); implemented as parent exploratory count × normalized conditional soft cluster share",domain soft prevalence with deterministic parent-rule modifier; base shares normalized exactly,kr-v0.2.1,RUN-P2-20260824T170416Z
ARC-14-008,DOM-03-SUB-03,0.5024497445165026,0.5621980476018091,0.6219463506871157,683246.1310738792,1698874.7857132806,3758849.671413659,3021843.9800000004,"N(P,k)=Σw_i×P(P|x_i)×P(k|P,x_i); implemented as parent exploratory count × normalized conditional soft cluster share",domain soft prevalence with deterministic parent-rule modifier; base shares normalized exactly,kr-v0.2.1,RUN-P2-20260824T170416Z
ARC-14-009,DOM-03-SUB-01,0.286855402362525,0.3463051946365391,0.40575498691055323,463769.3826458516,1244186.6374401667,2915549.293556882,3592746.0999999996,"N(P,k)=Σw_i×P(P|x_i)×P(k|P,x_i); implemented as parent exploratory count × normalized conditional soft cluster share",domain soft prevalence with deterministic parent-rule modifier; base shares normalized exactly,kr-v0.2.1,RUN-P2-20260824T170416Z
ARC-14-009,DOM-03-SUB-02,0.025450840055301297,0.04627425464600236,0.06709766923670342,41147.28285768338,166251.64790983184,482129.7789385123,3592746.0999999996,"N(P,k)=Σw_i×P(P|x_i)×P(k|P,x_i); implemented as parent exploratory count × normalized conditional soft cluster share",domain soft prevalence with deterministic parent-rule modifier; base shares normalized exactly,kr-v0.2.1,RUN-P2-20260824T170416Z
ARC-14-009,DOM-03-SUB-03,0.5428661693578573,0.6074205507174586,0.6719749320770599,877671.1407520714,2182307.814650001,4828470.6330352435,3592746.0999999996,"N(P,k)=Σw_i×P(P|x_i)×P(k|P,x_i); implemented as parent exploratory count × normalized conditional soft cluster share",domain soft prevalence with deterministic parent-rule modifier; base shares normalized exactly,kr-v0.2.1,RUN-P2-20260824T170416Z
ARC-14-010,DOM-03-SUB-01,0.31204260022220753,0.37671235233797584,0.44138210445374415,463534.67812948045,1243556.9791790934,2914073.7916964605,3301078.32,"N(P,k)=Σw_i×P(P|x_i)×P(k|P,x_i); implemented as parent exploratory count × normalized conditional soft cluster share",domain soft prevalence with deterministic parent-rule modifier; base shares normalized exactly,kr-v0.2.1,RUN-P2-20260824T170416Z
ARC-14-010,DOM-03-SUB-02,0.0216782662619105,0.039415029567109995,0.05715179287230949,32202.74464757109,130112.09958614578,377325.0887998227,3301078.32,"N(P,k)=Σw_i×P(P|x_i)×P(k|P,x_i); implemented as parent exploratory count × normalized conditional soft cluster share",domain soft prevalence with deterministic parent-rule modifier; base shares normalized exactly,kr-v0.2.1,RUN-P2-20260824T170416Z
ARC-14-010,DOM-03-SUB-03,0.5218208228281779,0.5838726180949142,0.6459244133616505,775157.1323231966,1927409.2412347605,4264494.154613726,3301078.32,"N(P,k)=Σw_i×P(P|x_i)×P(k|P,x_i); implemented as parent exploratory count × normalized conditional soft cluster share",domain soft prevalence with deterministic parent-rule modifier; base shares normalized exactly,kr-v0.2.1,RUN-P2-20260824T170416Z
ARC-14-011,DOM-04-SUB-01,0.3123994588634709,0.3974131064728963,0.4824267540823217,390944.7227342209,1105184.4205864237,2683205.581304713,2780946.08,"N(P,k)=Σw_i×P(P|x_i)×P(k|P,x_i); implemented as parent exploratory count × normalized conditional soft cluster share",domain soft prevalence with deterministic parent-rule modifier; base shares normalized exactly,kr-v0.2.1,RUN-P2-20260824T170416Z
ARC-14-011,DOM-04-SUB-02,0.14830523694625078,0.2252254560638847,0.30214567518151864,185592.99029811632,626339.8491570724,1680501.6619699951,2780946.08,"N(P,k)=Σw_i×P(P|x_i)×P(k|P,x_i); implemented as parent exploratory count × normalized conditional soft cluster share",domain soft prevalence with deterministic parent-rule modifier; base shares normalized exactly,kr-v0.2.1,RUN-P2-20260824T170416Z
ARC-14-011,DOM-04-SUB-03,0.292465692281889,0.37736143746321904,0.46225718264454907,365999.09421861253,1049421.8102565042,2571024.6000544056,2780946.08,"N(P,k)=Σw_i×P(P|x_i)×P(k|P,x_i); implemented as parent exploratory count × normalized conditional soft cluster share",domain soft prevalence with deterministic parent-rule modifier; base shares normalized exactly,kr-v0.2.1,RUN-P2-20260824T170416Z
ARC-14-012,DOM-04-SUB-01,0.3055277153455814,0.38867134696964767,0.471814978593714,272798.4896332646,771189.9487824964,1872322.0634265877,1984169.8,"N(P,k)=Σw_i×P(P|x_i)×P(k|P,x_i); implemented as parent exploratory count × normalized conditional soft cluster share",domain soft prevalence with deterministic parent-rule modifier; base shares normalized exactly,kr-v0.2.1,RUN-P2-20260824T170416Z
ARC-14-012,DOM-04-SUB-02,0.14130637023119375,0.21459654652375593,0.2878867228163181,126169.12456215915,425795.9867967315,1142432.2824662188,1984169.8,"N(P,k)=Σw_i×P(P|x_i)×P(k|P,x_i); implemented as parent exploratory count × normalized conditional soft cluster share",domain soft prevalence with deterministic parent-rule modifier; base shares normalized exactly,kr-v0.2.1,RUN-P2-20260824T170416Z
ARC-14-012,DOM-04-SUB-03,0.30747850379177444,0.3967321065065964,0.4859857092214184,274540.30261777097,787183.8644207723,1928556.33493744,1984169.8,"N(P,k)=Σw_i×P(P|x_i)×P(k|P,x_i); implemented as parent exploratory count × normalized conditional soft cluster share",domain soft prevalence with deterministic parent-rule modifier; base shares normalized exactly,kr-v0.2.1,RUN-P2-20260824T170416Z
ARC-14-013,DOM-04-SUB-01,0.2980416203884775,0.37914805181709765,0.4602544832457179,441346.7982082069,1247668.9851291706,3029134.6151468745,3290717.1200000006,"N(P,k)=Σw_i×P(P|x_i)×P(k|P,x_i); implemented as parent exploratory count × normalized conditional soft cluster share",domain soft prevalence with deterministic parent-rule modifier; base shares normalized exactly,kr-v0.2.1,RUN-P2-20260824T170416Z
ARC-14-013,DOM-04-SUB-02,0.15359557603217444,0.23325969044356198,0.3129238048549495,227447.8162224022,767591.65674853,2059487.4437834434,3290717.1200000006,"N(P,k)=Σw_i×P(P|x_i)×P(k|P,x_i); implemented as parent exploratory count × normalized conditional soft cluster share",domain soft prevalence with deterministic parent-rule modifier; base shares normalized exactly,kr-v0.2.1,RUN-P2-20260824T170416Z
ARC-14-013,DOM-04-SUB-03,0.300394864787649,0.38759225773934036,0.4747896506910318,444831.5359425609,1275456.4781223,3124796.8638555966,3290717.1200000006,"N(P,k)=Σw_i×P(P|x_i)×P(k|P,x_i); implemented as parent exploratory count × normalized conditional soft cluster share",domain soft prevalence with deterministic parent-rule modifier; base shares normalized exactly,kr-v0.2.1,RUN-P2-20260824T170416Z
ARC-14-014,DOM-04-SUB-01,0.29248423824339337,0.37207833245788424,0.45167242667237517,418184.5724639981,1182190.3393002355,2870163.257360951,3177261.98,"N(P,k)=Σw_i×P(P|x_i)×P(k|P,x_i); implemented as parent exploratory count × normalized conditional soft cluster share",domain soft prevalence with deterministic parent-rule modifier; base shares normalized exactly,kr-v0.2.1,RUN-P2-20260824T170416Z
ARC-14-014,DOM-04-SUB-02,0.1516386904673634,0.2302878436438489,0.30893699682033443,216808.13066352397,731684.8100657858,1963147.5484252588,3177261.98,"N(P,k)=Σw_i×P(P|x_i)×P(k|P,x_i); implemented as parent exploratory count × normalized conditional soft cluster share",domain soft prevalence with deterministic parent-rule modifier; base shares normalized exactly,kr-v0.2.1,RUN-P2-20260824T170416Z
ARC-14-014,DOM-04-SUB-03,0.30817736004738544,0.3976338238982669,0.4870902877491484,440622.09412889794,1263386.8306339788,3095226.9041852583,3177261.98,"N(P,k)=Σw_i×P(P|x_i)×P(k|P,x_i); implemented as parent exploratory count × normalized conditional soft cluster share",domain soft prevalence with deterministic parent-rule modifier; base shares normalized exactly,kr-v0.2.1,RUN-P2-20260824T170416Z
ARC-14-015,DOM-04-SUB-01,0.2732070175581404,0.34755517808187725,0.4219033386056141,235023.2304906007,664400.8672056892,1613055.7777534204,1911641.4000000001,"N(P,k)=Σw_i×P(P|x_i)×P(k|P,x_i); implemented as parent exploratory count × normalized conditional soft cluster share",domain soft prevalence with deterministic parent-rule modifier; base shares normalized exactly,kr-v0.2.1,RUN-P2-20260824T170416Z
ARC-14-015,DOM-04-SUB-02,0.16345205239871025,0.2482283417909212,0.33300463118313217,140607.76962615474,474523.5748208752,1273170.878722813,1911641.4000000001,"N(P,k)=Σw_i×P(P|x_i)×P(k|P,x_i); implemented as parent exploratory count × normalized conditional soft cluster share",domain soft prevalence with deterministic parent-rule modifier; base shares normalized exactly,kr-v0.2.1,RUN-P2-20260824T170416Z
ARC-14-015,DOM-04-SUB-03,0.31327910315073776,0.4042164801272017,0.49515385710366566,269494.7865020194,772716.9579734359,1893113.2252181028,1911641.4000000001,"N(P,k)=Σw_i×P(P|x_i)×P(k|P,x_i); implemented as parent exploratory count × normalized conditional soft cluster share",domain soft prevalence with deterministic parent-rule modifier; base shares normalized exactly,kr-v0.2.1,RUN-P2-20260824T170416Z
ARC-14-016,DOM-05-SUB-01,0.208250701517168,0.27122617982992364,0.33420165814267927,291924.3029523607,844895.2569875364,2082139.6814952095,3115094.7800000003,"N(P,k)=Σw_i×P(P|x_i)×P(k|P,x_i); implemented as parent exploratory count × normalized conditional soft cluster share",domain soft prevalence with deterministic parent-rule modifier; base shares normalized exactly,kr-v0.2.1,RUN-P2-20260824T170416Z
ARC-14-016,DOM-05-SUB-02,0.26485867009830955,0.3319243985710121,0.3989901270437146,371276.9372974438,1033975.9613431992,2485784.1240508244,3115094.7800000003,"N(P,k)=Σw_i×P(P|x_i)×P(k|P,x_i); implemented as parent exploratory count × normalized conditional soft cluster share",domain soft prevalence with deterministic parent-rule modifier; base shares normalized exactly,kr-v0.2.1,RUN-P2-20260824T170416Z
ARC-14-016,DOM-05-SUB-03,0.32069980444963003,0.39684942159906433,0.47299903874849863,449554.6290546285,1236223.5616692647,2946873.673100932,3115094.7800000003,"N(P,k)=Σw_i×P(P|x_i)×P(k|P,x_i); implemented as parent exploratory count × normalized conditional soft cluster share",domain soft prevalence with deterministic parent-rule modifier; base shares normalized exactly,kr-v0.2.1,RUN-P2-20260824T170416Z
ARC-14-017,DOM-05-SUB-01,0.21274786358874023,0.2770832937789396,0.3414187239691389,331012.18795444386,958024.4768227336,2360932.627493406,3457532.4399999995,"N(P,k)=Σw_i×P(P|x_i)×P(k|P,x_i); implemented as parent exploratory count × normalized conditional soft cluster share",domain soft prevalence with deterministic parent-rule modifier; base shares normalized exactly,kr-v0.2.1,RUN-P2-20260824T170416Z
ARC-14-017,DOM-05-SUB-02,0.30709631842609275,0.38485717971444056,0.46261804100278836,477807.96742325334,1330656.183629588,3199033.768192781,3457532.4399999995,"N(P,k)=Σw_i×P(P|x_i)×P(k|P,x_i); implemented as parent exploratory count × normalized conditional soft cluster share",domain soft prevalence with deterministic parent-rule modifier; base shares normalized exactly,kr-v0.2.1,RUN-P2-20260824T170416Z
ARC-14-017,DOM-05-SUB-03,0.27319083295159596,0.33805952650661975,0.4029282200616435,425054.7752583437,1168851.7795476778,2786274.783709182,3457532.4399999995,"N(P,k)=Σw_i×P(P|x_i)×P(k|P,x_i); implemented as parent exploratory count × normalized conditional soft cluster share",domain soft prevalence with deterministic parent-rule modifier; base shares normalized exactly,kr-v0.2.1,RUN-P2-20260824T170416Z
ARC-14-018,DOM-05-SUB-01,0.21614257798493294,0.28150457740768686,0.3468665768304408,278095.074023194,804870.3265111091,1983503.1992746855,2859173.14,"N(P,k)=Σw_i×P(P|x_i)×P(k|P,x_i); implemented as parent exploratory count × normalized conditional soft cluster share",domain soft prevalence with deterministic parent-rule modifier; base shares normalized exactly,kr-v0.2.1,RUN-P2-20260824T170416Z
ARC-14-018,DOM-05-SUB-02,0.2675193731900629,0.33525882697835274,0.40299828076664257,344197.89281459886,958563.0330444135,2304483.719668326,2859173.14,"N(P,k)=Σw_i×P(P|x_i)×P(k|P,x_i); implemented as parent exploratory count × normalized conditional soft cluster share",domain soft prevalence with deterministic parent-rule modifier; base shares normalized exactly,kr-v0.2.1,RUN-P2-20260824T170416Z
ARC-14-018,DOM-05-SUB-03,0.3096990812689364,0.3832365956139604,0.4567741099589844,398467.4825910691,1095739.7804444775,2611992.5324842692,2859173.14,"N(P,k)=Σw_i×P(P|x_i)×P(k|P,x_i); implemented as parent exploratory count × normalized conditional soft cluster share",domain soft prevalence with deterministic parent-rule modifier; base shares normalized exactly,kr-v0.2.1,RUN-P2-20260824T170416Z
ARC-14-019,DOM-05-SUB-01,0.2321995751827151,0.3024172465020343,0.37263491782135344,376433.8609886192,1089485.1182386563,2684901.0907829846,3602589.24,"N(P,k)=Σw_i×P(P|x_i)×P(k|P,x_i); implemented as parent exploratory count × normalized conditional soft cluster share",domain soft prevalence with deterministic parent-rule modifier; base shares normalized exactly,kr-v0.2.1,RUN-P2-20260824T170416Z
ARC-14-019,DOM-05-SUB-02,0.25215675893931955,0.3160061950227375,0.3798556311061555,408787.7519466299,1138440.5179622557,2736927.6187528903,3602589.24,"N(P,k)=Σw_i×P(P|x_i)×P(k|P,x_i); implemented as parent exploratory count × normalized conditional soft cluster share",domain soft prevalence with deterministic parent-rule modifier; base shares normalized exactly,kr-v0.2.1,RUN-P2-20260824T170416Z
ARC-14-019,DOM-05-SUB-03,0.3083575810504773,0.38157655847522826,0.45479553589997923,499898.5666041948,1374663.6037990882,3276883.008066598,3602589.24,"N(P,k)=Σw_i×P(P|x_i)×P(k|P,x_i); implemented as parent exploratory count × normalized conditional soft cluster share",domain soft prevalence with deterministic parent-rule modifier; base shares normalized exactly,kr-v0.2.1,RUN-P2-20260824T170416Z
ARC-14-020,DOM-05-SUB-01,0.2352994985478738,0.3064545936320664,0.377609688716259,231651.25535402808,670451.3633993907,1652244.3186907712,2187767.3800000004,"N(P,k)=Σw_i×P(P|x_i)×P(k|P,x_i); implemented as parent exploratory count × normalized conditional soft cluster share",domain soft prevalence with deterministic parent-rule modifier; base shares normalized exactly,kr-v0.2.1,RUN-P2-20260824T170416Z
ARC-14-020,DOM-05-SUB-02,0.2926896633592041,0.36680256848830217,0.44091547361740024,288151.6040822016,802478.6942389235,1929240.981034798,2187767.3800000004,"N(P,k)=Σw_i×P(P|x_i)×P(k|P,x_i); implemented as parent exploratory count × normalized conditional soft cluster share",domain soft prevalence with deterministic parent-rule modifier; base shares normalized exactly,kr-v0.2.1,RUN-P2-20260824T170416Z
ARC-14-020,DOM-05-SUB-03,0.2640456518522541,0.3267428378796314,0.38944002390700866,259951.70877893918,714837.322361686,1704008.3615403476,2187767.3800000004,"N(P,k)=Σw_i×P(P|x_i)×P(k|P,x_i); implemented as parent exploratory count × normalized conditional soft cluster share",domain soft prevalence with deterministic parent-rule modifier; base shares normalized exactly,kr-v0.2.1,RUN-P2-20260824T170416Z
ARC-14-021,DOM-11-SUB-01,0.04085207141086966,0.07427649347430847,0.10770091553774727,64266.068307958645,259660.8820523581,753016.5579518385,3495868.880000001,"N(P,k)=Σw_i×P(P|x_i)×P(k|P,x_i); implemented as parent exploratory count × normalized conditional soft cluster share",domain soft prevalence with deterministic parent-rule modifier; base shares normalized exactly,kr-v0.2.1,RUN-P2-20260824T170416Z
ARC-14-021,DOM-11-SUB-02,0.12159421908776624,0.2042983638955003,0.28700250870323435,191284.85092357086,714200.2925771952,2006646.2773151328,3495868.880000001,"N(P,k)=Σw_i×P(P|x_i)×P(k|P,x_i); implemented as parent exploratory count × normalized conditional soft cluster share",domain soft prevalence with deterministic parent-rule modifier; base shares normalized exactly,kr-v0.2.1,RUN-P2-20260824T170416Z
ARC-14-021,DOM-11-SUB-03,0.03659295479143662,0.0665326450753393,0.09647233535924199,57565.877347183596,232589.40342296398,674509.2699265955,3495868.880000001,"N(P,k)=Σw_i×P(P|x_i)×P(k|P,x_i); implemented as parent exploratory count × normalized conditional soft cluster share",domain soft prevalence with deterministic parent-rule modifier; base shares normalized exactly,kr-v0.2.1,RUN-P2-20260824T170416Z
ARC-14-021,DOM-11-SUB-04,0.3547662381322426,0.4462297426629021,0.5376932471935616,558097.3132025296,1559960.6707056481,3759410.1797002396,3495868.880000001,"N(P,k)=Σw_i×P(P|x_i)×P(k|P,x_i); implemented as parent exploratory count × normalized conditional soft cluster share",domain soft prevalence with deterministic parent-rule modifier; base shares normalized exactly,kr-v0.2.1,RUN-P2-20260824T170416Z
ARC-14-021,DOM-11-SUB-05,0.1334107618540443,0.20866275489194988,0.2839147479298555,209873.93878019013,729457.6312418355,1985057.463722053,3495868.880000001,"N(P,k)=Σw_i×P(P|x_i)×P(k|P,x_i); implemented as parent exploratory count × normalized conditional soft cluster share",domain soft prevalence with deterministic parent-rule modifier; base shares normalized exactly,kr-v0.2.1,RUN-P2-20260824T170416Z
ARC-14-022,DOM-11-SUB-01,0.043066545905053356,0.07830281073646064,0.11353907556786792,65038.955764609374,262783.65965498734,762072.6129994632,3355992.68,"N(P,k)=Σw_i×P(P|x_i)×P(k|P,x_i); implemented as parent exploratory count × normalized conditional soft cluster share",domain soft prevalence with deterministic parent-rule modifier; base shares normalized exactly,kr-v0.2.1,RUN-P2-20260824T170416Z
ARC-14-022,DOM-11-SUB-02,0.11244659511743253,0.1889288453057924,0.26541109549415226,169816.47754726233,634043.8218870917,1781435.387338312,3355992.68,"N(P,k)=Σw_i×P(P|x_i)×P(k|P,x_i); implemented as parent exploratory count × normalized conditional soft cluster share",domain soft prevalence with deterministic parent-rule modifier; base shares normalized exactly,kr-v0.2.1,RUN-P2-20260824T170416Z
ARC-14-022,DOM-11-SUB-03,0.03908132379989126,0.07105695236343865,0.10303258092698603,59020.48646871519,238466.6119948088,691553.1747849454,3355992.68,"N(P,k)=Σw_i×P(P|x_i)×P(k|P,x_i); implemented as parent exploratory count × normalized conditional soft cluster share",domain soft prevalence with deterministic parent-rule modifier; base shares normalized exactly,kr-v0.2.1,RUN-P2-20260824T170416Z
ARC-14-022,DOM-11-SUB-04,0.346210876585401,0.43546869391842674,0.5247265112514524,522846.5254006452,1461429.7491594008,3521956.6615236243,3355992.68,"N(P,k)=Σw_i×P(P|x_i)×P(k|P,x_i); implemented as parent exploratory count × normalized conditional soft cluster share",domain soft prevalence with deterministic parent-rule modifier; base shares normalized exactly,kr-v0.2.1,RUN-P2-20260824T170416Z
ARC-14-022,DOM-11-SUB-05,0.14465068611062434,0.22624269767588165,0.307834709241139,218450.98968490487,759268.8373037115,2066182.0617263818,3355992.68,"N(P,k)=Σw_i×P(P|x_i)×P(k|P,x_i); implemented as parent exploratory count × normalized conditional soft cluster share",domain soft prevalence with deterministic parent-rule modifier; base shares normalized exactly,kr-v0.2.1,RUN-P2-20260824T170416Z
ARC-14-023,DOM-11-SUB-01,0.04796828509278132,0.08721506380505693,0.12646184251733256,73112.50828351674,295404.0738727949,856671.8142311053,3387076.2800000003,"N(P,k)=Σw_i×P(P|x_i)×P(k|P,x_i); implemented as parent exploratory count × normalized conditional soft cluster share",domain soft prevalence with deterministic parent-rule modifier; base shares normalized exactly,kr-v0.2.1,RUN-P2-20260824T170416Z
ARC-14-023,DOM-11-SUB-02,0.12396161553542476,0.2082759807968396,0.29259034605825446,188940.35142473254,705446.634250711,1982051.6417818104,3387076.2800000003,"N(P,k)=Σw_i×P(P|x_i)×P(k|P,x_i); implemented as parent exploratory count × normalized conditional soft cluster share",domain soft prevalence with deterministic parent-rule modifier; base shares normalized exactly,kr-v0.2.1,RUN-P2-20260824T170416Z
ARC-14-023,DOM-11-SUB-03,0.030693112085548896,0.055805658337361626,0.08091820458917436,46781.960356954805,189018.0216442618,548152.2627683593,3387076.2800000003,"N(P,k)=Σw_i×P(P|x_i)×P(k|P,x_i); implemented as parent exploratory count × normalized conditional soft cluster share",domain soft prevalence with deterministic parent-rule modifier; base shares normalized exactly,kr-v0.2.1,RUN-P2-20260824T170416Z
ARC-14-023,DOM-11-SUB-04,0.3462432719044527,0.43550944118614876,0.5247756104678448,527738.568019723,1475103.6979576596,3554910.045076314,3387076.2800000003,"N(P,k)=Σw_i×P(P|x_i)×P(k|P,x_i); implemented as parent exploratory count × normalized conditional soft cluster share",domain soft prevalence with deterministic parent-rule modifier; base shares normalized exactly,kr-v0.2.1,RUN-P2-20260824T170416Z
ARC-14-023,DOM-11-SUB-05,0.13630776968107627,0.21319385587459305,0.2900799420681099,207758.16605991448,722103.8522745728,1965045.7821653385,3387076.2800000003,"N(P,k)=Σw_i×P(P|x_i)×P(k|P,x_i); implemented as parent exploratory count × normalized conditional soft cluster share",domain soft prevalence with deterministic parent-rule modifier; base shares normalized exactly,kr-v0.2.1,RUN-P2-20260824T170416Z
ARC-14-024,DOM-11-SUB-01,0.053077973614615005,0.09650540657202727,0.13993283952943955,46501.14910074267,187883.43071007135,544861.9490592069,1946869.4800000002,"N(P,k)=Σw_i×P(P|x_i)×P(k|P,x_i); implemented as parent exploratory count × normalized conditional soft cluster share",domain soft prevalence with deterministic parent-rule modifier; base shares normalized exactly,kr-v0.2.1,RUN-P2-20260824T170416Z
ARC-14-024,DOM-11-SUB-02,0.12507254549615435,0.21014252655108906,0.29521250760602374,109574.96472556848,409120.071392405,1149480.4423448711,1946869.4800000002,"N(P,k)=Σw_i×P(P|x_i)×P(k|P,x_i); implemented as parent exploratory count × normalized conditional soft cluster share",domain soft prevalence with deterministic parent-rule modifier; base shares normalized exactly,kr-v0.2.1,RUN-P2-20260824T170416Z
ARC-14-024,DOM-11-SUB-03,0.041794311207782125,0.07598965674142204,0.11018500227506195,36615.63101762384,147941.94350555082,429031.6361660974,1946869.4800000002,"N(P,k)=Σw_i×P(P|x_i)×P(k|P,x_i); implemented as parent exploratory count × normalized conditional soft cluster share",domain soft prevalence with deterministic parent-rule modifier; base shares normalized exactly,kr-v0.2.1,RUN-P2-20260824T170416Z
ARC-14-024,DOM-11-SUB-04,0.3221004950771022,0.4051423319946009,0.4881841689120996,282189.4305113253,788759.2412163161,1900861.7181482632,1946869.4800000002,"N(P,k)=Σw_i×P(P|x_i)×P(k|P,x_i); implemented as parent exploratory count × normalized conditional soft cluster share",domain soft prevalence with deterministic parent-rule modifier; base shares normalized exactly,kr-v0.2.1,RUN-P2-20260824T170416Z
ARC-14-024,DOM-11-SUB-05,0.13568517448242187,0.21222007814086077,0.2887549817992997,118872.5962897359,413164.7931756568,1124336.5225260244,1946869.4800000002,"N(P,k)=Σw_i×P(P|x_i)×P(k|P,x_i); implemented as parent exploratory count × normalized conditional soft cluster share",domain soft prevalence with deterministic parent-rule modifier; base shares normalized exactly,kr-v0.2.1,RUN-P2-20260824T170416Z
ARC-14-025,DOM-11-SUB-01,0.041686581942792865,0.07579378535053248,0.10990098875827209,42293.90141588916,170884.45016520872,495564.9054791053,2254597.12,"N(P,k)=Σw_i×P(P|x_i)×P(k|P,x_i); implemented as parent exploratory count × normalized conditional soft cluster share",domain soft prevalence with deterministic parent-rule modifier; base shares normalized exactly,kr-v0.2.1,RUN-P2-20260824T170416Z
ARC-14-025,DOM-11-SUB-02,0.12682538274210312,0.21308758252668564,0.2993497823112682,128673.06420295953,480426.6498724278,1349826.3141432244,2254597.12,"N(P,k)=Σw_i×P(P|x_i)×P(k|P,x_i); implemented as parent exploratory count × normalized conditional soft cluster share",domain soft prevalence with deterministic parent-rule modifier; base shares normalized exactly,kr-v0.2.1,RUN-P2-20260824T170416Z
ARC-14-025,DOM-11-SUB-03,0.034366336775915385,0.06248424868348251,0.09060216059104964,34867.00976396801,140876.80712714346,408542.7406687161,2254597.12,"N(P,k)=Σw_i×P(P|x_i)×P(k|P,x_i); implemented as parent exploratory count × normalized conditional soft cluster share",domain soft prevalence with deterministic parent-rule modifier; base shares normalized exactly,kr-v0.2.1,RUN-P2-20260824T170416Z
ARC-14-025,DOM-11-SUB-04,0.32844876582688187,0.41312727226947754,0.49780577871207315,333233.83867537905,931435.5582522199,2244702.950007195,2254597.12,"N(P,k)=Σw_i×P(P|x_i)×P(k|P,x_i); implemented as parent exploratory count × normalized conditional soft cluster share",domain soft prevalence with deterministic parent-rule modifier; base shares normalized exactly,kr-v0.2.1,RUN-P2-20260824T170416Z
ARC-14-025,DOM-11-SUB-05,0.15057398786611706,0.23550711116982173,0.32044023447352643,152767.65572543812,530973.6545830003,1444927.2595522748,2254597.12,"N(P,k)=Σw_i×P(P|x_i)×P(k|P,x_i); implemented as parent exploratory count × normalized conditional soft cluster share",domain soft prevalence with deterministic parent-rule modifier; base shares normalized exactly,kr-v0.2.1,RUN-P2-20260824T170416Z
ARC-14-026,DOM-12-SUB-01,0.5559572177005734,0.618890044180937,0.6818228706613005,740065.3246409339,1830752.626606628,4033831.2858001404,2958122.6,"N(P,k)=Σw_i×P(P|x_i)×P(k|P,x_i); implemented as parent exploratory count × normalized conditional soft cluster share",domain soft prevalence with deterministic parent-rule modifier; base shares normalized exactly,kr-v0.2.1,RUN-P2-20260824T170416Z
ARC-14-026,DOM-12-SUB-02,0.033258825133272864,0.060470591151405205,0.08768235716953754,44272.65702428212,178879.42232033177,518750.3247289621,2958122.6,"N(P,k)=Σw_i×P(P|x_i)×P(k|P,x_i); implemented as parent exploratory count × normalized conditional soft cluster share",domain soft prevalence with deterministic parent-rule modifier; base shares normalized exactly,kr-v0.2.1,RUN-P2-20260824T170416Z
ARC-14-026,DOM-12-SUB-03,0.25950974357291623,0.32063936466765786,0.3817689857623995,345447.73682246177,948490.5510730402,2258638.9295256645,2958122.6,"N(P,k)=Σw_i×P(P|x_i)×P(k|P,x_i); implemented as parent exploratory count × normalized conditional soft cluster share",domain soft prevalence with deterministic parent-rule modifier; base shares normalized exactly,kr-v0.2.1,RUN-P2-20260824T170416Z
ARC-14-027,DOM-12-SUB-01,0.570278797533636,0.634832787423455,0.6993867773132739,720973.6701165198,1783524.232702623,3929769.5080704046,2809439.38,"N(P,k)=Σw_i×P(P|x_i)×P(k|P,x_i); implemented as parent exploratory count × normalized conditional soft cluster share",domain soft prevalence with deterministic parent-rule modifier; base shares normalized exactly,kr-v0.2.1,RUN-P2-20260824T170416Z
ARC-14-027,DOM-12-SUB-02,0.029319539311046833,0.05330825329281242,0.07729696727457801,37067.16075476087,149766.3060798419,434322.28763154143,2809439.38,"N(P,k)=Σw_i×P(P|x_i)×P(k|P,x_i); implemented as parent exploratory count × normalized conditional soft cluster share",domain soft prevalence with deterministic parent-rule modifier; base shares normalized exactly,kr-v0.2.1,RUN-P2-20260824T170416Z
ARC-14-027,DOM-12-SUB-03,0.2524033149782536,0.3118589592837326,0.3713146035892116,319100.3157341023,876148.8412175353,2086371.7393852407,2809439.38,"N(P,k)=Σw_i×P(P|x_i)×P(k|P,x_i); implemented as parent exploratory count × normalized conditional soft cluster share",domain soft prevalence with deterministic parent-rule modifier; base shares normalized exactly,kr-v0.2.1,RUN-P2-20260824T170416Z
ARC-14-028,DOM-12-SUB-01,0.5274586779517579,0.5871655481897081,0.6468724184276583,700038.9435101952,1731736.4993151473,3815661.803881944,2949315.5800000005,"N(P,k)=Σw_i×P(P|x_i)×P(k|P,x_i); implemented as parent exploratory count × normalized conditional soft cluster share",domain soft prevalence with deterministic parent-rule modifier; base shares normalized exactly,kr-v0.2.1,RUN-P2-20260824T170416Z
ARC-14-028,DOM-12-SUB-02,0.033291407523530145,0.0605298318609639,0.08776825619839765,44184.090100174515,178521.57616232126,517712.5708707316,2949315.5800000005,"N(P,k)=Σw_i×P(P|x_i)×P(k|P,x_i); implemented as parent exploratory count × normalized conditional soft cluster share",domain soft prevalence with deterministic parent-rule modifier; base shares normalized exactly,kr-v0.2.1,RUN-P2-20260824T170416Z
ARC-14-028,DOM-12-SUB-03,0.2851380449726352,0.35230461994932794,0.4194711949260207,378432.9353198402,1039057.5045225319,2474305.86111306,2949315.5800000005,"N(P,k)=Σw_i×P(P|x_i)×P(k|P,x_i); implemented as parent exploratory count × normalized conditional soft cluster share",domain soft prevalence with deterministic parent-rule modifier; base shares normalized exactly,kr-v0.2.1,RUN-P2-20260824T170416Z
ARC-14-029,DOM-12-SUB-01,0.5521298340477842,0.6146294112355295,0.6771289884232748,467626.5788295359,1156801.3781467366,2548865.1622334537,1882111.98,"N(P,k)=Σw_i×P(P|x_i)×P(k|P,x_i); implemented as parent exploratory count × normalized conditional soft cluster share",domain soft prevalence with deterministic parent-rule modifier; base shares normalized exactly,kr-v0.2.1,RUN-P2-20260824T170416Z
ARC-14-029,DOM-12-SUB-02,0.03651824614064655,0.0663968111648119,0.09627537618897725,30929.142847454837,124966.23372709024,362402.0778085616,1882111.98,"N(P,k)=Σw_i×P(P|x_i)×P(k|P,x_i); implemented as parent exploratory count × normalized conditional soft cluster share",domain soft prevalence with deterministic parent-rule modifier; base shares normalized exactly,kr-v0.2.1,RUN-P2-20260824T170416Z
ARC-14-029,DOM-12-SUB-03,0.2581616992572631,0.3189737775996586,0.3797858559420541,218650.15212716343,600344.3681261732,1429599.0186061885,1882111.98,"N(P,k)=Σw_i×P(P|x_i)×P(k|P,x_i); implemented as parent exploratory count × normalized conditional soft cluster share",domain soft prevalence with deterministic parent-rule modifier; base shares normalized exactly,kr-v0.2.1,RUN-P2-20260824T170416Z
ARC-14-030,DOM-12-SUB-01,0.592811074631546,0.6599156562569578,0.7270202378823696,685611.5265497126,1696046.3641120591,3737023.1162272915,2570095.66,"N(P,k)=Σw_i×P(P|x_i)×P(k|P,x_i); implemented as parent exploratory count × normalized conditional soft cluster share",domain soft prevalence with deterministic parent-rule modifier; base shares normalized exactly,kr-v0.2.1,RUN-P2-20260824T170416Z
ARC-14-030,DOM-12-SUB-02,0.028893150509263377,0.05253300092593341,0.07617285134260345,33416.17232741307,135014.83768651745,391543.0292909006,2570095.66,"N(P,k)=Σw_i×P(P|x_i)×P(k|P,x_i); implemented as parent exploratory count × normalized conditional soft cluster share",domain soft prevalence with deterministic parent-rule modifier; base shares normalized exactly,kr-v0.2.1,RUN-P2-20260824T170416Z
ARC-14-030,DOM-12-SUB-03,0.23272992483584043,0.28755134281710887,0.3423727607983773,269162.17639772384,739034.4582014238,1759861.4932602553,2570095.66,"N(P,k)=Σw_i×P(P|x_i)×P(k|P,x_i); implemented as parent exploratory count × normalized conditional soft cluster share",domain soft prevalence with deterministic parent-rule modifier; base shares normalized exactly,kr-v0.2.1,RUN-P2-20260824T170416Z
ARC-15-001,DOM-10-SUB-01,0.5192073573125842,0.6177200265633812,0.7162326958141783,687151.1966202728,1816731.0418300114,4212918.849007722,2941026.62,"N(P,k)=Σw_i×P(P|x_i)×P(k|P,x_i); implemented as parent exploratory count × normalized conditional soft cluster share",domain soft prevalence with deterministic parent-rule modifier; base shares normalized exactly,kr-v0.2.1,RUN-P2-20260824T170416Z
ARC-15-001,DOM-10-SUB-02,0.05969935750257341,0.10854428636831528,0.15738921523405716,79009.82982538431,319231.6356581184,925771.7434085433,2941026.62,"N(P,k)=Σw_i×P(P|x_i)×P(k|P,x_i); implemented as parent exploratory count × normalized conditional soft cluster share",domain soft prevalence with deterministic parent-rule modifier; base shares normalized exactly,kr-v0.2.1,RUN-P2-20260824T170416Z
ARC-15-001,DOM-10-SUB-03,0.04422631360145068,0.08041147927536486,0.11659664494927904,58531.84452285053,236492.3011024264,685827.6731970365,2941026.62,"N(P,k)=Σw_i×P(P|x_i)×P(k|P,x_i); implemented as parent exploratory count × normalized conditional soft cluster share",domain soft prevalence with deterministic parent-rule modifier; base shares normalized exactly,kr-v0.2.1,RUN-P2-20260824T170416Z
ARC-15-001,DOM-10-SUB-04,0.02331812559762451,0.042396591995680924,0.06147505839373734,30860.652650002696,124689.50565657653,361599.5664040719,2941026.62,"N(P,k)=Σw_i×P(P|x_i)×P(k|P,x_i); implemented as parent exploratory count × normalized conditional soft cluster share",domain soft prevalence with deterministic parent-rule modifier; base shares normalized exactly,kr-v0.2.1,RUN-P2-20260824T170416Z
ARC-15-001,DOM-10-SUB-05,0.0830101886884917,0.15092761579725764,0.21884504290602358,109860.82859883465,443882.13575286727,1287258.193683315,2941026.62,"N(P,k)=Σw_i×P(P|x_i)×P(k|P,x_i); implemented as parent exploratory count × normalized conditional soft cluster share",domain soft prevalence with deterministic parent-rule modifier; base shares normalized exactly,kr-v0.2.1,RUN-P2-20260824T170416Z
ARC-15-002,DOM-10-SUB-01,0.5290568129721002,0.6294382850316798,0.7298197570912593,451291.64772651554,1193151.5936753107,2766865.718138951,1895581.5400000003,"N(P,k)=Σw_i×P(P|x_i)×P(k|P,x_i); implemented as parent exploratory count × normalized conditional soft cluster share",domain soft prevalence with deterministic parent-rule modifier; base shares normalized exactly,kr-v0.2.1,RUN-P2-20260824T170416Z
ARC-15-002,DOM-10-SUB-02,0.06610297447624326,0.12018722632044229,0.1742714781646413,56386.61017031606,227824.68755683256,660691.5939148144,1895581.5400000003,"N(P,k)=Σw_i×P(P|x_i)×P(k|P,x_i); implemented as parent exploratory count × normalized conditional soft cluster share",domain soft prevalence with deterministic parent-rule modifier; base shares normalized exactly,kr-v0.2.1,RUN-P2-20260824T170416Z
ARC-15-002,DOM-10-SUB-03,0.04304355153560985,0.07826100279201789,0.11347845404842594,36716.65276812331,148350.1121944376,430215.325363869,1895581.5400000003,"N(P,k)=Σw_i×P(P|x_i)×P(k|P,x_i); implemented as parent exploratory count × normalized conditional soft cluster share",domain soft prevalence with deterministic parent-rule modifier; base shares normalized exactly,kr-v0.2.1,RUN-P2-20260824T170416Z
ARC-15-002,DOM-10-SUB-04,0.023841397681005575,0.043347995783646495,0.06285459388628742,20336.99099936084,82169.66060347814,238292.0157500866,1895581.5400000003,"N(P,k)=Σw_i×P(P|x_i)×P(k|P,x_i); implemented as parent exploratory count × normalized conditional soft cluster share",domain soft prevalence with deterministic parent-rule modifier; base shares normalized exactly,kr-v0.2.1,RUN-P2-20260824T170416Z
ARC-15-002,DOM-10-SUB-05,0.07082101953971746,0.12876549007221355,0.18670996060470965,60411.15777756048,244085.4859699413,707847.9093128298,1895581.5400000003,"N(P,k)=Σw_i×P(P|x_i)×P(k|P,x_i); implemented as parent exploratory count × normalized conditional soft cluster share",domain soft prevalence with deterministic parent-rule modifier; base shares normalized exactly,kr-v0.2.1,RUN-P2-20260824T170416Z
ARC-15-003,DOM-10-SUB-01,0.48487271585426056,0.5768708449503576,0.6688689740464545,502675.1904839683,1329002.4480808661,3081897.8346169386,2303812.8200000003,"N(P,k)=Σw_i×P(P|x_i)×P(k|P,x_i); implemented as parent exploratory count × normalized conditional soft cluster share",domain soft prevalence with deterministic parent-rule modifier; base shares normalized exactly,kr-v0.2.1,RUN-P2-20260824T170416Z
ARC-15-003,DOM-10-SUB-02,0.07857113064927407,0.14285660118049828,0.2071420717117225,81455.93013226164,329114.86922125914,954433.1207416514,2303812.8200000003,"N(P,k)=Σw_i×P(P|x_i)×P(k|P,x_i); implemented as parent exploratory count × normalized conditional soft cluster share",domain soft prevalence with deterministic parent-rule modifier; base shares normalized exactly,kr-v0.2.1,RUN-P2-20260824T170416Z
ARC-15-003,DOM-10-SUB-03,0.05111116781050174,0.09292939601909407,0.1347476242276864,52987.75364115236,214091.9339036459,620866.6083205732,2303812.8200000003,"N(P,k)=Σw_i×P(P|x_i)×P(k|P,x_i); implemented as parent exploratory count × normalized conditional soft cluster share",domain soft prevalence with deterministic parent-rule modifier; base shares normalized exactly,kr-v0.2.1,RUN-P2-20260824T170416Z
ARC-15-003,DOM-10-SUB-04,0.030302010394850087,0.05509456435427288,0.07988711831369567,31414.572008743005,126927.5636716889,368089.9346478978,2303812.8200000003,"N(P,k)=Σw_i×P(P|x_i)×P(k|P,x_i); implemented as parent exploratory count × normalized conditional soft cluster share",domain soft prevalence with deterministic parent-rule modifier; base shares normalized exactly,kr-v0.2.1,RUN-P2-20260824T170416Z
ARC-15-003,DOM-10-SUB-05,0.07273672642267748,0.13224859349577722,0.19176046056887697,75407.3112678287,304676.0051225402,883560.4148553666,2303812.8200000003,"N(P,k)=Σw_i×P(P|x_i)×P(k|P,x_i); implemented as parent exploratory count × normalized conditional soft cluster share",domain soft prevalence with deterministic parent-rule modifier; base shares normalized exactly,kr-v0.2.1,RUN-P2-20260824T170416Z
ARC-15-004,DOM-10-SUB-01,0.5391748841096804,0.6414761251813782,0.743777366253076,648843.904198857,1715451.9527259811,3978057.1255756714,2674225.7199999997,"N(P,k)=Σw_i×P(P|x_i)×P(k|P,x_i); implemented as parent exploratory count × normalized conditional soft cluster share",domain soft prevalence with deterministic parent-rule modifier; base shares normalized exactly,kr-v0.2.1,RUN-P2-20260824T170416Z
ARC-15-004,DOM-10-SUB-02,0.05512249557943442,0.1002227192353353,0.14532294289123618,66334.49794309943,268018.1735074723,777252.7031716699,2674225.7199999997,"N(P,k)=Σw_i×P(P|x_i)×P(k|P,x_i); implemented as parent exploratory count × normalized conditional soft cluster share",domain soft prevalence with deterministic parent-rule modifier; base shares normalized exactly,kr-v0.2.1,RUN-P2-20260824T170416Z
ARC-15-004,DOM-10-SUB-03,0.041936500657728984,0.07624818301405269,0.11055986537037639,50466.4508995631,203904.8521194468,591324.0711463956,2674225.7199999997,"N(P,k)=Σw_i×P(P|x_i)×P(k|P,x_i); implemented as parent exploratory count × normalized conditional soft cluster share",domain soft prevalence with deterministic parent-rule modifier; base shares normalized exactly,kr-v0.2.1,RUN-P2-20260824T170416Z
ARC-15-004,DOM-10-SUB-04,0.023666667500868502,0.04303030454703364,0.062393941593198776,28480.5049218798,115072.7471591103,333710.96676141984,2674225.7199999997,"N(P,k)=Σw_i×P(P|x_i)×P(k|P,x_i); implemented as parent exploratory count × normalized conditional soft cluster share",domain soft prevalence with deterministic parent-rule modifier; base shares normalized exactly,kr-v0.2.1,RUN-P2-20260824T170416Z
ARC-15-004,DOM-10-SUB-05,0.07646246741221009,0.13902266802220015,0.20158286863219022,92015.05363577734,371777.9944879891,1078156.1840151686,2674225.7199999997,"N(P,k)=Σw_i×P(P|x_i)×P(k|P,x_i); implemented as parent exploratory count × normalized conditional soft cluster share",domain soft prevalence with deterministic parent-rule modifier; base shares normalized exactly,kr-v0.2.1,RUN-P2-20260824T170416Z
ARC-15-005,DOM-10-SUB-01,0.5122692368189968,0.6094654902683216,0.7066617437176465,519135.21674665925,1372520.4406389042,3182814.132570464,2252006.8200000003,"N(P,k)=Σw_i×P(P|x_i)×P(k|P,x_i); implemented as parent exploratory count × normalized conditional soft cluster share",domain soft prevalence with deterministic parent-rule modifier; base shares normalized exactly,kr-v0.2.1,RUN-P2-20260824T170416Z
ARC-15-005,DOM-10-SUB-02,0.06353355950660385,0.11551556273927971,0.1674975659719556,64385.10418848647,260141.83510499581,754411.321804488,2252006.8200000003,"N(P,k)=Σw_i×P(P|x_i)×P(k|P,x_i); implemented as parent exploratory count × normalized conditional soft cluster share",domain soft prevalence with deterministic parent-rule modifier; base shares normalized exactly,kr-v0.2.1,RUN-P2-20260824T170416Z
ARC-15-005,DOM-10-SUB-03,0.04939093703413602,0.08980170369842913,0.13021247036272224,50052.92717117921,202234.04917648164,586478.7426117968,2252006.8200000003,"N(P,k)=Σw_i×P(P|x_i)×P(k|P,x_i); implemented as parent exploratory count × normalized conditional soft cluster share",domain soft prevalence with deterministic parent-rule modifier; base shares normalized exactly,kr-v0.2.1,RUN-P2-20260824T170416Z
ARC-15-005,DOM-10-SUB-04,0.023454866148140796,0.04264521117843781,0.06183555620873482,23769.233337510093,96037.3064141822,278508.18860112835,2252006.8200000003,"N(P,k)=Σw_i×P(P|x_i)×P(k|P,x_i); implemented as parent exploratory count × normalized conditional soft cluster share",domain soft prevalence with deterministic parent-rule modifier; base shares normalized exactly,kr-v0.2.1,RUN-P2-20260824T170416Z
ARC-15-005,DOM-10-SUB-05,0.07841461766354241,0.14257203211553163,0.20672944656752085,79465.61419469549,321073.1886654363,931112.2471297652,2252006.8200000003,"N(P,k)=Σw_i×P(P|x_i)×P(k|P,x_i); implemented as parent exploratory count × normalized conditional soft cluster share",domain soft prevalence with deterministic parent-rule modifier; base shares normalized exactly,kr-v0.2.1,RUN-P2-20260824T170416Z
ARC-16-001,DOM-16-SUB-01,0.08039114200092846,0.14616571272896084,0.2119402834569932,55282.39915633252,223363.2289144748,647753.3638519768,1528150.6500000001,"N(P,k)=Σw_i×P(P|x_i)×P(k|P,x_i); implemented as parent exploratory count × normalized conditional soft cluster share",domain soft prevalence with deterministic parent-rule modifier; base shares normalized exactly,kr-v0.2.1,RUN-P2-20260824T170416Z
ARC-16-001,DOM-16-SUB-02,0.06206419779225163,0.11284399598591204,0.16362379417957246,42679.549889081056,172442.6258144689,500083.61486195977,1528150.6500000001,"N(P,k)=Σw_i×P(P|x_i)×P(k|P,x_i); implemented as parent exploratory count × normalized conditional soft cluster share",domain soft prevalence with deterministic parent-rule modifier; base shares normalized exactly,kr-v0.2.1,RUN-P2-20260824T170416Z
ARC-16-001,DOM-16-SUB-03,0.25756517390523087,0.32617869304605623,0.39479221218688165,177119.27456428873,498450.18179448135,1206603.9513366423,1528150.6500000001,"N(P,k)=Σw_i×P(P|x_i)×P(k|P,x_i); implemented as parent exploratory count × normalized conditional soft cluster share",domain soft prevalence with deterministic parent-rule modifier; base shares normalized exactly,kr-v0.2.1,RUN-P2-20260824T170416Z
ARC-16-001,DOM-16-SUB-04,0.03765810838332467,0.06846928796968121,0.09928046755603775,25896.268261686626,104631.38691590553,303431.02205612604,1528150.6500000001,"N(P,k)=Σw_i×P(P|x_i)×P(k|P,x_i); implemented as parent exploratory count × normalized conditional soft cluster share",domain soft prevalence with deterministic parent-rule modifier; base shares normalized exactly,kr-v0.2.1,RUN-P2-20260824T170416Z
ARC-16-001,DOM-16-SUB-05,0.055860099626052095,0.10156381750191289,0.14726753537777368,38413.19139867733,155204.81373202958,450093.95982288575,1528150.6500000001,"N(P,k)=Σw_i×P(P|x_i)×P(k|P,x_i); implemented as parent exploratory count × normalized conditional soft cluster share",domain soft prevalence with deterministic parent-rule modifier; base shares normalized exactly,kr-v0.2.1,RUN-P2-20260824T170416Z
ARC-16-001,DOM-16-SUB-06,0.16522848237090332,0.24477849276747682,0.3243285031640503,113622.30573012427,374058.41282864,991245.6258473411,1528150.6500000001,"N(P,k)=Σw_i×P(P|x_i)×P(k|P,x_i); implemented as parent exploratory count × normalized conditional soft cluster share",domain soft prevalence with deterministic parent-rule modifier; base shares normalized exactly,kr-v0.2.1,RUN-P2-20260824T170416Z
ARC-16-002,DOM-16-SUB-01,0.07595306264060371,0.13809647752837037,0.20023989241613704,30607.29410642992,123665.83477345422,358630.92084301723,895503.18,"N(P,k)=Σw_i×P(P|x_i)×P(k|P,x_i); implemented as parent exploratory count × normalized conditional soft cluster share",domain soft prevalence with deterministic parent-rule modifier; base shares normalized exactly,kr-v0.2.1,RUN-P2-20260824T170416Z
ARC-16-002,DOM-16-SUB-02,0.05352671388658453,0.09732129797560823,0.14111588206463194,21570.00412517397,87151.53181888475,252739.44227476575,895503.18,"N(P,k)=Σw_i×P(P|x_i)×P(k|P,x_i); implemented as parent exploratory count × normalized conditional soft cluster share",domain soft prevalence with deterministic parent-rule modifier; base shares normalized exactly,kr-v0.2.1,RUN-P2-20260824T170416Z
ARC-16-002,DOM-16-SUB-03,0.2992514971061384,0.37896995443207926,0.4586884117580201,120591.30027523848,339368.7993183821,821513.8627169129,895503.18,"N(P,k)=Σw_i×P(P|x_i)×P(k|P,x_i); implemented as parent exploratory count × normalized conditional soft cluster share",domain soft prevalence with deterministic parent-rule modifier; base shares normalized exactly,kr-v0.2.1,RUN-P2-20260824T170416Z
ARC-16-002,DOM-16-SUB-04,0.03402038316469506,0.06185524211762737,0.08969010107055969,13709.412588961299,55391.56601600525,160635.5414464152,895503.18,"N(P,k)=Σw_i×P(P|x_i)×P(k|P,x_i); implemented as parent exploratory count × normalized conditional soft cluster share",domain soft prevalence with deterministic parent-rule modifier; base shares normalized exactly,kr-v0.2.1,RUN-P2-20260824T170416Z
ARC-16-002,DOM-16-SUB-05,0.05916096211692946,0.10756538566714446,0.15596980921735948,23840.473368406438,96325.14492285429,279342.92027627747,895503.18,"N(P,k)=Σw_i×P(P|x_i)×P(k|P,x_i); implemented as parent exploratory count × normalized conditional soft cluster share",domain soft prevalence with deterministic parent-rule modifier; base shares normalized exactly,kr-v0.2.1,RUN-P2-20260824T170416Z
ARC-16-002,DOM-16-SUB-06,0.1459320079603281,0.2161916422791704,0.28645127659801267,58807.1597365166,193600.30315041944,513036.0582171599,895503.18,"N(P,k)=Σw_i×P(P|x_i)×P(k|P,x_i); implemented as parent exploratory count × normalized conditional soft cluster share",domain soft prevalence with deterministic parent-rule modifier; base shares normalized exactly,kr-v0.2.1,RUN-P2-20260824T170416Z
ARC-16-003,DOM-16-SUB-01,0.08861909170952913,0.16112562129005295,0.23363215087057676,34684.266776537545,140138.45162237392,406401.5097048843,869746.5400000002,"N(P,k)=Σw_i×P(P|x_i)×P(k|P,x_i); implemented as parent exploratory count × normalized conditional soft cluster share",domain soft prevalence with deterministic parent-rule modifier; base shares normalized exactly,kr-v0.2.1,RUN-P2-20260824T170416Z
ARC-16-003,DOM-16-SUB-02,0.05397454885989183,0.0981355433816215,0.14229653790335117,21124.879703528342,85353.04930718521,247523.84299083712,869746.5400000002,"N(P,k)=Σw_i×P(P|x_i)×P(k|P,x_i); implemented as parent exploratory count × normalized conditional soft cluster share",domain soft prevalence with deterministic parent-rule modifier; base shares normalized exactly,kr-v0.2.1,RUN-P2-20260824T170416Z
ARC-16-003,DOM-16-SUB-03,0.27930827805005565,0.3537140045370916,0.42811973102412765,109317.33379232725,307641.5315956798,744711.3095279315,869746.5400000002,"N(P,k)=Σw_i×P(P|x_i)×P(k|P,x_i); implemented as parent exploratory count × normalized conditional soft cluster share",domain soft prevalence with deterministic parent-rule modifier; base shares normalized exactly,kr-v0.2.1,RUN-P2-20260824T170416Z
ARC-16-003,DOM-16-SUB-04,0.03592709023658577,0.06532198224833775,0.09471687426008973,14061.358091492217,56813.56804643319,164759.34733465625,869746.5400000002,"N(P,k)=Σw_i×P(P|x_i)×P(k|P,x_i); implemented as parent exploratory count × normalized conditional soft cluster share",domain soft prevalence with deterministic parent-rule modifier; base shares normalized exactly,kr-v0.2.1,RUN-P2-20260824T170416Z
ARC-16-003,DOM-16-SUB-05,0.06381534409304404,0.11602789835098914,0.16824045260893425,24976.428625725526,100914.86313424453,292653.1030893091,869746.5400000002,"N(P,k)=Σw_i×P(P|x_i)×P(k|P,x_i); implemented as parent exploratory count × normalized conditional soft cluster share",domain soft prevalence with deterministic parent-rule modifier; base shares normalized exactly,kr-v0.2.1,RUN-P2-20260824T170416Z
ARC-16-003,DOM-16-SUB-06,0.13883311191968917,0.20567495019190707,0.27251678846412497,54337.328428312096,178885.07629408353,474041.0677171693,869746.5400000002,"N(P,k)=Σw_i×P(P|x_i)×P(k|P,x_i); implemented as parent exploratory count × normalized conditional soft cluster share",domain soft prevalence with deterministic parent-rule modifier; base shares normalized exactly,kr-v0.2.1,RUN-P2-20260824T170416Z
ARC-16-004,DOM-16-SUB-01,0.08047403989841354,0.1463164361789337,0.21215883245945386,52624.48495653618,212624.18164257042,616610.1267634542,1453180.43,"N(P,k)=Σw_i×P(P|x_i)×P(k|P,x_i); implemented as parent exploratory count × normalized conditional soft cluster share",domain soft prevalence with deterministic parent-rule modifier; base shares normalized exactly,kr-v0.2.1,RUN-P2-20260824T170416Z
ARC-16-004,DOM-16-SUB-02,0.05399005960788405,0.09816374474160736,0.14233742987533066,35305.78411651975,142649.6327940192,413683.93510265567,1453180.43,"N(P,k)=Σw_i×P(P|x_i)×P(k|P,x_i); implemented as parent exploratory count × normalized conditional soft cluster share",domain soft prevalence with deterministic parent-rule modifier; base shares normalized exactly,kr-v0.2.1,RUN-P2-20260824T170416Z
ARC-16-004,DOM-16-SUB-03,0.2949492894242943,0.3735216694112443,0.45209404939819436,192876.5408552057,542794.3801693498,1313948.4502098185,1453180.43,"N(P,k)=Σw_i×P(P|x_i)×P(k|P,x_i); implemented as parent exploratory count × normalized conditional soft cluster share",domain soft prevalence with deterministic parent-rule modifier; base shares normalized exactly,kr-v0.2.1,RUN-P2-20260824T170416Z
ARC-16-004,DOM-16-SUB-04,0.037829111202311784,0.06878020218602142,0.09973129316973106,24737.63583757196,99950.04378816954,289855.12698569166,1453180.43,"N(P,k)=Σw_i×P(P|x_i)×P(k|P,x_i); implemented as parent exploratory count × normalized conditional soft cluster share",domain soft prevalence with deterministic parent-rule modifier; base shares normalized exactly,kr-v0.2.1,RUN-P2-20260824T170416Z
ARC-16-004,DOM-16-SUB-05,0.05229919582167933,0.09508944694850786,0.1378796980753364,34200.07554276098,138182.12340509484,400728.157874775,1453180.43,"N(P,k)=Σw_i×P(P|x_i)×P(k|P,x_i); implemented as parent exploratory count × normalized conditional soft cluster share",domain soft prevalence with deterministic parent-rule modifier; base shares normalized exactly,kr-v0.2.1,RUN-P2-20260824T170416Z
ARC-16-004,DOM-16-SUB-06,0.14723941101826374,0.21812850053368543,0.2890175900491071,96284.44377741024,316980.06820079597,839989.4115702503,1453180.43,"N(P,k)=Σw_i×P(P|x_i)×P(k|P,x_i); implemented as parent exploratory count × normalized conditional soft cluster share",domain soft prevalence with deterministic parent-rule modifier; base shares normalized exactly,kr-v0.2.1,RUN-P2-20260824T170416Z
ARC-16-005,DOM-16-SUB-01,0.09012940121906884,0.16387163858012516,0.23761387594118147,52418.73068942528,211792.85127040514,614199.2686841749,1292431.4,"N(P,k)=Σw_i×P(P|x_i)×P(k|P,x_i); implemented as parent exploratory count × normalized conditional soft cluster share",domain soft prevalence with deterministic parent-rule modifier; base shares normalized exactly,kr-v0.2.1,RUN-P2-20260824T170416Z
ARC-16-005,DOM-16-SUB-02,0.05123955183618766,0.0931628215203412,0.13508609120449472,29800.622571757467,120406.55584548469,349179.01195190556,1292431.4,"N(P,k)=Σw_i×P(P|x_i)×P(k|P,x_i); implemented as parent exploratory count × normalized conditional soft cluster share",domain soft prevalence with deterministic parent-rule modifier; base shares normalized exactly,kr-v0.2.1,RUN-P2-20260824T170416Z
ARC-16-005,DOM-16-SUB-03,0.28141071562520215,0.3563765164367964,0.4313423172483907,163666.82032671684,460592.20006553177,1114960.7099211635,1292431.4,"N(P,k)=Σw_i×P(P|x_i)×P(k|P,x_i); implemented as parent exploratory count × normalized conditional soft cluster share",domain soft prevalence with deterministic parent-rule modifier; base shares normalized exactly,kr-v0.2.1,RUN-P2-20260824T170416Z
ARC-16-005,DOM-16-SUB-04,0.03449073461862667,0.06271042657932122,0.09093011854001576,20059.60879358106,81048.92441850933,235041.88081367704,1292431.4,"N(P,k)=Σw_i×P(P|x_i)×P(k|P,x_i); implemented as parent exploratory count × normalized conditional soft cluster share",domain soft prevalence with deterministic parent-rule modifier; base shares normalized exactly,kr-v0.2.1,RUN-P2-20260824T170416Z
ARC-16-005,DOM-16-SUB-05,0.05170697973948678,0.0940126904354305,0.13631840113137422,30072.47589651444,121504.95311723003,352364.3640399671,1292431.4,"N(P,k)=Σw_i×P(P|x_i)×P(k|P,x_i); implemented as parent exploratory count × normalized conditional soft cluster share",domain soft prevalence with deterministic parent-rule modifier; base shares normalized exactly,kr-v0.2.1,RUN-P2-20260824T170416Z
ARC-16-005,DOM-16-SUB-06,0.15516230385196264,0.2298659064479855,0.3045695090440083,90241.48511757786,297085.9152828389,787270.3939421206,1292431.4,"N(P,k)=Σw_i×P(P|x_i)×P(k|P,x_i); implemented as parent exploratory count × normalized conditional soft cluster share",domain soft prevalence with deterministic parent-rule modifier; base shares normalized exactly,kr-v0.2.1,RUN-P2-20260824T170416Z
ARC-16-006,DOM-17-SUB-01,0.357503185104408,0.44518136846690526,0.5328595518294025,232746.57542114836,644062.2583961486,1541819.8094906013,1446741.2700000003,"N(P,k)=Σw_i×P(P|x_i)×P(k|P,x_i); implemented as parent exploratory count × normalized conditional soft cluster share",domain soft prevalence with deterministic parent-rule modifier; base shares normalized exactly,kr-v0.2.1,RUN-P2-20260824T170416Z
ARC-16-006,DOM-17-SUB-02,0.2213092992058456,0.29829092328158124,0.37527254735731685,144079.78346814378,431549.78917786747,1085844.5635197198,1446741.2700000003,"N(P,k)=Σw_i×P(P|x_i)×P(k|P,x_i); implemented as parent exploratory count × normalized conditional soft cluster share",domain soft prevalence with deterministic parent-rule modifier; base shares normalized exactly,kr-v0.2.1,RUN-P2-20260824T170416Z
ARC-16-006,DOM-17-SUB-03,0.18411913477234496,0.2565277082515134,0.3289362817306818,119867.73789232959,371129.2224259843,951771.3879602489,1446741.2700000003,"N(P,k)=Σw_i×P(P|x_i)×P(k|P,x_i); implemented as parent exploratory count × normalized conditional soft cluster share",domain soft prevalence with deterministic parent-rule modifier; base shares normalized exactly,kr-v0.2.1,RUN-P2-20260824T170416Z
ARC-16-007,DOM-17-SUB-01,0.3397395120513626,0.4230611284012289,0.5063827447510952,235245.20911602722,650976.5412701992,1558371.9023428983,1538729.27,"N(P,k)=Σw_i×P(P|x_i)×P(k|P,x_i); implemented as parent exploratory count × normalized conditional soft cluster share",domain soft prevalence with deterministic parent-rule modifier; base shares normalized exactly,kr-v0.2.1,RUN-P2-20260824T170416Z
ARC-16-007,DOM-17-SUB-02,0.2136835491808919,0.28801258421575543,0.3623416192506189,147960.50923895533,443173.3934611229,1115091.3105602455,1538729.27,"N(P,k)=Σw_i×P(P|x_i)×P(k|P,x_i); implemented as parent exploratory count × normalized conditional soft cluster share",domain soft prevalence with deterministic parent-rule modifier; base shares normalized exactly,kr-v0.2.1,RUN-P2-20260824T170416Z
ARC-16-007,DOM-17-SUB-03,0.20737275676197017,0.2889262873830157,0.37047981800406116,143590.73878360528,444579.3352686779,1140136.2798142438,1538729.27,"N(P,k)=Σw_i×P(P|x_i)×P(k|P,x_i); implemented as parent exploratory count × normalized conditional soft cluster share",domain soft prevalence with deterministic parent-rule modifier; base shares normalized exactly,kr-v0.2.1,RUN-P2-20260824T170416Z
ARC-16-008,DOM-17-SUB-01,0.3305887934978473,0.41166618262775356,0.4927435717576598,129661.49850581377,358802.60495164804,858937.0931140864,871586.3,"N(P,k)=Σw_i×P(P|x_i)×P(k|P,x_i); implemented as parent exploratory count × normalized conditional soft cluster share",domain soft prevalence with deterministic parent-rule modifier; base shares normalized exactly,kr-v0.2.1,RUN-P2-20260824T170416Z
ARC-16-008,DOM-17-SUB-02,0.24015685752001006,0.32369453529115316,0.40723221306229623,94192.84208947174,282127.72234463564,709876.0356475569,871586.3,"N(P,k)=Σw_i×P(P|x_i)×P(k|P,x_i); implemented as parent exploratory count × normalized conditional soft cluster share",domain soft prevalence with deterministic parent-rule modifier; base shares normalized exactly,kr-v0.2.1,RUN-P2-20260824T170416Z
ARC-16-008,DOM-17-SUB-03,0.1899411021743222,0.2646392820810932,0.33933746198786424,74497.52810791775,230655.97270371634,591523.7658907865,871586.3,"N(P,k)=Σw_i×P(P|x_i)×P(k|P,x_i); implemented as parent exploratory count × normalized conditional soft cluster share",domain soft prevalence with deterministic parent-rule modifier; base shares normalized exactly,kr-v0.2.1,RUN-P2-20260824T170416Z
ARC-16-009,DOM-17-SUB-01,0.3596097325879741,0.44780454982737505,0.535999367066776,212831.1700705905,588951.8408798205,1409891.052094435,1315198.4300000002,"N(P,k)=Σw_i×P(P|x_i)×P(k|P,x_i); implemented as parent exploratory count × normalized conditional soft cluster share",domain soft prevalence with deterministic parent-rule modifier; base shares normalized exactly,kr-v0.2.1,RUN-P2-20260824T170416Z
ARC-16-009,DOM-17-SUB-02,0.2226133394683001,0.30004856914318645,0.3774837988180728,131751.32155459438,394623.4070608653,992932.1991119306,1315198.4300000002,"N(P,k)=Σw_i×P(P|x_i)×P(k|P,x_i); implemented as parent exploratory count × normalized conditional soft cluster share",domain soft prevalence with deterministic parent-rule modifier; base shares normalized exactly,kr-v0.2.1,RUN-P2-20260824T170416Z
ARC-16-009,DOM-17-SUB-03,0.18097485798753563,0.25214688102943844,0.32331890407134123,107108.03209260592,331623.1820593143,850457.0300478972,1315198.4300000002,"N(P,k)=Σw_i×P(P|x_i)×P(k|P,x_i); implemented as parent exploratory count × normalized conditional soft cluster share",domain soft prevalence with deterministic parent-rule modifier; base shares normalized exactly,kr-v0.2.1,RUN-P2-20260824T170416Z
ARC-16-010,DOM-17-SUB-01,0.3385343323312741,0.42156037657749096,0.5045864208237079,222008.76717940613,614348.3216222677,1470687.6545805994,1457319.8900000001,"N(P,k)=Σw_i×P(P|x_i)×P(k|P,x_i); implemented as parent exploratory count × normalized conditional soft cluster share",domain soft prevalence with deterministic parent-rule modifier; base shares normalized exactly,kr-v0.2.1,RUN-P2-20260824T170416Z
ARC-16-010,DOM-17-SUB-02,0.22613733860098467,0.3047983783861964,0.38345941817140805,148299.49863669588,444188.73926195013,1117646.0742180408,1457319.8900000001,"N(P,k)=Σw_i×P(P|x_i)×P(k|P,x_i); implemented as parent exploratory count × normalized conditional soft cluster share",domain soft prevalence with deterministic parent-rule modifier; base shares normalized exactly,kr-v0.2.1,RUN-P2-20260824T170416Z
ARC-16-010,DOM-17-SUB-03,0.1964021337793084,0.2736412450363127,0.350880356293317,128799.33119776216,398782.82911578234,1022689.8444730751,1457319.8900000001,"N(P,k)=Σw_i×P(P|x_i)×P(k|P,x_i); implemented as parent exploratory count × normalized conditional soft cluster share",domain soft prevalence with deterministic parent-rule modifier; base shares normalized exactly,kr-v0.2.1,RUN-P2-20260824T170416Z
ARC-17-001,DOM-13-SUB-01,0.3460299672542427,0.4339473040176106,0.5218646407809786,209592.59499721744,584099.3243883548,1404874.6531213417,1346014.41,"N(P,k)=Σw_i×P(P|x_i)×P(k|P,x_i); implemented as parent exploratory count × normalized conditional soft cluster share",domain soft prevalence with deterministic parent-rule modifier; base shares normalized exactly,kr-v0.2.1,RUN-P2-20260824T170416Z
ARC-17-001,DOM-13-SUB-02,0.0889741162261162,0.16177112041112035,0.2345681245961245,53892.19915081525,217746.2591952131,631464.151666118,1346014.41,"N(P,k)=Σw_i×P(P|x_i)×P(k|P,x_i); implemented as parent exploratory count × normalized conditional soft cluster share",domain soft prevalence with deterministic parent-rule modifier; base shares normalized exactly,kr-v0.2.1,RUN-P2-20260824T170416Z
ARC-17-001,DOM-13-SUB-03,0.213847396629681,0.29625336710599237,0.37865933758230375,129528.75483204123,398761.3011356857,1019361.8497336707,1346014.41,"N(P,k)=Σw_i×P(P|x_i)×P(k|P,x_i); implemented as parent exploratory count × normalized conditional soft cluster share",domain soft prevalence with deterministic parent-rule modifier; base shares normalized exactly,kr-v0.2.1,RUN-P2-20260824T170416Z
ARC-17-001,DOM-13-SUB-04,0.05941551465590223,0.10802820846527678,0.15664090227465133,35988.36250698477,145407.52528074628,421681.8233141649,1346014.41,"N(P,k)=Σw_i×P(P|x_i)×P(k|P,x_i); implemented as parent exploratory count × normalized conditional soft cluster share",domain soft prevalence with deterministic parent-rule modifier; base shares normalized exactly,kr-v0.2.1,RUN-P2-20260824T170416Z
ARC-17-002,DOM-13-SUB-01,0.35065289039572944,0.43974479332134725,0.528836696246965,179987.6880960108,501595.4261957468,1206436.4243562727,1140651.2000000002,"N(P,k)=Σw_i×P(P|x_i)×P(k|P,x_i); implemented as parent exploratory count × normalized conditional soft cluster share",domain soft prevalence with deterministic parent-rule modifier; base shares normalized exactly,kr-v0.2.1,RUN-P2-20260824T170416Z
ARC-17-002,DOM-13-SUB-02,0.09387995902850477,0.17069083459728138,0.247501710166058,48187.929564816666,194698.70531239055,564626.2454059325,1140651.2000000002,"N(P,k)=Σw_i×P(P|x_i)×P(k|P,x_i); implemented as parent exploratory count × normalized conditional soft cluster share",domain soft prevalence with deterministic parent-rule modifier; base shares normalized exactly,kr-v0.2.1,RUN-P2-20260824T170416Z
ARC-17-002,DOM-13-SUB-03,0.2122647034144035,0.29406078397656704,0.3758568645387306,108953.99490027758,335420.786115812,857443.1671286811,1140651.2000000002,"N(P,k)=Σw_i×P(P|x_i)×P(k|P,x_i); implemented as parent exploratory count × normalized conditional soft cluster share",domain soft prevalence with deterministic parent-rule modifier; base shares normalized exactly,kr-v0.2.1,RUN-P2-20260824T170416Z
ARC-17-002,DOM-13-SUB-04,0.05252697345764245,0.09550358810480444,0.13848020275196643,26961.72988807261,108936.2823760507,315915.2188905477,1140651.2000000002,"N(P,k)=Σw_i×P(P|x_i)×P(k|P,x_i); implemented as parent exploratory count × normalized conditional soft cluster share",domain soft prevalence with deterministic parent-rule modifier; base shares normalized exactly,kr-v0.2.1,RUN-P2-20260824T170416Z
ARC-17-003,DOM-13-SUB-01,0.31080491062631016,0.3897724642519904,0.4687400178776707,187259.46229690962,521860.6383226641,1255178.2764155027,1338885.34,"N(P,k)=Σw_i×P(P|x_i)×P(k|P,x_i); implemented as parent exploratory count × normalized conditional soft cluster share",domain soft prevalence with deterministic parent-rule modifier; base shares normalized exactly,kr-v0.2.1,RUN-P2-20260824T170416Z
ARC-17-003,DOM-13-SUB-02,0.09480152872946099,0.17236641587174723,0.24993130301403346,57117.76966145887,230778.86731902568,669258.7152251744,1338885.34,"N(P,k)=Σw_i×P(P|x_i)×P(k|P,x_i); implemented as parent exploratory count × normalized conditional soft cluster share",domain soft prevalence with deterministic parent-rule modifier; base shares normalized exactly,kr-v0.2.1,RUN-P2-20260824T170416Z
ARC-17-003,DOM-13-SUB-03,0.24442357839121956,0.33861206280611755,0.4328005472210156,147264.8156362551,453362.7268382701,1158940.615636391,1338885.34,"N(P,k)=Σw_i×P(P|x_i)×P(k|P,x_i); implemented as parent exploratory count × normalized conditional soft cluster share",domain soft prevalence with deterministic parent-rule modifier; base shares normalized exactly,kr-v0.2.1,RUN-P2-20260824T170416Z
ARC-17-003,DOM-13-SUB-04,0.05458698138857964,0.0992490570701448,0.14391113275170994,32888.56911120996,132883.1075200402,385361.01180811663,1338885.34,"N(P,k)=Σw_i×P(P|x_i)×P(k|P,x_i); implemented as parent exploratory count × normalized conditional soft cluster share",domain soft prevalence with deterministic parent-rule modifier; base shares normalized exactly,kr-v0.2.1,RUN-P2-20260824T170416Z
ARC-17-004,DOM-13-SUB-01,0.33683222041992583,0.4224126456946345,0.5079930709693432,127822.77365031058,356220.5798901588,856781.1033370328,843299.99,"N(P,k)=Σw_i×P(P|x_i)×P(k|P,x_i); implemented as parent exploratory count × normalized conditional soft cluster share",domain soft prevalence with deterministic parent-rule modifier; base shares normalized exactly,kr-v0.2.1,RUN-P2-20260824T170416Z
ARC-17-004,DOM-13-SUB-02,0.09784700259950423,0.17790364109000767,0.2579602795805111,37131.469341161355,150026.13875216705,435075.8023812844,843299.99,"N(P,k)=Σw_i×P(P|x_i)×P(k|P,x_i); implemented as parent exploratory count × normalized conditional soft cluster share",domain soft prevalence with deterministic parent-rule modifier; base shares normalized exactly,kr-v0.2.1,RUN-P2-20260824T170416Z
ARC-17-004,DOM-13-SUB-03,0.2171573537044505,0.30083881422310105,0.3845202747417516,82407.95739332533,253697.36902595297,648531.8876890327,843299.99,"N(P,k)=Σw_i×P(P|x_i)×P(k|P,x_i); implemented as parent exploratory count × normalized conditional soft cluster share",domain soft prevalence with deterministic parent-rule modifier; base shares normalized exactly,kr-v0.2.1,RUN-P2-20260824T170416Z
ARC-17-004,DOM-13-SUB-04,0.05436469444574125,0.0988448989922568,0.14332510353877237,20630.585827100997,83355.90233172117,241732.1167619914,843299.99,"N(P,k)=Σw_i×P(P|x_i)×P(k|P,x_i); implemented as parent exploratory count × normalized conditional soft cluster share",domain soft prevalence with deterministic parent-rule modifier; base shares normalized exactly,kr-v0.2.1,RUN-P2-20260824T170416Z
ARC-17-005,DOM-13-SUB-01,0.3555847309686446,0.4459296880500999,0.5362746451315552,238121.27684043298,663603.9642852641,1596099.0711835765,1488135.87,"N(P,k)=Σw_i×P(P|x_i)×P(k|P,x_i); implemented as parent exploratory count × normalized conditional soft cluster share",domain soft prevalence with deterministic parent-rule modifier; base shares normalized exactly,kr-v0.2.1,RUN-P2-20260824T170416Z
ARC-17-005,DOM-13-SUB-02,0.07677535426002637,0.13959155320004793,0.20240775214006948,51413.471372836146,207731.19746600464,602420.4726514134,1488135.87,"N(P,k)=Σw_i×P(P|x_i)×P(k|P,x_i); implemented as parent exploratory count × normalized conditional soft cluster share",domain soft prevalence with deterministic parent-rule modifier; base shares normalized exactly,kr-v0.2.1,RUN-P2-20260824T170416Z
ARC-17-005,DOM-13-SUB-03,0.23125033911848603,0.32036252340677496,0.4094747076950639,154859.36606634746,476742.96248533647,1218708.0007575792,1488135.87,"N(P,k)=Σw_i×P(P|x_i)×P(k|P,x_i); implemented as parent exploratory count × normalized conditional soft cluster share",domain soft prevalence with deterministic parent-rule modifier; base shares normalized exactly,kr-v0.2.1,RUN-P2-20260824T170416Z
ARC-17-005,DOM-13-SUB-04,0.05176392943869249,0.09411623534307725,0.13646854124746202,34664.29207644027,140057.7457633948,406167.4627138456,1488135.87,"N(P,k)=Σw_i×P(P|x_i)×P(k|P,x_i); implemented as parent exploratory count × normalized conditional soft cluster share",domain soft prevalence with deterministic parent-rule modifier; base shares normalized exactly,kr-v0.2.1,RUN-P2-20260824T170416Z
ARC-18-001,DOM-20-SUB-01,0.27497474926491455,0.3400884300703782,0.40520211087584185,403406.71347425174,1108739.832633663,2642040.603982422,3260151.58,"N(P,k)=Σw_i×P(P|x_i)×P(k|P,x_i); implemented as parent exploratory count × normalized conditional soft cluster share",domain soft prevalence with deterministic parent-rule modifier; base shares normalized exactly,kr-v0.2.1,RUN-P2-20260824T170416Z
ARC-18-001,DOM-20-SUB-02,0.39907442786406094,0.458478738913782,0.517883049963503,585469.4069423764,1494710.1850661738,3376754.4871874666,3260151.58,"N(P,k)=Σw_i×P(P|x_i)×P(k|P,x_i); implemented as parent exploratory count × normalized conditional soft cluster share",domain soft prevalence with deterministic parent-rule modifier; base shares normalized exactly,kr-v0.2.1,RUN-P2-20260824T170416Z
ARC-18-001,DOM-20-SUB-03,0.139114789590472,0.20143283101583984,0.26375087244120765,204090.88548813516,656701.5623001632,1719735.647031163,3260151.58,"N(P,k)=Σw_i×P(P|x_i)×P(k|P,x_i); implemented as parent exploratory count × normalized conditional soft cluster share",domain soft prevalence with deterministic parent-rule modifier; base shares normalized exactly,kr-v0.2.1,RUN-P2-20260824T170416Z
ARC-18-002,DOM-20-SUB-01,0.24739340493100992,0.3059758574838996,0.3645583100367893,318706.9788525287,875947.5501755305,2087314.739135328,2862799.56,"N(P,k)=Σw_i×P(P|x_i)×P(k|P,x_i); implemented as parent exploratory count × normalized conditional soft cluster share",domain soft prevalence with deterministic parent-rule modifier; base shares normalized exactly,kr-v0.2.1,RUN-P2-20260824T170416Z
ARC-18-002,DOM-20-SUB-02,0.43897763435920784,0.5043217459198411,0.5696658574804744,565517.2403220215,1443772.072317753,3261678.3322842494,2862799.56,"N(P,k)=Σw_i×P(P|x_i)×P(k|P,x_i); implemented as parent exploratory count × normalized conditional soft cluster share",domain soft prevalence with deterministic parent-rule modifier; base shares normalized exactly,kr-v0.2.1,RUN-P2-20260824T170416Z
ARC-18-002,DOM-20-SUB-03,0.13101344430403034,0.18970239659625932,0.2483913488884883,168779.35381844817,543079.9375067167,1422189.2886115415,2862799.56,"N(P,k)=Σw_i×P(P|x_i)×P(k|P,x_i); implemented as parent exploratory count × normalized conditional soft cluster share",domain soft prevalence with deterministic parent-rule modifier; base shares normalized exactly,kr-v0.2.1,RUN-P2-20260824T170416Z
ARC-18-003,DOM-20-SUB-01,0.2710327127073066,0.3352129241275931,0.3993931355478797,403310.13084336376,1108474.3809036114,2641408.0531994966,3306776.98,"N(P,k)=Σw_i×P(P|x_i)×P(k|P,x_i); implemented as parent exploratory count × normalized conditional soft cluster share",domain soft prevalence with deterministic parent-rule modifier; base shares normalized exactly,kr-v0.2.1,RUN-P2-20260824T170416Z
ARC-18-003,DOM-20-SUB-02,0.41517835026709043,0.4769798142004736,0.5387812781338567,617805.9950659162,1577265.8695228032,3563259.0555760292,3306776.98,"N(P,k)=Σw_i×P(P|x_i)×P(k|P,x_i); implemented as parent exploratory count × normalized conditional soft cluster share",domain soft prevalence with deterministic parent-rule modifier; base shares normalized exactly,kr-v0.2.1,RUN-P2-20260824T170416Z
ARC-18-003,DOM-20-SUB-03,0.12970461448262727,0.18780726167193326,0.24590990886123926,193006.90501691692,621036.7295735852,1626338.451552488,3306776.98,"N(P,k)=Σw_i×P(P|x_i)×P(k|P,x_i); implemented as parent exploratory count × normalized conditional soft cluster share",domain soft prevalence with deterministic parent-rule modifier; base shares normalized exactly,kr-v0.2.1,RUN-P2-20260824T170416Z
ARC-18-004,DOM-20-SUB-01,0.2626325569732432,0.32482362189681985,0.38701468682039647,220048.90395354762,604791.5832621603,1441171.2043662074,1861907.6400000004,"N(P,k)=Σw_i×P(P|x_i)×P(k|P,x_i); implemented as parent exploratory count × normalized conditional soft cluster share",domain soft prevalence with deterministic parent-rule modifier; base shares normalized exactly,kr-v0.2.1,RUN-P2-20260824T170416Z
ARC-18-004,DOM-20-SUB-02,0.42028144601627937,0.4828425323810567,0.545403618745834,352136.35587958124,899008.199957237,2030982.3292530314,1861907.6400000004,"N(P,k)=Σw_i×P(P|x_i)×P(k|P,x_i); implemented as parent exploratory count × normalized conditional soft cluster share",domain soft prevalence with deterministic parent-rule modifier; base shares normalized exactly,kr-v0.2.1,RUN-P2-20260824T170416Z
ARC-18-004,DOM-20-SUB-03,0.13283079200061226,0.19233384572212342,0.2518368994436346,111293.39990393592,358107.856780603,937794.0942160301,1861907.6400000004,"N(P,k)=Σw_i×P(P|x_i)×P(k|P,x_i); implemented as parent exploratory count × normalized conditional soft cluster share",domain soft prevalence with deterministic parent-rule modifier; base shares normalized exactly,kr-v0.2.1,RUN-P2-20260824T170416Z
ARC-18-005,DOM-20-SUB-01,0.25120315650518854,0.31068775352266026,0.37017235054013203,215216.22562970026,591509.248643064,1409520.436218033,1903870.5000000002,"N(P,k)=Σw_i×P(P|x_i)×P(k|P,x_i); implemented as parent exploratory count × normalized conditional soft cluster share",domain soft prevalence with deterministic parent-rule modifier; base shares normalized exactly,kr-v0.2.1,RUN-P2-20260824T170416Z
ARC-18-005,DOM-20-SUB-02,0.41965404233588155,0.48212173638889494,0.5445894304419083,359535.1281340663,917897.3513195937,2073655.5024603028,1903870.5000000002,"N(P,k)=Σw_i×P(P|x_i)×P(k|P,x_i); implemented as parent exploratory count × normalized conditional soft cluster share",domain soft prevalence with deterministic parent-rule modifier; base shares normalized exactly,kr-v0.2.1,RUN-P2-20260824T170416Z
ARC-18-005,DOM-20-SUB-03,0.14309119357921365,0.20719051008844483,0.27128982659767603,122592.19601936446,394463.90003734233,1033001.3956188617,1903870.5000000002,"N(P,k)=Σw_i×P(P|x_i)×P(k|P,x_i); implemented as parent exploratory count × normalized conditional soft cluster share",domain soft prevalence with deterministic parent-rule modifier; base shares normalized exactly,kr-v0.2.1,RUN-P2-20260824T170416Z
